Picture Count,Run Number,Stock #,Year,Make,Model,Style,Color,Odometer,CR,Grade,Sale Date,Lane,Price
33,G-015,564433,2024,Acura,Integra,W/A-SPEC PAC,WHITE,16377,Yes,4.7,2026-08-28,G,27600.0
37,D-106,563992,2020,Acura,MDX,7-PASSENGER,GRAY,93110,Yes,4.3,2026-08-28,D,15500.0
22,B-161,565078,2008,Acura,MDX,4WD 4DR,BURGUNDY,229439,No,"",2026-08-28,B,1000.0
35,O-001,563150,2025,Acura,RDX,SH-,WHITE,32004,Yes,4.4,2026-08-28,O,34800.0
35,D-204,559214,2021,Acura,RDX,W/A-SPEC PACKAGE,WHITE,71326,Yes,4.5,2026-08-28,D,21400.0
41,A-082,564060,2012,Acura,TL,ADVANCE AUTO,BLACK,162960,Yes,2.9,2026-08-28,A,5000.0
9,X-075,562511,2010,Acura,TL,Tech,BLACK,197322,No,"",2026-08-28,X,700.0
23,B-173,564668,2008,Acura,TL,4DR SDN AUTO,BLUE,81545,No,"",2026-08-28,B,5800.0
9,X-079,563771,2008,Acura,TSX,4DR SDN AUTO,BLACK,302746,No,"",2026-08-28,X,700.0
40,C-092,564016,2018,Alfa Romeo,Giulia,TI LUSSO,WHITE,40764,Yes,4.1,2026-08-28,C,12800.0
38,C-264,565005,2019,Alfa Romeo,Stelvio,"",WHITE,57128,Yes,3.2,2026-08-28,C,11500.0
43,A-075,562913,2018,Audi,A4,Premium Plus,GRAY,205690,Yes,4.0,2026-08-28,A,4100.0
35,A-245,563007,2017,Audi,A4,Premium,WHITE,72575,Yes,4.1,2026-08-28,A,11400.0
51,D-077,563148,2015,Audi,A4,Premium,SILVER,105258,Yes,3.0,2026-08-28,D,2200.0
33,A-250,564181,2024,Audi,Q5,PREMIUM PLUS,WHITE,21962,Yes,4.6,2026-08-28,A,28100.0
0,M-011,564949,2023,Audi,Q5,PREMIUM PLUS,BLACK,37284,No,"",2026-08-28,M,23500.0
34,A-251,564194,2020,Audi,Q5,Premium Plus,WHITE,73164,Yes,4.6,2026-08-28,A,14400.0
35,A-288,563111,2018,Audi,Q5,Premium Plus,GRAY,92586,Yes,4.5,2026-08-28,A,11200.0
22,E-177,564218,2016,Audi,Q5,Premium Plus,GRAY,121585,No,"",2026-08-28,E,5100.0
8,X-105,565111,2015,Audi,Q5,Premium,BLUE,194722,No,"",2026-08-28,X,650.0
22,B-098,563937,2015,Audi,Q5,Premium Plus,SILVER,88696,No,"",2026-08-28,B,8600.0
38,A-249,564189,2013,Audi,Q5,"",BROWN,160679,Yes,4.1,2026-08-28,A,4000.0
33,F-248,564941,2025,Audi,Q8,PREMIUM,BLUE,7270,Yes,4.9,2026-08-28,F,57000.0
36,A-165,564624,2018,BMW,3-Series,320i,WHITE,83810,Yes,3.8,2026-08-28,A,8000.0
20,D-069,561651,2018,BMW,3-Series,330i,WHITE,74718,No,"",2026-08-28,D,9200.0
36,X-009,560681,2013,BMW,3-Series,328i,WHITE,119050,Yes,0.5,2026-08-28,X,650.0
23,C-024,563662,2013,BMW,3-Series,328i,BLACK,116548,No,"",2026-08-28,C,3100.0
22,B-156,564609,2012,BMW,3-Series,335i,WHITE,143478,No,"",2026-08-28,B,3200.0
44,D-209,563552,2011,BMW,3-Series,328I XDRIVE,BLACK,150748,Yes,3.0,2026-08-28,D,1400.0
41,B-022,564357,2019,BMW,4-Series,430I XDRIVE,GRAY,84798,Yes,3.8,2026-08-28,B,14000.0
40,F-261,564943,2018,BMW,4-Series,430I,BLUE,63226,Yes,3.7,2026-08-28,F,13800.0
36,F-128,564315,2018,BMW,4-Series,430I,WHITE,91714,Yes,4.4,2026-08-28,F,11600.0
42,A-069,564176,2016,BMW,4-Series,435i,BLACK,94463,Yes,3.0,2026-08-28,A,10600.0
38,A-050,563673,2021,BMW,5-Series,530i,WHITE,67688,Yes,4.4,2026-08-28,A,19200.0
38,C-248,564836,2021,BMW,5-Series,530i,SILVER,126177,Yes,3.9,2026-08-28,C,11600.0
42,F-149,564254,2016,BMW,5-Series,535i,GRAY,193399,Yes,3.2,2026-08-28,F,2600.0
45,A-111,564318,2011,BMW,5-Series,535i,BLACK,172471,Yes,3.0,2026-08-28,A,1800.0
29,A-079,564246,2024,BMW,7-Series,760i xDrive,WHITE,17901,Yes,4.7,2026-08-28,A,70500.0
34,D-202,556674,2021,BMW,7-Series,750I XDRIVE,WHITE,74158,Yes,4.6,2026-08-28,D,28000.0
22,B-123,563954,2013,BMW,7-Series,740i,SILVER,119821,No,"",2026-08-28,B,5400.0
33,A-179,564935,2024,BMW,iX,xDrive50,WHITE,51739,Yes,5.0,2026-08-28,A,38400.0
29,A-045,563691,2024,BMW,iX,xDrive50,BLACK,31829,Yes,4.8,2026-08-28,A,39000.0
44,A-175,555475,2023,BMW,X1,XDrive28i,BLACK,33200,Yes,3.0,2026-08-28,A,20500.0
38,A-067,564195,2021,BMW,X1,sDrive28i,GRAY,73349,Yes,4.3,2026-08-28,A,14400.0
34,A-278,563785,2017,BMW,X1,sDrive28i,WHITE,101773,Yes,4.2,2026-08-28,A,7000.0
22,B-171,564872,2016,BMW,X1,XDrive28i,WHITE,49081,No,"",2026-08-28,B,10200.0
35,D-230,561716,2025,BMW,X3,M50 xDrive,GRAY,17515,Yes,4.3,2026-08-28,D,45250.0
32,Q-002,563124,2023,BMW,X3,sDrive30i,BLUE,38109,Yes,4.4,2026-08-28,Q,26000.0
30,A-146,564713,2023,BMW,X3,sDrive30i,BLUE,53209,Yes,4.8,2026-08-28,A,22200.0
35,A-149,564720,2021,BMW,X3,sDrive30i,BLACK,70129,Yes,4.5,2026-08-28,A,16200.0
41,A-088,564196,2021,BMW,X3,sDrive30i,BLUE,96985,Yes,3.8,2026-08-28,A,13600.0
37,A-158,564706,2021,BMW,X3,sDrive30i,WHITE,62634,Yes,3.7,2026-08-28,A,16000.0
43,A-141,564747,2020,BMW,X3,M40i,WHITE,111067,Yes,4.1,2026-08-28,A,21000.0
22,B-096,551863,2019,BMW,X3,sDrive30i,WHITE,86748,No,"",2026-08-28,B,12000.0
36,A-180,564937,2018,BMW,X3,XDrive30i,BLACK,68289,Yes,3.5,2026-08-28,A,12800.0
22,B-085,564928,2010,BMW,X3,XDrive30i,BLACK,167535,No,"",2026-08-28,B,700.0
21,F-019,564751,2009,BMW,X3,XDrive30i,BLACK,201657,No,"",2026-08-28,F,700.0
29,A-039,564257,2025,BMW,X4,XDrive30i,BLACK,21293,Yes,4.8,2026-08-28,A,41200.0
38,A-143,564660,2021,BMW,X4,M40i,BLACK,138288,Yes,3.5,2026-08-28,A,20600.0
33,G-020,560755,2025,BMW,X5,XDrive40i,WHITE,14205,Yes,4.9,2026-08-28,G,53000.0
22,E-207,563689,2019,BMW,X5,XDrive40i,WHITE,142012,No,"",2026-08-28,E,12400.0
41,A-064,563696,2019,BMW,X5,XDrive50i,BLUE,52981,Yes,4.5,2026-08-28,A,19600.0
42,A-132,564657,2016,BMW,X5,XDrive50i,WHITE,84919,Yes,3.0,2026-08-28,A,10200.0
34,A-115,563692,2025,BMW,X6,XDrive40i,GREEN,61078,Yes,3.9,2026-08-28,A,40000.0
37,A-042,560783,2022,BMW,X6,XDrive40i,BLACK,29505,Yes,4.2,2026-08-28,A,46000.0
38,A-145,72504,2020,BMW,X6,sDrive40i,BLACK,72504,Yes,4.1,2026-08-28,A,31800.0
41,A-071,560571,2022,BMW,X7,M50i,BLACK,69752,Yes,3.1,2026-08-28,A,32200.0
35,A-169,564648,2022,BMW,X7,M50i,WHITE,83611,Yes,4.6,2026-08-28,A,30000.0
37,E-106,565036,2005,BMW,Z4,3.0I,BLUE,144333,Yes,3.5,2026-08-28,E,3900.0
41,A-056,563513,2025,Buick,Enclave,Preferred,BLACK,24997,Yes,3.0,2026-08-28,A,28200.0
32,D-071,562091,2020,Buick,Enclave,Premium,TAN,49784,Yes,3.4,2026-08-28,D,19800.0
37,D-030,562097,2017,Buick,Enclave,Leather,GRAY,145041,Yes,4.2,2026-08-28,D,2800.0
41,D-219,563546,2013,Buick,Enclave,Leather,WHITE,144715,Yes,3.6,2026-08-28,D,3400.0
22,F-138,565184,2008,Buick,Enclave,CXL,BROWN,1,No,"",2026-08-28,F,1100.0
35,E-284,562797,2019,Buick,Encore,Preferred,SILVER,87571,Yes,4.2,2026-08-28,E,6800.0
41,E-288,562790,2019,Buick,Encore,Preferred,BLUE,101463,Yes,3.5,2026-08-28,E,5500.0
22,C-176,564781,2018,Buick,Encore,Preferred,BLUE,90910,No,"",2026-08-28,C,7400.0
22,D-017,564620,2017,Buick,Encore,Preferred,GRAY,194417,No,"",2026-08-28,D,2400.0
22,E-175,564182,2016,Buick,Encore,4DR,BROWN,122808,No,"",2026-08-28,E,2800.0
23,B-086,564931,2015,Buick,Encore,4DR,BLACK,118290,No,"",2026-08-28,B,3800.0
21,B-150,564545,2015,Buick,Encore,Convenience,RED,65688,No,"",2026-08-28,B,4700.0
34,D-055,562994,2023,Buick,Envision,Essence,GRAY,30143,Yes,4.5,2026-08-28,D,23600.0
22,F-181,561620,2017,Buick,LaCrosse,Preferred,WHITE,161046,No,"",2026-08-28,F,3200.0
41,D-002,564607,2006,Buick,LaCrosse,CX,TAN,142224,Yes,3.0,2026-08-28,D,700.0
22,E-224,564806,2006,Buick,LaCrosse,CXL,TAN,83128,No,"",2026-08-28,E,1000.0
23,E-295,564143,2004,Buick,LeSabre,Custom,WHITE,70416,No,"",2026-08-28,E,2400.0
23,B-034,563966,2008,Buick,Lucerne,CXL,BLACK,123642,No,"",2026-08-28,B,2500.0
39,D-097,563803,2016,Buick,Verano,Sport Touring,WHITE,131096,Yes,3.6,2026-08-28,D,3100.0
48,D-200,560111,2014,Buick,Verano,LEATHER GROUP,GRAY,155164,Yes,3.0,2026-08-28,D,650.0
21,F-001,564587,2017,Cadillac,ATS,SEDAN LUXURY,RED,70161,No,"",2026-08-28,F,11200.0
19,D-189,564241,2013,Cadillac,ATS,LUXURY,RED,77534,No,"",2026-08-28,D,3600.0
43,B-016,564040,2024,Cadillac,CT4,Premium Luxury,WHITE,35358,Yes,3.5,2026-08-28,B,28200.0
39,D-085,563759,2020,Cadillac,CT5,Sport,WHITE,150049,Yes,3.7,2026-08-28,D,11900.0
39,D-167,564800,2018,Cadillac,CT6,Platinum,RED,59669,Yes,3.5,2026-08-28,D,26600.0
53,D-211,563554,2006,Cadillac,DTS,W/1SB,BROWN,91142,Yes,3.0,2026-08-28,D,800.0
45,P-014,561641,2020,Cadillac,Escalade,PREMIUM LUX,BLACK,105163,Yes,2.0,2026-08-28,P,15500.0
35,A-090,564972,2019,Cadillac,Escalade, 4DR,BLACK,113938,Yes,4.6,2026-08-28,A,17800.0
46,D-060,556408,2018,Cadillac,Escalade,ESV Luxury,BLACK,117326,Yes,2.7,2026-08-28,D,10800.0
22,C-036,563799,2015,Cadillac,Escalade,ESV Luxury,BLACK,322138,No,"",2026-08-28,C,5400.0
15,A-152,564701,2015,Cadillac,Escalade,Premium,WHITE,260504,No,"",2026-08-28,A,3500.0
7,B-082,564932,2015,Cadillac,SRX,LUXURY COLLECTIO,RED,156198,No,"",2026-08-28,B,1000.0
23,D-201,554239,2011,Cadillac,SRX,LUXURY COLLECTIO,BROWN,141792,No,"",2026-08-28,D,650.0
35,A-120,564520,2023,Cadillac,XT4,Sport,WHITE,37911,Yes,3.9,2026-08-28,A,24000.0
22,E-121,561738,2020,Cadillac,XT4,Luxury,BLACK,76773,No,"",2026-08-28,E,11000.0
43,D-221,563541,2018,Cadillac,XT5,Luxury,GRAY,107300,Yes,3.0,2026-08-28,D,6800.0
34,B-014,563268,2020,Cadillac,XT6,PREMIUM LUXU,WHITE,79044,Yes,4.2,2026-08-28,B,17000.0
22,D-254,563675,1999,Chevrolet,Astro Vans,"",GOLD,256702,No,"",2026-08-28,D,600.0
0,A-293,565294,1999,Chevrolet,Astro Vans,"",GOLD,256702,No,"",2026-08-28,A,650.0
47,E-108,565032,2021,Chevrolet,Blazer,Premier,BLACK,174807,Yes,3.0,2026-08-28,E,9400.0
38,P-004,563379,2023,Chevrolet,Camaro,1LT,BLACK,49382,Yes,3.6,2026-08-28,P,19000.0
22,C-202,564204,2010,Chevrolet,Cobalt,LT W/1LT,RED,146465,No,"",2026-08-28,C,1900.0
33,E-226,565104,2025,Chevrolet,Colorado,TRAIL B,WHITE,20300,Yes,5.0,2026-08-28,E,35200.0
35,D-100,563810,2024,Chevrolet,Colorado,ZR2,BLACK,66798,Yes,4.3,2026-08-28,D,32200.0
23,B-058,564884,2020,Chevrolet,Colorado, LT,BLACK,78552,No,"",2026-08-28,B,14200.0
35,P-009,559556,2018,Chevrolet,Colorado, WORK TR,SILVER,229788,Yes,1.9,2026-08-28,P,3400.0
43,D-174,564824,2017,Chevrolet,Colorado, Z71,BLACK,177564,Yes,3.0,2026-08-28,D,8800.0
21,E-230,564025,2017,Chevrolet,Colorado,Z71,BLACK,166770,No,"",2026-08-28,E,9200.0
22,B-242,562515,2016,Chevrolet,Colorado, LT,BLACK,157433,No,"",2026-08-28,B,4800.0
21,A-119,564517,2023,Chevrolet,Corvette,2LT,BLUE,5047,Yes,"",2026-08-28,A,66500.0
34,G-032,564808,2023,Chevrolet,Corvette,3LT,WHITE,36516,Yes,4.7,2026-08-28,G,64750.0
40,C-110,563870,2009,Chevrolet,Corvette,W/2LT,SILVER,91366,Yes,3.5,2026-08-28,C,17600.0
21,E-083,564412,2004,Chevrolet,Corvette,2DR CPE,YELLOW,77128,No,"",2026-08-28,E,14400.0
7,X-065,563619,2016,Chevrolet,Cruze,LT,GRAY,130207,No,"",2026-08-28,X,650.0
22,F-172,563877,2014,Chevrolet,Cruze,LT,SILVER,145208,No,"",2026-08-28,F,1400.0
22,C-182,563883,2013,Chevrolet,Cruze,LS,BLACK,179918,No,"",2026-08-28,C,700.0
22,E-223,564769,2012,Chevrolet,Cruze,Eco,SILVER,305218,No,"",2026-08-28,E,600.0
0,A-241,565265,2012,Chevrolet,Cruze,Eco,SILVER,305218,No,"",2026-08-28,A,650.0
41,E-238,565026,2022,Chevrolet,Equinox,LS,WHITE,58882,Yes,4.0,2026-08-28,E,12000.0
22,F-079,564100,2022,Chevrolet,Equinox,LT,GRAY,117689,No,"",2026-08-28,F,8200.0
42,X-036,562059,2021,Chevrolet,Equinox,LS,WHITE,122033,Yes,1.0,2026-08-28,X,1000.0
22,B-247,564008,2021,Chevrolet,Equinox,LS,BLACK,94985,No,"",2026-08-28,B,8500.0
22,E-221,564766,2018,Chevrolet,Equinox,LT,BLACK,160516,No,"",2026-08-28,E,3500.0
39,D-078,563396,2018,Chevrolet,Equinox,LT,BROWN,106508,Yes,3.4,2026-08-28,D,6600.0
37,C-161,564876,2018,Chevrolet,Equinox,LT,WHITE,101017,Yes,3.7,2026-08-28,C,7500.0
43,D-033,563722,2017,Chevrolet,Equinox,LT,SILVER,196433,Yes,3.0,2026-08-28,D,1400.0
23,E-239,565024,2016,Chevrolet,Equinox,LS,BLACK,106144,No,"",2026-08-28,E,4000.0
22,C-079,564501,2015,Chevrolet,Equinox,LT,BLACK,124690,No,"",2026-08-28,C,3800.0
23,B-167,564842,2013,Chevrolet,Equinox,LS,GRAY,161731,No,"",2026-08-28,B,1100.0
20,F-028,564963,2007,Chevrolet,G1500 Vans,"",WHITE,118118,No,"",2026-08-28,F,900.0
20,F-160,565149,2013,Chevrolet,G2500 Vans,"",WHITE,214489,No,"",2026-08-28,F,1500.0
22,F-042,565097,2013,Chevrolet,G3500 Vans,"",WHITE,127124,No,"",2026-08-28,F,3000.0
41,C-243,564481,2019,Chevrolet,Impala,LT,BLACK,94707,Yes,3.0,2026-08-28,C,10000.0
21,C-090,563990,2017,Chevrolet,Impala,LT,SILVER,157829,No,"",2026-08-28,C,2600.0
50,E-149,564486,2013,Chevrolet,Impala,LS,WHITE,83147,Yes,3.0,2026-08-28,E,3100.0
21,B-131,564172,2007,Chevrolet,Impala,LS,BLUE,125109,No,"",2026-08-28,B,600.0
0,A-195,565261,2007,Chevrolet,Impala,LS,BLUE,125109,No,"",2026-08-28,A,650.0
44,B-008,564580,2014,Chevrolet,Impala Limited,LT,BLACK,135107,Yes,2.5,2026-08-28,B,1700.0
23,M-003,563527,2025,Chevrolet,Malibu,LT,WHITE,27026,No,"",2026-08-28,M,16100.0
36,A-016,562060,2024,Chevrolet,Malibu,LT,BLUE,53659,Yes,3.0,2026-08-28,A,14200.0
22,B-100,563682,2022,Chevrolet,Malibu,LS,BLACK,87420,No,"",2026-08-28,B,10200.0
39,E-032,562821,2021,Chevrolet,Malibu,LT,BLACK,122624,Yes,3.9,2026-08-28,E,7300.0
37,X-028,560537,2020,Chevrolet,Malibu,LT,GRAY,92684,Yes,2.1,2026-08-28,X,5500.0
41,X-011,562058,2020,Chevrolet,Malibu,RS,BLACK,110386,Yes,0.5,2026-08-28,X,2100.0
23,E-004,564901,2017,Chevrolet,Malibu,LT,RED,223015,No,"",2026-08-28,E,2000.0
36,A-003,562904,2016,Chevrolet,Malibu,LS,BLUE,113020,Yes,4.4,2026-08-28,A,5200.0
22,D-016,564631,2016,Chevrolet,Malibu,LT,WHITE,155595,No,"",2026-08-28,D,3900.0
22,B-241,562972,2015,Chevrolet,Malibu,LS,GOLD,276695,No,"",2026-08-28,B,1100.0
22,F-094,563652,2015,Chevrolet,Malibu,LT,BLUE,179226,No,"",2026-08-28,F,1300.0
0,O-002,565167,2014,Chevrolet,Malibu,LT,GOLD,172151,No,"",2026-08-28,O,3500.0
22,D-093,563795,2009,Chevrolet,Malibu,LS W/1LS,GRAY,157925,No,"",2026-08-28,D,1700.0
0,A-294,565296,1989,Chevrolet,S10,"",BLUE,113156,No,"",2026-08-28,A,650.0
21,D-287,564944,1989,Chevrolet,S10,FLEETSIDE/WIDES,BLUE,113156,No,"",2026-08-28,D,600.0
29,A-123,564588,2025,Chevrolet,Silverado 1500,RST,GRAY,15614,Yes,4.8,2026-08-28,A,49000.0
38,C-241,564436,2024,Chevrolet,Silverado 1500,WORK,WHITE,154203,Yes,3.1,2026-08-28,C,8300.0
32,A-222,563972,2023,Chevrolet,Silverado 1500,CUSTO,GRAY,23892,Yes,4.3,2026-08-28,A,26600.0
45,D-091,563794,2022,Chevrolet,Silverado 1500,CUSTO,GRAY,70668,Yes,3.0,2026-08-28,D,19500.0
39,D-197,545036,2022,Chevrolet,Silverado 1500,LT,WHITE,108168,Yes,2.4,2026-08-28,D,20600.0
40,A-199,565210,2022,Chevrolet,Silverado 1500,RST,BLUE,88670,Yes,3.1,2026-08-28,A,27200.0
37,D-029,564041,2021,Chevrolet,Silverado 1500,CUSTO,SILVER,123394,Yes,3.0,2026-08-28,D,13200.0
45,C-099,564369,2020,Chevrolet,Silverado 1500,CUSTO,SILVER,113735,Yes,3.0,2026-08-28,C,17200.0
34,C-086,564507,2020,Chevrolet,Silverado 1500,CUSTO,SILVER,110278,Yes,3.8,2026-08-28,C,17600.0
22,E-190,562522,2020,Chevrolet,Silverado 1500,CUSTO,GRAY,120633,No,"",2026-08-28,E,14200.0
38,E-258,562805,2020,Chevrolet,Silverado 1500,LT,BLUE,89676,Yes,4.0,2026-08-28,E,20500.0
21,F-276,564010,2019,Chevrolet,Silverado 1500,LTZ,BLUE,110447,No,"",2026-08-28,F,19400.0
22,E-252,563907,2018,Chevrolet,Silverado 1500,LT,BLUE,164280,No,"",2026-08-28,E,11500.0
39,F-113,564314,2018,Chevrolet,Silverado 1500,LTZ,WHITE,98725,Yes,3.0,2026-08-28,F,22000.0
22,F-020,562898,2018,Chevrolet,Silverado 1500,LTZ,SILVER,131145,No,"",2026-08-28,F,14600.0
45,A-002,564161,2017,Chevrolet,Silverado 1500,CUSTO,BLACK,122911,Yes,3.8,2026-08-28,A,9100.0
36,E-300,562422,2017,Chevrolet,Silverado 1500,LT,BLACK,119262,Yes,4.4,2026-08-28,E,16800.0
16,C-178,563080,2017,Chevrolet,Silverado 1500,LT,RED,118061,No,"",2026-08-28,C,10800.0
21,D-242,564094,2017,Chevrolet,Silverado 1500,LTZ,BLACK,201316,No,"",2026-08-28,D,11200.0
41,A-013,557293,2015,Chevrolet,Silverado 1500,LT,WHITE,101401,Yes,3.9,2026-08-28,A,10800.0
0,E-296,563113,2015,Chevrolet,Silverado 1500,LT,BLACK,155546,No,"",2026-08-28,E,8400.0
23,E-228,565042,2015,Chevrolet,Silverado 1500,LT,SILVER,179451,No,"",2026-08-28,E,8000.0
22,E-253,565034,2015,Chevrolet,Silverado 1500,LT,WHITE,189638,No,"",2026-08-28,E,9200.0
46,X-035,557086,2014,Chevrolet,Silverado 1500,LT,SILVER,291129,Yes,1.0,2026-08-28,X,1900.0
23,E-247,562347,2009,Chevrolet,Silverado 1500,LT,BLUE,140975,No,"",2026-08-28,E,1400.0
22,C-055,564817,2008,Chevrolet,Silverado 1500,LT W/,BROWN,190142,No,"",2026-08-28,C,1600.0
22,A-213,564630,2006,Chevrolet,Silverado 1500,LS,BLUE,144733,No,"",2026-08-28,A,3000.0
56,A-202,565212,2001,Chevrolet,Silverado 1500,LS,RED,230400,Yes,3.0,2026-08-28,A,2000.0
32,B-013,564353,2024,Chevrolet,Silverado 2500,2500HD LTZ,WHITE,80271,Yes,5.0,2026-08-28,B,47800.0
40,A-221,564622,2018,Chevrolet,Silverado 2500,2500HD LT,GRAY,175532,Yes,3.2,2026-08-28,A,17800.0
22,D-310,563616,2017,Chevrolet,Silverado 2500,2500HD LTZ,SILVER,271314,No,"",2026-08-28,D,14200.0
21,B-230,564813,2016,Chevrolet,Silverado 2500,2500HD LT,BLACK,188241,No,"",2026-08-28,B,19000.0
38,F-178,561624,2014,Chevrolet,Silverado 2500,2500HD LT,BLUE,120901,Yes,3.0,2026-08-28,F,10200.0
40,C-098,562614,2019,Chevrolet,SILVERADO 3500HD CC,"",WHITE,103978,Yes,3.0,2026-08-28,C,20100.0
10,X-092,557396,2018,Chevrolet,Sonic,LT,RED,127141,No,"",2026-08-28,X,650.0
22,C-225,564764,2020,Chevrolet,Spark,LT,WHITE,150866,No,"",2026-08-28,C,1500.0
43,E-139,563708,2014,Chevrolet,Spark,LT,SILVER,107824,Yes,3.0,2026-08-28,E,1900.0
52,C-067,563056,2017,Chevrolet,Suburban,PREMIER,BLACK,145689,Yes,3.0,2026-08-28,C,12000.0
22,E-215,564771,2016,Chevrolet,Suburban,LT,RED,176198,No,"",2026-08-28,E,9000.0
22,E-305,558847,2015,Chevrolet,Suburban,LT,GOLD,109250,No,"",2026-08-28,E,8000.0
41,D-102,563532,2015,Chevrolet,Suburban,LTZ,WHITE,192419,Yes,3.9,2026-08-28,D,6800.0
22,E-227,565107,2022,Chevrolet,Tahoe,Z71,WHITE,101726,No,"",2026-08-28,E,37400.0
38,F-202,563874,2020,Chevrolet,Tahoe,LS,BLACK,100786,Yes,4.5,2026-08-28,F,16800.0
21,F-110,564333,2018,Chevrolet,Tahoe,LT,WHITE,107383,No,"",2026-08-28,F,15000.0
22,B-246,563991,2017,Chevrolet,Tahoe,LT,RED,99107,No,"",2026-08-28,B,15200.0
43,A-081,563773,2017,Chevrolet,Tahoe,LT,SILVER,123286,Yes,2.9,2026-08-28,A,13600.0
45,E-054,562651,2017,Chevrolet,Tahoe,Premier,BLACK,130107,Yes,3.0,2026-08-28,E,10000.0
40,A-284,563526,2016,Chevrolet,Tahoe,LT,WHITE,165808,Yes,4.0,2026-08-28,A,6200.0
22,E-003,564912,2003,Chevrolet,Tahoe,LT,BLACK,1,No,"",2026-08-28,E,900.0
9,X-076,563289,2021,Chevrolet,Trailblazer,ACTIV,BROWN,162136,No,"",2026-08-28,X,2400.0
38,M-007,559956,2025,Chevrolet,Traverse,LT,BLACK,42517,Yes,3.4,2026-08-28,M,30000.0
22,F-088,564097,2021,Chevrolet,Traverse,LT CLOTH,GRAY,100124,No,"",2026-08-28,F,11000.0
38,D-034,563677,2019,Chevrolet,Traverse,LT LEATHER,BLACK,133903,Yes,4.3,2026-08-28,D,9800.0
22,D-240,564110,2019,Chevrolet,Traverse,Premier,RED,30895,No,"",2026-08-28,D,8200.0
32,X-006,562922,2013,Chevrolet,Traverse,LT,RED,178626,Yes,0.5,2026-08-28,X,650.0
37,E-245,562340,2021,Chevrolet,Trax,LT,BLUE,67523,Yes,4.1,2026-08-28,E,7000.0
22,B-068,565082,2018,Chevrolet,Trax,LT,GRAY,101481,No,"",2026-08-28,B,4000.0
36,E-242,562743,2018,Chevrolet,Trax,LT,BLUE,29750,Yes,3.6,2026-08-28,E,5800.0
23,B-244,563995,2017,Chevrolet,Trax,LS,SILVER,78602,No,"",2026-08-28,B,5200.0
39,C-155,565187,2017,Chevrolet,Trax,LT,GRAY,116890,Yes,4.1,2026-08-28,C,3600.0
22,F-072,563599,2016,Chevrolet,Trax,LTZ,BROWN,159359,No,"",2026-08-28,F,2700.0
10,X-103,564950,2016,Chevrolet,Volt,Premier,BLACK,56990,No,"",2026-08-28,X,2800.0
43,D-070,563987,2015,Chrysler,200,S,RED,170271,Yes,3.0,2026-08-28,D,1100.0
40,D-113,564038,2015,Chrysler,200,S,SILVER,72116,Yes,3.3,2026-08-28,D,3000.0
38,D-111,564028,2018,Chrysler,300,Limited,BLACK,68863,Yes,4.4,2026-08-28,D,13200.0
42,D-026,564377,2010,Chrysler,300,TOURING,WHITE,92616,Yes,3.6,2026-08-28,D,2400.0
40,A-001,563860,2007,Chrysler,300,LIMITED,GRAY,129855,Yes,3.0,2026-08-28,A,1600.0
45,E-010,562224,2021,Chrysler,Pacifica,Touring L,BLUE,93286,Yes,3.9,2026-08-28,E,11600.0
43,F-222,560808,2019,Chrysler,Pacifica,TOURING L P,RED,53672,Yes,2.9,2026-08-28,F,12200.0
21,F-279,563983,2019,Chrysler,Pacifica,TOURING PLU,BLUE,129561,No,"",2026-08-28,F,7000.0
39,C-054,565047,2017,Chrysler,Pacifica,TOURING,GRAY,58294,Yes,3.0,2026-08-28,C,7400.0
21,E-240,565039,2017,Chrysler,Pacifica,TOURING-L P,SILVER,132933,No,"",2026-08-28,E,3000.0
10,X-094,563398,2006,Chrysler,Pacifica,4DR WGN,GOLD,180339,No,"",2026-08-28,X,650.0
22,E-293,562796,2006,Chrysler,Pacifica,Touring,BLACK,219177,No,"",2026-08-28,E,600.0
0,A-281,565287,2006,Chrysler,Pacifica,Touring,BLACK,219177,No,"",2026-08-28,A,650.0
9,X-078,564275,2008,Chrysler,Sebring,Touring,WHITE,156177,No,"",2026-08-28,X,650.0
8,X-086,564080,2005,Chrysler,Sebring,CONV TOURING,RED,88928,No,"",2026-08-28,X,650.0
47,E-133,564692,2014,Chrysler,Town & Country,TOURI,BLACK,101477,Yes,3.0,2026-08-28,E,2400.0
22,C-087,564516,2009,Chrysler,Town & Country,LIMIT,TAN,115969,No,"",2026-08-28,C,2200.0
22,P-015,564535,2023,Chrysler,Voyager,LX,WHITE,73352,No,"",2026-08-28,P,15200.0
32,C-131,563865,2023,Dodge,Challenger,R/T SCAT,RED,11173,Yes,4.5,2026-08-28,C,39400.0
21,B-178,564809,2023,Dodge,Challenger,R/T SCAT,GREEN,68362,No,"",2026-08-28,B,30200.0
36,B-023,564046,2021,Dodge,Challenger,R/T SCAT,BLUE,48352,Yes,3.6,2026-08-28,B,28800.0
22,B-168,564869,2020,Dodge,Challenger,R/T 50TH,BLACK,44135,No,"",2026-08-28,B,22600.0
45,E-251,563905,2020,Dodge,Challenger,SXT,BLUE,72096,Yes,3.0,2026-08-28,E,12000.0
45,D-183,564958,2018,Dodge,Challenger,SXT,BLACK,164311,Yes,3.0,2026-08-28,D,5600.0
38,E-151,565163,2018,Dodge,Challenger,SXT PLUS,GRAY,166271,Yes,3.4,2026-08-28,E,6400.0
33,C-120,563528,2016,Dodge,Challenger,R/T PLUS,BLACK,33455,Yes,4.5,2026-08-28,C,18000.0
32,C-060,565054,2016,Dodge,Challenger,R/T SCAT,BLACK,69853,Yes,4.4,2026-08-28,C,19800.0
22,B-055,564849,2015,Dodge,Challenger,SXT Plus,GRAY,145875,No,"",2026-08-28,B,7000.0
43,B-006.2,565050,2023,Dodge,Charger,SCAT PACK WI,WHITE,63869,Yes,3.0,2026-08-28,B,38200.0
33,G-022,564493,2021,Dodge,Charger,"",GRAY,9845,Yes,4.9,2026-08-28,G,70500.0
22,E-191,562514,2021,Dodge,Charger,SXT,PURPLE,60134,No,"",2026-08-28,E,15800.0
36,F-053,564407,2020,Dodge,Charger,R/T,BLACK,69525,Yes,3.6,2026-08-28,F,20600.0
38,D-103,558795,2020,Dodge,Charger,R/T,WHITE,98754,Yes,3.8,2026-08-28,D,16200.0
21,E-206,563458,2019,Dodge,Charger,SXT,BLACK,131642,No,"",2026-08-28,E,9300.0
33,C-250,564226,2017,Dodge,Charger,"",YELLOW,80543,Yes,4.7,2026-08-28,C,34200.0
10,X-084,563715,2013,Dodge,Charger,SE,BLUE,185422,No,"",2026-08-28,X,650.0
22,D-207,557243,2011,Dodge,Charger,RALLYE,PURPLE,91160,No,"",2026-08-28,D,1400.0
22,C-192,563882,2008,Dodge,Charger,4DR SDN,WHITE,161202,No,"",2026-08-28,C,1800.0
21,B-200,563560,2016,Dodge,Dart,SE,SILVER,144157,No,"",2026-08-28,B,800.0
22,E-201,564718,2014,Dodge,Dart,NULL,BLACK,196490,No,"",2026-08-28,E,700.0
22,F-274,565189,2023,Dodge,Durango,GT,WHITE,48761,No,"",2026-08-28,F,21500.0
37,F-057,564101,2017,Dodge,Durango,GT,GRAY,124532,Yes,3.9,2026-08-28,F,7000.0
45,E-102,563960,2017,Dodge,Durango,R/T,GRAY,135179,Yes,3.8,2026-08-28,E,12200.0
22,D-094,563800,2019,Dodge,Grand Caravan,SXT,GRAY,90270,No,"",2026-08-28,D,6400.0
36,X-029,558828,2017,Dodge,Grand Caravan,SXT,WHITE,113119,Yes,1.0,2026-08-28,X,700.0
46,F-141,562916,2017,Dodge,Grand Caravan,SXT,GRAY,154571,Yes,3.0,2026-08-28,F,2400.0
42,D-131,564160,2017,Dodge,Grand Caravan,SXT,BLACK,137274,Yes,3.4,2026-08-28,D,2800.0
47,X-081,538410,2013,Dodge,Grand Caravan,AMERIC,WHITE,167000,Yes,3.0,2026-08-28,X,650.0
42,D-156,564510,2010,Dodge,Grand Caravan,HERO,BLACK,216279,Yes,3.9,2026-08-28,D,800.0
39,A-214,565119,2018,Dodge,Journey,Crossroad,GRAY,114138,Yes,3.4,2026-08-28,A,4000.0
39,C-085,562064,2018,Dodge,Journey,GT,BLACK,128299,Yes,3.0,2026-08-28,C,2000.0
38,E-148,564224,2018,Dodge,Journey,SE,WHITE,84269,Yes,4.0,2026-08-28,E,8300.0
23,B-149,564551,2016,Dodge,Journey,SXT,GRAY,161909,No,"",2026-08-28,B,1200.0
36,C-020,564116,2015,Dodge,Journey,AMERICAN VAL,SILVER,108433,Yes,4.4,2026-08-28,C,6500.0
9,X-093,562289,2013,Dodge,Journey,SXT,RED,129648,No,"",2026-08-28,X,900.0
10,X-070,562977,2012,Dodge,Journey,SXT,WHITE,170040,No,"",2026-08-28,X,650.0
39,A-226,564388,2009,Dodge,Ram 1500,SLT,BLUE,194858,Yes,3.1,2026-08-28,A,4800.0
10,D-304,565015,2004,Dodge,Ram 1500,SLT,SILVER,185767,No,"",2026-08-28,D,900.0
22,E-005,564906,2003,Dodge,Ram 1500,ST,BLUE,255567,No,"",2026-08-28,E,3700.0
29,A-040,563694,2025,Ford,Bronco,Badlands,BLACK,28657,Yes,5.0,2026-08-28,A,47600.0
34,A-051,563503,2025,Ford,Bronco,HERITAGE EDIT,GRAY,16601,Yes,4.3,2026-08-28,A,49000.0
28,A-173,564735,2024,Ford,Bronco,Raptor,BLACK,6875,Yes,4.6,2026-08-28,A,66250.0
30,B-283,565118,2021,Ford,Bronco,BADLANDS,GRAY,112342,Yes,3.0,2026-08-28,B,26800.0
5,M-012,563996,2026,Ford,Bronco Sport,BIG BEN,GRAY,2669,No,"",2026-08-28,M,26200.0
34,E-073,564989,2023,Ford,Bronco Sport,OUTER B,BLACK,36588,Yes,4.6,2026-08-28,E,22600.0
23,D-238,556396,2021,Ford,Bronco Sport,BASE 4X,GRAY,41368,No,"",2026-08-28,D,13500.0
23,F-043,565202,2013,Ford,E350 Vans,"",WHITE,212945,No,"",2026-08-28,F,2600.0
23,F-217,562383,2008,Ford,E350 Vans,"",BURGUNDY,182777,No,"",2026-08-28,F,4800.0
35,C-134,564287,2021,Ford,EcoSport,SE,BLACK,38740,Yes,4.6,2026-08-28,C,11800.0
37,C-162,563898,2020,Ford,EcoSport,Titanium,SILVER,88326,Yes,3.9,2026-08-28,C,6700.0
22,B-175,564847,2023,Ford,Edge,Titanium,GRAY,112085,No,"",2026-08-28,B,13000.0
39,E-011,562703,2022,Ford,Edge,Titanium,BLACK,96440,Yes,3.5,2026-08-28,E,9200.0
36,F-144,564267,2020,Ford,Edge,SEL,GRAY,132138,Yes,3.5,2026-08-28,F,6600.0
40,E-276,563934,2020,Ford,Edge,SEL,RED,75978,Yes,3.7,2026-08-28,E,10200.0
43,E-092,564498,2018,Ford,Edge,SEL,BLUE,99443,Yes,3.0,2026-08-28,E,4600.0
22,B-237,563978,2018,Ford,Edge,SEL,GRAY,76646,No,"",2026-08-28,B,6500.0
49,C-065,562055,2018,Ford,Edge,Titanium,BLACK,134456,Yes,3.0,2026-08-28,C,4500.0
41,E-162,565048,2017,Ford,Edge,SEL,BLACK,168231,Yes,3.1,2026-08-28,E,2800.0
40,D-108,564009,2016,Ford,Edge,SEL,BLACK,133314,Yes,3.0,2026-08-28,D,1800.0
23,F-011,564529,2016,Ford,Edge,SEL,SILVER,165930,No,"",2026-08-28,F,3100.0
39,D-286,564728,2013,Ford,Edge,Limited,SILVER,143630,Yes,3.0,2026-08-28,D,2500.0
22,F-034,564767,2013,Ford,Edge,SEL,BEIGE,103850,No,"",2026-08-28,F,3800.0
37,D-187,564957,2012,Ford,Edge,Limited,BLACK,140019,Yes,3.5,2026-08-28,D,2900.0
22,F-007,563505,2010,Ford,Edge,SEL,BLACK,163403,No,"",2026-08-28,F,2000.0
30,C-145,564142,2023,Ford,Escape,ST-LINE SELEC,BLUE,23357,Yes,4.9,2026-08-28,C,22750.0
34,D-284,564727,2022,Ford,Escape,SEL,WHITE,70064,Yes,4.4,2026-08-28,D,11500.0
22,B-097,562358,2021,Ford,Escape,SE,BLUE,91826,No,"",2026-08-28,B,7600.0
46,D-090,563758,2020,Ford,Escape,S,SILVER,106012,Yes,3.0,2026-08-28,D,6000.0
43,D-195,538188,2020,Ford,Escape,SE,GOLD,84556,Yes,3.6,2026-08-28,D,7000.0
51,F-024,564521,2018,Ford,Escape,SE,GRAY,117004,Yes,3.0,2026-08-28,F,1200.0
40,E-140,563713,2018,Ford,Escape,SE,BLACK,89617,Yes,3.5,2026-08-28,E,5000.0
22,F-109,564126,2018,Ford,Escape,Titanium,BLACK,107335,No,"",2026-08-28,F,5800.0
22,D-244,564102,2017,Ford,Escape,SE,GRAY,126844,No,"",2026-08-28,D,2400.0
23,C-076,563922,2017,Ford,Escape,SE,BLUE,151741,No,"",2026-08-28,C,1800.0
22,F-025,564523,2017,Ford,Escape,SE,RED,90720,No,"",2026-08-28,F,3600.0
22,F-175,563061,2016,Ford,Escape,S,BLACK,231996,No,"",2026-08-28,F,700.0
42,C-265,565001,2016,Ford,Escape,SE,WHITE,148568,Yes,3.9,2026-08-28,C,2000.0
44,D-036,563718,2014,Ford,Escape,S,SILVER,130219,Yes,3.6,2026-08-28,D,3400.0
40,C-097,564366,2014,Ford,Escape,SE,SILVER,130670,Yes,3.0,2026-08-28,C,2400.0
22,F-003,564590,2014,Ford,Escape,SE,WHITE,100955,No,"",2026-08-28,F,2600.0
22,C-066,562256,2013,Ford,Escape,SE,SILVER,139714,No,"",2026-08-28,C,900.0
38,E-097,563206,2013,Ford,Escape,SEL,GREEN,127475,Yes,4.4,2026-08-28,E,3000.0
36,A-035,563693,2024,Ford,Expedition,XLT,SILVER,28621,Yes,4.5,2026-08-28,A,39000.0
35,A-105,564308,2023,Ford,Expedition,Limited,WHITE,39321,Yes,4.7,2026-08-28,A,45000.0
35,A-170,564654,2020,Ford,Expedition,Limited,RED,76124,Yes,3.6,2026-08-28,A,21800.0
46,C-068,563401,2019,Ford,Expedition,Limited,GRAY,91209,Yes,3.1,2026-08-28,C,21800.0
37,D-134,562240,2019,Ford,Expedition,XLT,GRAY,180348,Yes,4.0,2026-08-28,D,6200.0
5,M-008,562333,2025,Ford,Explorer,Active,BLACK,21029,No,"",2026-08-28,M,31000.0
36,F-082,564051,2023,Ford,Explorer,Limited,GRAY,55054,Yes,4.4,2026-08-28,F,24000.0
0,M-017,565314,2023,Ford,Explorer,Limited,"",55054,No,"",2026-08-28,M,25500.0
38,B-009,564559,2022,Ford,Explorer,Timberline,GRAY,59846,Yes,4.2,2026-08-28,B,25000.0
41,E-085,564976,2021,Ford,Explorer,Limited,GRAY,76818,Yes,4.3,2026-08-28,E,17000.0
41,E-263,562708,2020,Ford,Explorer,Platinum,BLUE,67582,Yes,3.9,2026-08-28,E,18500.0
39,F-155,564280,2018,Ford,Explorer,Limited,GRAY,140559,Yes,4.0,2026-08-28,F,7400.0
34,C-061,562063,2018,Ford,Explorer,Sport,WHITE,67652,Yes,3.8,2026-08-28,C,13800.0
40,D-013,561678,2017,Ford,Explorer,Limited,WHITE,158143,Yes,3.1,2026-08-28,D,5200.0
22,F-039,556494,2017,Ford,Explorer,Limited,GRAY,132037,No,"",2026-08-28,F,4600.0
22,C-266,565011,2017,Ford,Explorer,Limited,GRAY,97546,No,"",2026-08-28,C,11000.0
51,E-143,563711,2016,Ford,Explorer,Limited,BLACK,123774,Yes,3.0,2026-08-28,E,3800.0
41,B-277,564833,2016,Ford,Explorer,XLT,BLACK,143951,Yes,3.7,2026-08-28,B,5600.0
51,D-176,564825,2015,Ford,Explorer,Sport,RED,173307,Yes,2.6,2026-08-28,D,2000.0
49,F-153,564265,2015,Ford,Explorer,XLT,GRAY,132116,Yes,3.0,2026-08-28,F,2200.0
23,F-016,564746,2013,Ford,Explorer,4DR BAS,BLUE,127517,No,"",2026-08-28,F,3500.0
22,C-057,564818,2013,Ford,Explorer,XLT,SILVER,216363,No,"",2026-08-28,C,1700.0
39,E-160,565051,2009,Ford,Explorer,Limited,WHITE,79080,Yes,4.4,2026-08-28,E,6800.0
22,B-081,564666,2001,Ford,Explorer,XLT,BLUE,172720,No,"",2026-08-28,B,1400.0
0,A-292,565293,1994,Ford,Explorer,EDDIE BAUER,WHITE,167794,No,"",2026-08-28,A,650.0
21,C-254,564680,1994,Ford,Explorer,EDDIE BAUER,WHITE,167794,No,"",2026-08-28,C,600.0
36,E-088,564960,2026,Ford,F150,LARIAT,WHITE,2842,Yes,4.8,2026-08-28,E,58400.0
31,G-008,563911,2025,Ford,F150,Tremor,BLACK,41684,Yes,5.0,2026-08-28,G,53500.0
32,G-006,563980,2023,Ford,F150,LARIAT,RED,44812,Yes,5.0,2026-08-28,G,41000.0
32,E-078,564861,2023,Ford,F150,XL,BLUE,31690,Yes,4.4,2026-08-28,E,29800.0
33,F-008,563490,2023,Ford,F150,XLT,GRAY,67020,Yes,4.4,2026-08-28,F,29800.0
21,E-180,565151,2022,Ford,F150,Raptor,BLACK,66526,No,"",2026-08-28,E,50000.0
41,E-308,562423,2021,Ford,F150,LARIAT,BLACK,99953,Yes,3.7,2026-08-28,E,27500.0
44,E-053,564397,2021,Ford,F150,XL,GRAY,126499,Yes,3.2,2026-08-28,E,11400.0
21,B-080,564967,2021,Ford,F150,XLT,GRAY,77015,No,"",2026-08-28,B,29000.0
0,D-180,563749,2021,Ford,F150,XLT,GRAY,99911,No,"",2026-08-28,D,24000.0
41,X-095,563363,2021,Ford,F150,XLT,BLACK,106530,Yes,3.3,2026-08-28,X,13800.0
21,B-082.3,560125,2019,Ford,F150,Raptor,BLACK,80444,No,"",2026-08-28,B,37750.0
53,P-010,560951,2019,Ford,F150,XLT,BLACK,92263,Yes,2.0,2026-08-28,P,11000.0
22,B-116,563163,2018,Ford,F150,Raptor,GRAY,78129,No,"",2026-08-28,B,33500.0
22,D-014,564653,2018,Ford,F150,XL,WHITE,190168,No,"",2026-08-28,D,7100.0
38,D-283,564721,2018,Ford,F150,XLT,BLACK,170332,Yes,3.7,2026-08-28,D,10400.0
23,F-040,562837,2018,Ford,F150,XLT,BLACK,187531,No,"",2026-08-28,F,7800.0
23,E-089,564940,2018,Ford,F150,XLT,BLACK,223283,No,"",2026-08-28,E,8600.0
40,F-121,564320,2018,Ford,F150,XLT,WHITE,100463,Yes,3.0,2026-08-28,F,15000.0
44,E-094,563220,2017,Ford,F150,XL,BLUE,149416,Yes,3.0,2026-08-28,E,11200.0
40,A-223,563970,2016,Ford,F150,LARIAT,RED,229338,Yes,3.3,2026-08-28,A,7600.0
38,E-087,564971,2016,Ford,F150,LIMITED,BLACK,134857,Yes,4.6,2026-08-28,E,19200.0
22,B-239,563917,2016,Ford,F150,XLT,BLACK,161761,No,"",2026-08-28,B,7200.0
22,B-245,562921,2016,Ford,F150,XLT,SILVER,115760,No,"",2026-08-28,B,14000.0
37,D-164,564644,2015,Ford,F150,XLT,BLACK,90562,Yes,4.5,2026-08-28,D,17400.0
22,F-018,564741,2013,Ford,F150,LARIAT,GRAY,153259,No,"",2026-08-28,F,6800.0
22,F-195,564835,2013,Ford,F150,XLT,BLUE,227256,No,"",2026-08-28,F,6200.0
23,F-164,565064,2013,Ford,F150,XLT,BLACK,323398,No,"",2026-08-28,F,3800.0
36,E-076,564773,2012,Ford,F150,XL,WHITE,103809,Yes,3.0,2026-08-28,E,2500.0
45,A-225,564389,2012,Ford,F150,XLT,GRAY,143979,Yes,3.0,2026-08-28,A,9600.0
21,F-002,564753,2011,Ford,F150,FX4,BLACK,128290,No,"",2026-08-28,F,6400.0
66,X-015,562102,2010,Ford,F150,XL,WHITE,185915,Yes,0.5,2026-08-28,X,700.0
41,C-233,564233,2010,Ford,F150,XL,SILVER,139493,Yes,3.8,2026-08-28,C,6800.0
22,B-130,564168,2009,Ford,F150,XL,WHITE,120566,No,"",2026-08-28,B,7600.0
55,A-006,564155,2009,Ford,F150,XL,BLUE,144569,Yes,3.0,2026-08-28,A,2200.0
21,F-010,563446,2008,Ford,F150,XLT,RED,277568,No,"",2026-08-28,F,1800.0
21,F-137,565183,2006,Ford,F150,XLT,GRAY,310663,No,"",2026-08-28,F,700.0
21,B-160,564616,2001,Ford,F150,SUPERCREW XLT,BLACK,169988,No,"",2026-08-28,B,600.0
0,A-230,565264,2001,Ford,F150,XLT,BLACK,169988,No,"",2026-08-28,A,650.0
32,E-104,564758,2024,Ford,F250SD,"",BLACK,21874,Yes,5.0,2026-08-28,E,77000.0
41,F-190,564536,2021,Ford,F250SD,"",BLUE,102651,Yes,3.9,2026-08-28,F,28400.0
22,B-107,562696,2019,Ford,F250SD,"",BLACK,76152,No,"",2026-08-28,B,41000.0
21,F-165.1,565128,2017,Ford,F250SD,"",WHITE,129839,No,"",2026-08-28,F,30200.0
32,A-207,565211,2010,Ford,F250SD,"",BLUE,106212,Yes,4.2,2026-08-28,A,6800.0
29,X-016,563370,2008,Ford,F250SD,"",BLUE,151199,Yes,0.5,2026-08-28,X,2100.0
22,E-234,565044,2019,Ford,F350SD,"",WHITE,165328,No,"",2026-08-28,E,30500.0
40,C-259,564886,2018,Ford,F350SD,"",BLACK,136721,Yes,3.0,2026-08-28,C,29000.0
22,E-013,563492,2008,Ford,F350SD,"",WHITE,210276,No,"",2026-08-28,E,3100.0
22,E-210,563687,2006,Ford,F450SD,"",WHITE,67624,No,"",2026-08-28,E,15400.0
34,X-027,559874,2018,Ford,Fiesta,S,WHITE,60889,Yes,1.8,2026-08-28,X,1600.0
37,F-009,563493,2019,Ford,Flex,SEL,BLUE,26961,Yes,4.0,2026-08-28,F,15000.0
42,E-093,564526,2017,Ford,Flex,Limited,RED,156284,Yes,3.6,2026-08-28,E,5800.0
22,D-247,560479,2015,Ford,Flex,SEL,WHITE,152434,No,"",2026-08-28,D,2500.0
33,X-017,563345,2017,Ford,Focus,SE,BLACK,125896,Yes,0.5,2026-08-28,X,650.0
50,D-025,564371,2016,Ford,Focus,SE,GRAY,161893,Yes,3.0,2026-08-28,D,900.0
21,B-204,564671,2016,Ford,Focus,SE,SILVER,100709,No,"",2026-08-28,B,1800.0
40,E-132,564221,2015,Ford,Focus,SE,WHITE,96068,Yes,3.4,2026-08-28,E,3100.0
21,F-086,564064,2014,Ford,Focus,SE,SILVER,195326,No,"",2026-08-28,F,700.0
0,A-270,565284,2013,Ford,Focus,SE,GRAY,117178,No,"",2026-08-28,A,650.0
22,B-158,564612,2013,Ford,Focus,SE,BLUE,222123,No,"",2026-08-28,B,800.0
43,A-204,565216,2013,Ford,Focus,SE,GRAY,117178,Yes,3.1,2026-08-28,A,600.0
7,X-066,564070,2009,Ford,Focus,SES,GRAY,130810,No,"",2026-08-28,X,650.0
21,C-227,564786,2007,Ford,Focus,S,GRAY,182922,No,"",2026-08-28,C,900.0
22,F-246,565173,2006,Ford,Focus,S,BLACK,184727,No,"",2026-08-28,F,600.0
0,A-290,565288,2006,Ford,Focus,ZX3 S,BLACK,184727,No,"",2026-08-28,A,650.0
39,D-171,564821,2019,Ford,Fusion,S,WHITE,97643,Yes,3.7,2026-08-28,D,7800.0
37,B-280,565123,2019,Ford,Fusion,SE,RED,100289,Yes,3.6,2026-08-28,B,6000.0
22,B-207,564530,2018,Ford,Fusion,SE,GOLD,96907,No,"",2026-08-28,B,5000.0
21,B-140,564665,2018,Ford,Fusion,SE,RED,142986,No,"",2026-08-28,B,3200.0
22,D-243,564072,2017,Ford,Fusion,SE,SILVER,192281,No,"",2026-08-28,D,900.0
39,F-238,565138,2017,Ford,Fusion,SE,GRAY,94086,Yes,4.1,2026-08-28,F,5000.0
44,F-157,564463,2015,Ford,Fusion,HYBRID S,GRAY,171046,Yes,3.8,2026-08-28,F,2100.0
8,X-104,565106,2007,Ford,Fusion,SE,BURGUNDY,194345,No,"",2026-08-28,X,650.0
5,Q-006,563756,2022,Ford,Maverick,XLT,BLUE,18851,No,"",2026-08-28,Q,25900.0
22,B-117,561491,2022,Ford,Mustang,GT PREMIUM F,ORANGE,23704,No,"",2026-08-28,B,34500.0
22,F-165,565077,2019,Ford,Mustang,GT,ORANGE,58854,No,"",2026-08-28,F,25400.0
22,B-187,562214,2018,Ford,Mustang,ECOBOOST,GRAY,48269,No,"",2026-08-28,B,13600.0
22,E-209,563684,2018,Ford,Mustang,GT,RED,42206,No,"",2026-08-28,E,22800.0
39,E-099,564506,2018,Ford,Mustang,GT PREMIUM,GRAY,121964,Yes,4.2,2026-08-28,E,18000.0
42,D-144,564401,2017,Ford,Mustang,ECOBOOST,WHITE,161237,Yes,3.5,2026-08-28,D,9000.0
23,F-282,565191,2017,Ford,Mustang,ECOBOOST,BLUE,52891,No,"",2026-08-28,F,12000.0
22,F-277,563976,2016,Ford,Mustang,ECOBOOST PRE,SILVER,110442,No,"",2026-08-28,F,8200.0
43,A-154,564714,2012,Ford,Mustang,V6,BLACK,181633,Yes,3.0,2026-08-28,A,3000.0
32,G-024,564454,2025,Ford,Ranger,XL,GRAY,5396,Yes,4.9,2026-08-28,G,27800.0
23,C-260,564868,2020,Ford,Ranger,XL,SILVER,255551,No,"",2026-08-28,C,4400.0
38,D-122,564087,2019,Ford,Ranger,XL,WHITE,36632,Yes,3.0,2026-08-28,D,17000.0
58,D-154,564505,2006,Ford,Ranger,XL,WHITE,314267,Yes,3.0,2026-08-28,D,800.0
21,C-236,564238,2001,Ford,Ranger,XL,GREEN,211452,No,"",2026-08-28,C,1300.0
21,F-130,565178,1999,Ford,Ranger,XL,GOLD,200805,No,"",2026-08-28,F,1400.0
26,E-303,562093,2023,Ford,T250 Vans,"",WHITE,81737,Yes,2.9,2026-08-28,E,26000.0
9,E-069,565153,2017,Ford,T250 Vans,"",WHITE,237735,No,"",2026-08-28,E,5700.0
22,B-051,564852,2018,Ford,Taurus,Limited,WHITE,112109,No,"",2026-08-28,B,6500.0
22,C-180,563891,2015,Ford,Taurus,"",BLACK,123130,No,"",2026-08-28,C,2200.0
21,B-076,564981,2002,Ford,Taurus,SE STANDARD,WHITE,202172,No,"",2026-08-28,B,700.0
28,A-104,564303,2021,Genesis,G80,2.5T,BLACK,35428,Yes,4.8,2026-08-28,A,28800.0
32,X-019,562948,2019,Genesis,G80,3.8L,WHITE,76360,Yes,2.1,2026-08-28,X,4800.0
33,D-169,564803,2017,Genesis,G80,3.8L,GRAY,92693,Yes,4.6,2026-08-28,D,10200.0
40,D-075,562804,2023,Genesis,GV70,2.5T,GREEN,37857,Yes,3.6,2026-08-28,D,29400.0
35,D-080,563290,2022,Genesis,GV80,ADVANCED +,WHITE,79178,Yes,4.1,2026-08-28,D,28600.0
33,B-027,565076,2025,GMC,Acadia,AT4,WHITE,24053,Yes,4.6,2026-08-28,B,40500.0
38,D-228,561530,2021,GMC,Acadia,Denali,GRAY,142920,Yes,3.0,2026-08-28,D,9000.0
38,E-165,565052,2019,GMC,Acadia,SLT,WHITE,158261,Yes,3.5,2026-08-28,E,5000.0
22,F-102,564096,2017,GMC,Acadia,Denali,RED,100992,No,"",2026-08-28,F,11600.0
39,B-001,564554,2017,GMC,Acadia,Denali,BLACK,61161,Yes,4.0,2026-08-28,B,15400.0
47,D-126,563765,2017,GMC,Acadia,Denali,WHITE,176784,Yes,3.0,2026-08-28,D,3000.0
47,A-211,565148,2015,GMC,Acadia,SLE,BLUE,155746,Yes,3.0,2026-08-28,A,1600.0
22,B-265,565130,2014,GMC,Acadia,SLE,SILVER,173498,No,"",2026-08-28,B,1600.0
22,E-189,563926,2025,GMC,Sierra 1500,DENALI U,GRAY,16793,No,"",2026-08-28,E,58600.0
22,E-213,869181072,2023,GMC,Sierra 1500,SLT,GRAY,29318,No,"",2026-08-28,E,41200.0
31,D-005,564449,2020,GMC,Sierra 1500,SLT,BLACK,81941,Yes,4.5,2026-08-28,D,27250.0
21,E-187,563849,2017,GMC,Sierra 1500,SLE,WHITE,109098,No,"",2026-08-28,E,19000.0
39,A-242,564202,2016,GMC,Sierra 1500,SLT,WHITE,138338,Yes,3.0,2026-08-28,A,12800.0
36,E-081,564411,2016,GMC,Sierra 1500,SLT,BLACK,174907,Yes,3.0,2026-08-28,E,16200.0
22,B-272,562556,2014,GMC,Sierra 1500,SLT,WHITE,194992,No,"",2026-08-28,B,11600.0
44,A-224,563967,2012,GMC,Sierra 1500,SLE,RED,241066,Yes,3.0,2026-08-28,A,3300.0
22,D-245,564086,2005,GMC,Sierra 1500,SLT,RED,110944,No,"",2026-08-28,D,4800.0
6,B-232,565088,2019,GMC,Sierra 1500 LTD,"",WHITE,124984,No,"",2026-08-28,B,10900.0
5,Q-015,564828,2024,GMC,Sierra 2500,2500HD DENALI,BLACK,23283,No,"",2026-08-28,Q,73500.0
36,D-089,563767,2019,GMC,Sierra 2500,2500HD DENALI,WHITE,132098,Yes,3.0,2026-08-28,D,35800.0
46,D-112,564034,2007,GMC,Sierra 2500 Clsc,"",GRAY,227375,Yes,3.3,2026-08-28,D,14200.0
39,C-104,564421,2021,GMC,Sierra 3500,3500HD DENALI,BLACK,108734,Yes,3.5,2026-08-28,C,41600.0
48,C-106,564885,2019,GMC,SIERRA 3500HD CC 4WD,"",WHITE,234837,Yes,3.0,2026-08-28,C,17900.0
22,X-108,562993,2016,GMC,Terrain,SLE,WHITE,82332,No,"",2026-08-28,X,4500.0
36,D-087,563764,2012,GMC,Terrain,SLT-1,GOLD,137767,Yes,3.2,2026-08-28,D,1800.0
46,D-213,563555,2011,GMC,Terrain,SLE-2,BLACK,144480,Yes,3.0,2026-08-28,D,900.0
39,A-137,564792,2021,GMC,Yukon,SLT,BLACK,87201,Yes,4.4,2026-08-28,A,37000.0
6,E-095,563973,2015,GMC,Yukon,Denali,BLACK,238556,No,"",2026-08-28,E,3300.0
35,D-229,561533,2018,GMC,Yukon XL,DENALI,WHITE,136449,Yes,3.8,2026-08-28,D,11200.0
21,E-212,564712,2025,Honda,Accord,HYBRID SPORT,GRAY,11822,No,"",2026-08-28,E,27200.0
22,B-061,564863,2020,Honda,Accord,SEDAN LX,WHITE,154968,No,"",2026-08-28,B,9600.0
22,B-119,562353,2019,Honda,Accord,SEDAN LX 1.5T,SILVER,74344,No,"",2026-08-28,B,12200.0
36,E-317,564441,2019,Honda,Accord,SEDAN LX 1.5T,BLUE,97027,Yes,4.1,2026-08-28,E,8600.0
22,C-216,564778,2018,Honda,Accord,SEDAN SPORT 1,SILVER,103972,No,"",2026-08-28,C,11000.0
39,A-147,564715,2018,Honda,Accord,SEDAN SPORT 1,RED,83321,Yes,3.0,2026-08-28,A,14000.0
42,D-140,564374,2017,Honda,Accord,HYBRID TOURIN,BLUE,149651,Yes,3.0,2026-08-28,D,7200.0
22,F-101,564063,2017,Honda,Accord,SEDAN EX-L,TAN,39962,No,"",2026-08-28,F,16000.0
22,F-221,564533,2017,Honda,Accord,SEDAN SPORT S,BLACK,165780,No,"",2026-08-28,F,6500.0
23,B-151,562668,2016,Honda,Accord,SEDAN EX-L,BLACK,109281,No,"",2026-08-28,B,9600.0
39,C-257,564693,2014,Honda,Accord,SEDAN EX-L,TAN,149167,Yes,3.7,2026-08-28,C,8000.0
22,C-028,564331,2012,Honda,Accord,SDN EX-L,BLACK,112099,No,"",2026-08-28,C,5500.0
22,E-248,562344,2011,Honda,Accord,SDN EX-L,BLUE,210471,No,"",2026-08-28,E,1300.0
22,F-257,564166,2009,Honda,Accord,CPE EX-L,WHITE,181047,No,"",2026-08-28,F,1400.0
21,B-231,564810,2009,Honda,Accord,SDN LX-P,SILVER,141323,No,"",2026-08-28,B,3800.0
0,A-253,565275,2005,Honda,Accord,LX,BLUE,362409,No,"",2026-08-28,A,650.0
51,A-194,563858,2005,Honda,Accord,SDN LX,BLUE,362409,Yes,3.0,2026-08-28,A,600.0
22,C-074,563931,2002,Honda,Accord,SDN SE,GOLD,109330,No,"",2026-08-28,C,700.0
22,B-084,564927,2020,Honda,Civic,SEDAN SPORT,GRAY,88053,No,"",2026-08-28,B,13200.0
23,B-172,564663,2019,Honda,Civic,SEDAN LX,SILVER,130878,No,"",2026-08-28,B,8400.0
22,B-043,565002,2017,Honda,Civic,SEDAN EX,BLACK,199024,No,"",2026-08-28,B,5500.0
38,X-010,561370,2017,Honda,Civic,SEDAN EX-L,WHITE,141488,Yes,0.5,2026-08-28,X,1900.0
22,C-025,564123,2016,Honda,Civic,SEDAN EX,BLACK,175324,No,"",2026-08-28,C,5500.0
41,F-216,559307,2014,Honda,Civic,SEDAN EX,GRAY,138105,Yes,4.0,2026-08-28,F,7400.0
22,B-141,564467,2014,Honda,Civic,SEDAN LX,GRAY,176328,No,"",2026-08-28,B,4600.0
39,D-139,564373,2013,Honda,Civic,SDN EX-L,SILVER,95107,Yes,4.1,2026-08-28,D,9600.0
39,E-031,564561,2013,Honda,Civic,SDN LX,GRAY,150226,Yes,3.0,2026-08-28,E,5000.0
9,X-072,563793,2013,Honda,Civic,SDN LX,GRAY,119746,No,"",2026-08-28,X,800.0
57,X-040,559075,2013,Honda,Civic,SDN SI,BLUE,156121,Yes,0.5,2026-08-28,X,2800.0
48,C-116,562184,2012,Honda,Civic,SDN EX,BLACK,139589,Yes,3.0,2026-08-28,C,5000.0
40,A-219,565010,2012,Honda,Civic,SDN LX,BLUE,73758,Yes,3.7,2026-08-28,A,7600.0
22,B-153,564544,2012,Honda,Civic,SDN LX,BLACK,1,No,"",2026-08-28,B,3800.0
22,C-198,564359,2009,Honda,Civic,CPE EX-L,GRAY,187831,No,"",2026-08-28,C,2000.0
21,C-210,564358,2007,Honda,Civic,SDN LX,SILVER,198971,No,"",2026-08-28,C,1500.0
22,F-104,564066,2006,Honda,Civic,SDN LX,SILVER,140941,No,"",2026-08-28,F,2300.0
22,B-159,564613,2006,Honda,Civic,SDN LX,RED,156111,No,"",2026-08-28,B,2400.0
8,X-087,564203,2000,Honda,Civic,LX,GOLD,208294,No,"",2026-08-28,X,750.0
34,D-032,564513,2024,Honda,CR-V,HYBRID SPORT,BLUE,42825,Yes,4.7,2026-08-28,D,26000.0
5,Q-014,564905,2024,Honda,CR-V,HYBRID SPORT-L,BLUE,15906,No,"",2026-08-28,Q,31500.0
35,C-160,563900,2021,Honda,CR-V,Hybrid EX-L,GRAY,133438,Yes,4.4,2026-08-28,C,18200.0
38,D-048,563734,2020,Honda,CR-V,LX,SILVER,37151,Yes,3.7,2026-08-28,D,18200.0
22,D-099,563805,2018,Honda,CR-V,LX,WHITE,136471,No,"",2026-08-28,D,10500.0
36,D-142,564378,2018,Honda,CR-V,Touring,ORANGE,103862,Yes,3.0,2026-08-28,D,9200.0
22,B-145,564475,2017,Honda,CR-V,EX-L,BLUE,165850,No,"",2026-08-28,B,7400.0
29,A-037,564256,2017,Honda,CR-V,Touring,WHITE,74376,Yes,4.9,2026-08-28,A,17000.0
22,C-191,563887,2015,Honda,CR-V,LX,GRAY,69640,No,"",2026-08-28,C,12100.0
22,B-057,564883,2013,Honda,CR-V,EX-L,GREEN,162574,No,"",2026-08-28,B,6300.0
8,X-106,565103,2012,Honda,CR-V,EX-L,SILVER,243051,No,"",2026-08-28,X,1100.0
37,C-130,563873,2011,Honda,CR-V,SE,GRAY,108091,Yes,3.5,2026-08-28,C,8200.0
55,D-220,563550,2005,Honda,Element,LX,ORANGE,152803,Yes,3.0,2026-08-28,D,800.0
38,C-169,563895,2015,Honda,Fit,EX-L,GRAY,166454,Yes,3.0,2026-08-28,C,4900.0
22,D-222,563545,2012,Honda,Fit,5DR HB AUTO,SILVER,117529,No,"",2026-08-28,D,3100.0
22,B-155,564608,2011,Honda,Fit,Sport,BLACK,147436,No,"",2026-08-28,B,3000.0
31,D-117,564061,2023,Honda,HR-V,Sport,WHITE,43261,Yes,4.5,2026-08-28,D,22200.0
45,C-123,558974,2020,Honda,HR-V,LX,GRAY,60654,Yes,3.0,2026-08-28,C,9800.0
49,F-115,560607,2016,Honda,HR-V,EX,WHITE,141603,Yes,3.0,2026-08-28,F,5000.0
49,F-148,564154,2012,Honda,Insight,LX,SILVER,177695,Yes,3.0,2026-08-28,F,700.0
5,M-006,563525,2025,Honda,Odyssey,Sport-L,RED,27589,No,"",2026-08-28,M,32500.0
37,D-128,564159,2023,Honda,Odyssey,Sport,BLUE,38345,Yes,4.3,2026-08-28,D,29400.0
39,D-168,564953,2020,Honda,Odyssey,EX-L,GRAY,96115,Yes,3.6,2026-08-28,D,16800.0
22,D-231,561528,2020,Honda,Odyssey,Touring,BLUE,155427,No,"",2026-08-28,D,12800.0
22,C-215,564343,2018,Honda,Odyssey,EX-L,SILVER,177628,No,"",2026-08-28,C,9200.0
43,D-165,564641,2016,Honda,Odyssey,EX-L,GRAY,172177,Yes,4.0,2026-08-28,D,5000.0
40,D-147,564400,2013,Honda,Odyssey,EX,WHITE,192428,Yes,3.0,2026-08-28,D,2800.0
22,B-129,564084,2013,Honda,Odyssey,EX-L,GRAY,122610,No,"",2026-08-28,B,8000.0
42,A-267,564416,2013,Honda,Odyssey,TOURING,BLUE,120559,Yes,3.0,2026-08-28,A,7600.0
22,B-091,563181,2006,Honda,Odyssey,EX-L,WHITE,167444,No,"",2026-08-28,B,1800.0
23,B-143,564470,2025,Honda,Pilot,Sport,SILVER,36152,No,"",2026-08-28,B,30000.0
32,B-236,565132,2023,Honda,Pilot,EX-L 7 PASSENG,SILVER,19775,Yes,4.2,2026-08-28,B,31400.0
43,A-063,562963,2021,Honda,Pilot,SPECIAL EDITIO,SILVER,131143,Yes,3.6,2026-08-28,A,14200.0
40,D-133,564153,2021,Honda,Pilot,TOURING 8-PASS,BURGUNDY,80966,Yes,3.0,2026-08-28,D,20400.0
21,F-225,565131,2020,Honda,Pilot,TOURING 8-PASS,GRAY,170900,No,"",2026-08-28,F,8500.0
37,F-174,563881,2019,Honda,Pilot,EX,BLUE,51108,Yes,3.0,2026-08-28,F,15800.0
23,F-233,565074,2014,Honda,Pilot,EX-L,GRAY,161654,No,"",2026-08-28,F,4100.0
22,C-240,564405,2008,Honda,Pilot,EX,BLACK,174764,No,"",2026-08-28,C,1400.0
44,D-067,562366,2004,Honda,Pilot,EX,GOLD,279171,Yes,3.0,2026-08-28,D,700.0
0,A-186,565250,2004,Honda,Pilot,EX-L RES,GOLD,279171,No,"",2026-08-28,A,650.0
33,E-105,563965,2019,Honda,Ridgeline,RT,SILVER,71711,Yes,3.8,2026-08-28,E,15800.0
23,B-094,564667,2008,Honda,Ridgeline,RTL,SILVER,135025,No,"",2026-08-28,B,7600.0
49,E-280,560827,2003,Hummer,H2,4DR WGN,ORANGE,128159,Yes,1.3,2026-08-28,E,6900.0
9,X-091,557387,2022,Hyundai,Accent,SEL,BLACK,65273,No,"",2026-08-28,X,2500.0
0,A-228,565263,2013,Hyundai,Accent,GLS,GRAY,306800,No,"",2026-08-28,A,650.0
42,D-145,564399,2013,Hyundai,Accent,GLS,GRAY,306800,Yes,3.0,2026-08-28,D,700.0
34,D-101,563533,2013,Hyundai,Accent,GS,BROWN,129598,Yes,4.1,2026-08-28,D,2800.0
23,B-108,562935,2009,Hyundai,Accent,AUTO GS,SILVER,118826,No,"",2026-08-28,B,1000.0
22,B-102,562932,2013,Hyundai,Azera,4DR SDN,BLACK,87218,No,"",2026-08-28,B,3200.0
41,D-118,564068,2024,Hyundai,Elantra,SEL,GRAY,41432,Yes,3.0,2026-08-28,D,14500.0
35,G-010,563961,2023,Hyundai,Elantra,HYBRID LIMIT,GRAY,70678,Yes,4.8,2026-08-28,G,16800.0
22,M-005,562286,2023,Hyundai,Elantra,Limited,BLUE,64119,No,"",2026-08-28,M,16200.0
21,B-075,564990,2022,Hyundai,Elantra,N DCT,BLUE,44492,No,"",2026-08-28,B,22000.0
22,B-198,563914,2021,Hyundai,Elantra,SEL,WHITE,86540,No,"",2026-08-28,B,11800.0
41,D-125,564149,2021,Hyundai,Elantra,SEL,BLUE,137699,Yes,3.0,2026-08-28,D,6400.0
34,D-135,564372,2020,Hyundai,Elantra,LIMITED,SILVER,24554,Yes,4.7,2026-08-28,D,13600.0
40,C-084,563339,2019,Hyundai,Elantra,VALUE EDITIO,BLACK,104646,Yes,3.0,2026-08-28,C,4600.0
39,D-044,563670,2018,Hyundai,Elantra,SEL,BLUE,103910,Yes,3.5,2026-08-28,D,6400.0
22,F-220,564227,2017,Hyundai,Elantra,LIMITED,WHITE,148574,No,"",2026-08-28,F,3100.0
22,F-219,564109,2017,Hyundai,Elantra,SE,RED,117888,No,"",2026-08-28,F,3700.0
22,B-120,563952,2017,Hyundai,Elantra,SE,GRAY,84867,No,"",2026-08-28,B,5200.0
23,B-053,564850,2015,Hyundai,Elantra,SE,RED,120939,No,"",2026-08-28,B,3000.0
36,D-138,564444,2014,Hyundai,Elantra,SE,WHITE,75117,Yes,4.2,2026-08-28,D,6000.0
48,D-024,564801,2014,Hyundai,Elantra,SE,SILVER,148965,Yes,3.0,2026-08-28,D,1800.0
36,B-275,564829,2013,Hyundai,Elantra,GLS,SILVER,106934,Yes,4.3,2026-08-28,B,4000.0
43,E-163,565061,2013,Hyundai,Elantra,GLS,BLACK,185475,Yes,3.0,2026-08-28,E,2200.0
41,D-184,564961,2013,Hyundai,Elantra,GLS PZEV,BROWN,82175,Yes,3.0,2026-08-28,D,3400.0
42,E-145,564216,2011,Hyundai,Elantra,GLS,GRAY,104560,Yes,3.0,2026-08-28,E,2100.0
0,A-184,565248,2010,Hyundai,Elantra,GLS,GOLD,237876,No,"",2026-08-28,A,650.0
22,F-030,564512,2010,Hyundai,Elantra,GLS,GOLD,237876,No,"",2026-08-28,F,600.0
42,E-147,564220,2010,Hyundai,Elantra,GLS,SILVER,66817,Yes,3.7,2026-08-28,E,2000.0
0,A-263,565278,2008,Hyundai,Elantra,GLS,GRAY,257396,No,"",2026-08-28,A,650.0
22,C-195,564362,2008,Hyundai,Elantra,GLS,GRAY,257396,No,"",2026-08-28,C,600.0
8,X-107,565105,2008,Hyundai,Elantra,GLS,GRAY,214304,No,"",2026-08-28,X,650.0
37,C-103,564422,2015,Hyundai,Genesis,3.8L,BROWN,46136,Yes,4.0,2026-08-28,C,11700.0
22,B-054,564860,2012,Hyundai,Genesis,3.8L,GRAY,112956,No,"",2026-08-28,B,3400.0
40,C-158,562623,2011,Hyundai,Genesis Coupe,GRAND,BLACK,63940,Yes,3.0,2026-08-28,C,3300.0
38,E-074,564986,2019,Hyundai,Ioniq,HYBRID BLUE,WHITE,119164,Yes,4.0,2026-08-28,E,6600.0
37,D-049,563724,2020,Hyundai,Kona,Limited,WHITE,117069,Yes,4.1,2026-08-28,D,8000.0
35,D-190,564980,2025,Hyundai,Santa Cruz,LIMITED,BLUE,19317,Yes,3.7,2026-08-28,D,25600.0
37,D-031,563704,2024,Hyundai,Santa Cruz,Night,BLACK,50570,Yes,4.3,2026-08-28,D,23200.0
22,E-211,563683,2024,Hyundai,Santa Cruz,SE,GRAY,30946,No,"",2026-08-28,E,20000.0
35,G-036,564985,2025,Hyundai,Santa Fe,HYBRID CALL,GRAY,12125,Yes,4.5,2026-08-28,G,35200.0
34,C-141,562490,2024,Hyundai,Santa Fe,HYBRID LIMI,SILVER,33489,Yes,4.8,2026-08-28,C,30500.0
36,D-188,564975,2022,Hyundai,Santa Fe,SEL,BLACK,54786,Yes,4.4,2026-08-28,D,17200.0
40,D-037,563705,2022,Hyundai,Santa Fe,XRT,BLACK,76930,Yes,4.5,2026-08-28,D,15000.0
38,D-120,564077,2021,Hyundai,Santa Fe,SE,BLACK,67225,Yes,3.7,2026-08-28,D,12800.0
35,D-130,564171,2021,Hyundai,Santa Fe,SEL,RED,94778,Yes,4.2,2026-08-28,D,13400.0
22,D-098,563807,2019,Hyundai,Santa Fe,SEL,WHITE,109811,No,"",2026-08-28,D,8200.0
22,C-027,564339,2017,Hyundai,Santa Fe,SE,BLACK,146396,No,"",2026-08-28,C,4400.0
37,D-178,564827,2011,Hyundai,Santa Fe,GLS,WHITE,190773,Yes,3.9,2026-08-28,D,2000.0
22,B-165,564662,2011,Hyundai,Santa Fe,Limited,WHITE,252894,No,"",2026-08-28,B,1500.0
39,C-101,564363,2018,Hyundai,Santa Fe Sport,2.4L,GRAY,169737,Yes,3.9,2026-08-28,C,4600.0
44,E-283,562789,2017,Hyundai,Santa Fe Sport,2.4L,BLUE,112927,Yes,3.2,2026-08-28,E,6900.0
22,F-207,564055,2017,Hyundai,Santa Fe Sport,2.4L,RED,133063,No,"",2026-08-28,F,6500.0
22,B-152,564541,2014,Hyundai,Santa Fe Sport,4,BLUE,122995,No,"",2026-08-28,B,6000.0
39,C-165,565060,2014,Hyundai,Santa Fe Sport,4,WHITE,170998,Yes,3.9,2026-08-28,C,3100.0
22,B-090,564926,2014,Hyundai,Santa Fe Sport,4,BLACK,82787,No,"",2026-08-28,B,6200.0
22,E-289,564001,2013,Hyundai,Santa Fe Sport,"",WHITE,240989,No,"",2026-08-28,E,2800.0
38,F-089,564049,2023,Hyundai,Sonata,Hybrid SEL,GRAY,33102,Yes,3.7,2026-08-28,F,18500.0
33,E-291,564003,2023,Hyundai,Sonata,SEL,WHITE,4599,Yes,4.4,2026-08-28,E,20000.0
33,C-258,564881,2021,Hyundai,Sonata,SE,BLUE,62603,Yes,3.9,2026-08-28,C,11400.0
40,D-114,564044,2020,Hyundai,Sonata,Limited,RED,88299,Yes,3.0,2026-08-28,D,9100.0
22,C-231,564760,2019,Hyundai,Sonata,SE,BLACK,124412,No,"",2026-08-28,C,4600.0
21,B-104,563170,2018,Hyundai,Sonata,SE,SILVER,66744,No,"",2026-08-28,B,8200.0
42,D-127,563702,2018,Hyundai,Sonata,SEL+,GRAY,72549,Yes,3.0,2026-08-28,D,4400.0
22,F-171,563875,2017,Hyundai,Sonata,2.4L,BROWN,153687,No,"",2026-08-28,F,3000.0
39,D-011,564797,2017,Hyundai,Sonata,SPORT,BLACK,214638,Yes,3.5,2026-08-28,D,2000.0
37,C-082,563994,2016,Hyundai,Sonata,2.4L SE,BLUE,124128,Yes,3.1,2026-08-28,C,5000.0
39,D-039,563727,2015,Hyundai,Sonata,2.4L LIMITED,WHITE,133018,Yes,3.4,2026-08-28,D,7400.0
33,X-004,561625,2014,Hyundai,Sonata,GLS,WHITE,111148,Yes,0.5,2026-08-28,X,900.0
44,D-149,564446,2013,Hyundai,Sonata,GLS,SILVER,74060,Yes,3.0,2026-08-28,D,2600.0
23,E-249,562748,2013,Hyundai,Sonata,GLS,GRAY,97315,No,"",2026-08-28,E,2200.0
41,D-136,564439,2012,Hyundai,Sonata,Hybrid,WHITE,162370,Yes,3.0,2026-08-28,D,2000.0
54,X-041,558457,2011,Hyundai,Sonata,SE,RED,1,Yes,0.5,2026-08-28,X,650.0
44,D-225,563558,2007,Hyundai,Sonata,SE,BLUE,100690,Yes,3.0,2026-08-28,D,1100.0
22,D-092,563796,2007,Hyundai,Sonata,SE,BURGUNDY,174382,No,"",2026-08-28,D,1100.0
52,D-224,563557,2007,Hyundai,Sonata,SE,TAN,205462,Yes,3.0,2026-08-28,D,650.0
36,C-026,560507,2025,Hyundai,Tucson,SE,GRAY,29543,Yes,4.6,2026-08-28,C,20000.0
35,G-027,564802,2024,Hyundai,Tucson,HYBRID LIMITE,BLACK,25906,Yes,4.5,2026-08-28,G,27300.0
34,D-186,564965,2024,Hyundai,Tucson,HYBRID N LINE,GRAY,36220,Yes,4.8,2026-08-28,D,24600.0
42,D-132,562778,2021,Hyundai,Tucson,SE,BLACK,85468,Yes,3.1,2026-08-28,D,8000.0
38,D-068,562341,2020,Hyundai,Tucson,SE,SILVER,94579,Yes,3.0,2026-08-28,D,7800.0
22,B-088,564938,2017,Hyundai,Tucson,LIMITED,GRAY,86969,No,"",2026-08-28,B,8000.0
37,D-129,564163,2017,Hyundai,Tucson,SE,GRAY,115334,Yes,3.8,2026-08-28,D,6000.0
22,B-196,563912,2017,Hyundai,Tucson,SPORT,WHITE,118845,No,"",2026-08-28,B,6000.0
43,D-041,563703,2016,Hyundai,Tucson,LIMITED,SILVER,78389,Yes,3.0,2026-08-28,D,9000.0
43,F-193,564795,2014,Hyundai,Tucson,GLS,WHITE,117695,Yes,3.0,2026-08-28,F,3600.0
6,B-163,564618,2017,Hyundai,Veloster,DUAL CLUTCH,BLACK,91268,No,"",2026-08-28,B,1600.0
51,C-170,565063,2017,Hyundai,Veloster,MANUAL,SILVER,136633,Yes,3.0,2026-08-28,C,900.0
22,F-275,564002,2010,INFINITI,G37,SEDAN X,SILVER,148069,No,"",2026-08-28,F,2700.0
36,D-146,564396,2018,INFINITI,Q50,RED SPORT 400,BLACK,104947,Yes,4.3,2026-08-28,D,16600.0
40,C-261,564673,2014,INFINITI,Q50,PREMIUM,BLUE,93783,Yes,3.3,2026-08-28,C,6800.0
22,B-099,563679,2018,INFINITI,QX30 PREMIUM,"",BROWN,114742,No,"",2026-08-28,B,6200.0
40,F-239,565141,2016,INFINITI,QX50,4DR,BLACK,122185,Yes,4.5,2026-08-28,F,6600.0
41,A-078,564200,2020,INFINITI,QX60,LUXE,BLUE,70013,Yes,4.5,2026-08-28,A,15200.0
22,F-256,564173,2014,INFINITI,QX60,4DR,WHITE,64179,No,"",2026-08-28,F,6400.0
22,F-022,554873,2017,INFINITI,QX70,"",WHITE,153038,No,"",2026-08-28,F,5800.0
0,Q-004,563772,2022,INFINITI,QX80,SENSORY,"",0,No,"",2026-08-28,Q,375500.0
36,A-155,564719,2024,Jaguar,F-Pace,"",BLUE,29918,Yes,4.5,2026-08-28,A,35000.0
41,A-171,564610,1999,Jaguar,XK,XK8 2DR CONVERTIBLE,GREEN,55430,Yes,3.0,2026-08-28,A,4000.0
22,B-177,564812,2018,Jeep,All-New Wrangler,"",GRAY,120523,No,"",2026-08-28,B,14300.0
29,A-234,564247,2018,Jeep,All-New Wrangler,"",WHITE,94862,Yes,4.7,2026-08-28,A,20000.0
35,A-210,563518,2021,Jeep,Cherokee,80TH ANNIVE,GRAY,132017,Yes,4.3,2026-08-28,A,7500.0
35,B-007,564553,2021,Jeep,Cherokee,LATITUDE LU,ORANGE,36869,Yes,4.4,2026-08-28,B,18100.0
36,D-076,563988,2016,Jeep,Cherokee,Latitude,GRAY,62834,Yes,3.7,2026-08-28,D,6600.0
23,B-056,564862,2019,Jeep,Compass,LATITUDE W/S,RED,125476,No,"",2026-08-28,B,5800.0
44,F-060,564076,2018,Jeep,Compass,LATITUDE W/S,WHITE,159978,Yes,2.6,2026-08-28,F,3400.0
37,P-007,561061,2024,Jeep,Gladiator,SPORT S,GRAY,35085,Yes,3.7,2026-08-28,P,28800.0
22,E-205,563686,2020,Jeep,Gladiator,Rubicon,GRAY,56141,No,"",2026-08-28,E,29600.0
22,B-202,563920,2020,Jeep,Gladiator,SPORT S,BLACK,62465,No,"",2026-08-28,B,15500.0
23,E-168,565144,2025,Jeep,Grand Cherokee,LARED,SILVER,15234,No,"",2026-08-28,E,25200.0
32,D-280,559330,2023,Jeep,Grand Cherokee,ALTIT,WHITE,39598,Yes,4.5,2026-08-28,D,24400.0
23,B-128,562771,2020,Jeep,Grand Cherokee,ALTIT,GRAY,97370,No,"",2026-08-28,B,11000.0
30,E-100,564531,2020,Jeep,Grand Cherokee,ALTIT,WHITE,150941,No,"",2026-08-28,E,8400.0
37,C-237,564404,2019,Jeep,Grand Cherokee,OVERL,BLACK,68462,Yes,3.6,2026-08-28,C,10500.0
36,F-075,563640,2018,Jeep,Grand Cherokee,ALTIT,WHITE,64383,Yes,4.7,2026-08-28,F,15800.0
38,E-096,563979,2018,Jeep,Grand Cherokee,LIMIT,BLACK,127541,Yes,3.0,2026-08-28,E,8600.0
37,D-173,564823,2015,Jeep,Grand Cherokee,LIMIT,GRAY,219887,Yes,3.6,2026-08-28,D,2600.0
23,E-176,564191,2014,Jeep,Grand Cherokee,LARED,BLACK,188375,No,"",2026-08-28,E,2600.0
34,C-249,564684,2014,Jeep,Grand Cherokee,LIMIT,SILVER,111920,Yes,4.6,2026-08-28,C,7600.0
42,A-073,563838,2023,Jeep,Grand Cherokee L,LIM,BLACK,79069,Yes,4.3,2026-08-28,A,22300.0
41,C-032,563782,2022,Jeep,Grand Cherokee L,LIM,WHITE,72520,Yes,4.1,2026-08-28,C,20500.0
37,D-232,561541,2021,Jeep,Grand Cherokee L,LAR,BLACK,140256,Yes,4.2,2026-08-28,D,13800.0
48,D-073,560768,2008,Jeep,Liberty,Sport,SILVER,88174,Yes,3.0,2026-08-28,D,900.0
22,C-030,563661,2007,Jeep,Liberty,Sport,GREEN,222883,No,"",2026-08-28,C,1200.0
22,B-046,564877,2017,Jeep,Patriot,Latitude,SILVER,96937,No,"",2026-08-28,B,3800.0
39,F-139,564482,2014,Jeep,Patriot,Latitude,SILVER,115810,Yes,3.8,2026-08-28,F,2800.0
22,C-175,563079,2011,Jeep,Patriot,SPORT,SILVER,118974,No,"",2026-08-28,C,600.0
0,A-243,565266,2011,Jeep,Patriot,SPORT,SILVER,118974,No,"",2026-08-28,A,650.0
33,F-087,564050,2023,Jeep,Renegade,Trailhawk,BLACK,11121,Yes,4.3,2026-08-28,F,20000.0
33,E-313,564278,2019,Jeep,Renegade,Sport,TEAL,43172,Yes,4.1,2026-08-28,E,10500.0
22,B-182,564447,2017,Jeep,Renegade,Latitude,WHITE,142058,No,"",2026-08-28,B,5200.0
32,G-007,564185,2025,Jeep,Wrangler,4XE SAHARA,RED,17288,Yes,4.8,2026-08-28,G,29000.0
35,A-070,560431,2025,Jeep,Wrangler,4XE SAHARA,RED,16936,Yes,4.1,2026-08-28,A,27400.0
32,G-034,564854,2023,Jeep,Wrangler,4XE SAHARA,YELLOW,45567,Yes,4.8,2026-08-28,G,22700.0
36,B-176,563169,2023,Jeep,Wrangler,4XE SAHARA,BLACK,45420,Yes,4.4,2026-08-28,B,22900.0
22,E-195,563847,2023,Jeep,Wrangler,SPORT ALTIT,GRAY,85383,No,"",2026-08-28,E,21600.0
22,E-181,565156,2022,Jeep,Wrangler,4XE UNLIMIT,SILVER,61628,No,"",2026-08-28,E,21400.0
36,F-247,564945,2021,Jeep,Wrangler,UNLIMITED S,BLACK,59164,Yes,4.6,2026-08-28,F,25400.0
31,C-234,564235,2021,Jeep,Wrangler,UNLIMITED S,GRAY,39902,Yes,4.0,2026-08-28,C,18800.0
41,B-282,559899,2021,Jeep,Wrangler,UNLIMITED W,RED,84647,Yes,3.7,2026-08-28,B,17400.0
21,E-202,564734,2021,Jeep,Wrangler,UNLIMITED W,BLACK,80814,No,"",2026-08-28,E,19600.0
37,A-240,564330,2020,Jeep,Wrangler,UNLIMITED S,WHITE,94293,Yes,4.1,2026-08-28,A,18000.0
0,C-900,565236,2016,Jeep,Wrangler,"",SILVER,101468,No,"",2026-08-28,C,9500.0
16,C-201,563081,2016,Jeep,Wrangler,Sport,SILVER,101468,No,"",2026-08-28,C,7800.0
35,E-229,556943,2016,Jeep,Wrangler,UNLIMITED R,GRAY,41177,Yes,4.2,2026-08-28,E,14000.0
41,D-047,563998,2016,Jeep,Wrangler,UNLIMITED S,GRAY,105126,Yes,3.6,2026-08-28,D,10000.0
21,B-269,562159,2015,Jeep,Wrangler,UNLIMITED S,WHITE,155744,No,"",2026-08-28,B,8500.0
22,B-278,564838,2015,Jeep,Wrangler,UNLIMITED S,BLACK,191912,No,"",2026-08-28,B,5000.0
40,F-056,564081,2015,Jeep,Wrangler,UNLIMITED S,BLACK,159336,Yes,4.0,2026-08-28,F,8500.0
23,B-180,564450,2015,Jeep,Wrangler,UNLIMITED W,SILVER,113253,No,"",2026-08-28,B,8800.0
39,E-277,562115,2014,Jeep,Wrangler,Sport,RED,101732,Yes,4.2,2026-08-28,E,8600.0
23,B-110,562943,2014,Jeep,Wrangler,UNLIMITED A,BLUE,135001,No,"",2026-08-28,B,14000.0
51,D-155,564509,2014,Jeep,Wrangler,UNLIMITED A,BLUE,150180,Yes,3.0,2026-08-28,D,8250.0
38,F-116,560292,2014,Jeep,Wrangler,UNLIMITED S,BLACK,121457,Yes,3.6,2026-08-28,F,7000.0
31,A-072,563786,2012,Jeep,Wrangler,Sport,WHITE,88121,Yes,3.8,2026-08-28,A,7800.0
36,E-023,564557,2012,Jeep,Wrangler,Sport,BLACK,143474,Yes,4.2,2026-08-28,E,3600.0
22,F-206,564069,2007,Jeep,Wrangler,Unlimited X,GREEN,212857,No,"",2026-08-28,F,4300.0
22,E-203,563685,2003,Jeep,Wrangler,Sahara,TAN,145395,No,"",2026-08-28,E,6400.0
37,C-152,564104,2023,Kia,EV6,GT,WHITE,73270,Yes,4.2,2026-08-28,C,20500.0
33,A-010,563862,2023,Kia,Forte,LXS,GRAY,98163,Yes,4.4,2026-08-28,A,10400.0
40,F-006,563433,2021,Kia,Forte,EX,RED,90851,Yes,3.0,2026-08-28,F,4900.0
22,C-017,564982,2020,Kia,Forte,LXS,WHITE,82095,No,"",2026-08-28,C,4500.0
38,D-115,562335,2018,Kia,Forte,LX,BLUE,62776,Yes,3.0,2026-08-28,D,3700.0
33,X-069,535210,2017,Kia,Forte,LX,WHITE,101172,Yes,2.0,2026-08-28,X,1300.0
22,F-209,564059,2013,Kia,Forte,LX,SILVER,214808,No,"",2026-08-28,F,700.0
9,X-074,563744,2010,Kia,Forte,EX,BLACK,155537,No,"",2026-08-28,X,650.0
36,A-020,564170,2011,Kia,Forte Koup,SX,RED,36299,Yes,3.8,2026-08-28,A,4600.0
34,C-015,564131,2025,Kia,K4,LXS,WHITE,35748,Yes,4.7,2026-08-28,C,17500.0
34,C-058,564814,2024,Kia,K5,GT-LINE,GRAY,88372,Yes,4.4,2026-08-28,C,17400.0
36,A-197,563852,2018,Kia,Niro,EX,GRAY,138304,Yes,3.9,2026-08-28,A,4100.0
48,A-269,564428,2016,Kia,Optima,SX Turbo,RED,103600,Yes,2.9,2026-08-28,A,5000.0
22,B-162,564617,2013,Kia,Optima,HYBRID EX,WHITE,97618,No,"",2026-08-28,B,3600.0
23,A-196,564136,2012,Kia,Optima,EX,SILVER,213469,No,"",2026-08-28,A,800.0
44,D-035,563678,2017,Kia,Rio,LX,RED,200415,Yes,3.0,2026-08-28,D,1900.0
23,C-219,564789,2012,Kia,Rio,LX,BLACK,218251,No,"",2026-08-28,C,700.0
0,A-183,565247,2009,Kia,Rondo,LX,BROWN,124643,No,"",2026-08-28,A,650.0
22,E-007,564074,2009,Kia,Rondo,LX BASE,BROWN,124643,No,"",2026-08-28,E,600.0
43,D-074,562355,2019,Kia,Sedona,LX,BLUE,93758,Yes,3.0,2026-08-28,D,7800.0
16,C-040,562167,2015,Kia,Sedona,LX,RED,113044,Yes,"",2026-08-28,C,3600.0
22,F-203,564229,2011,Kia,Sedona,LX,WHITE,207329,No,"",2026-08-28,F,1300.0
44,D-086,563761,2010,Kia,Sedona,LX,RED,300686,Yes,3.4,2026-08-28,D,700.0
0,A-188,565252,2010,Kia,Sedona,LX,RED,300686,No,"",2026-08-28,A,650.0
22,B-223,564476,2022,Kia,Seltos,S,GRAY,86378,No,"",2026-08-28,B,13000.0
22,B-087,564942,2021,Kia,Seltos,EX,GRAY,106904,No,"",2026-08-28,B,10200.0
35,C-146,564134,2026,Kia,Sorento,S,SILVER,7244,Yes,4.3,2026-08-28,C,27600.0
36,C-238,563733,2022,Kia,Sorento,S,WHITE,109439,Yes,4.2,2026-08-28,C,12400.0
23,F-224,565145,2020,Kia,Sorento,LX,PURPLE,115943,No,"",2026-08-28,F,5900.0
22,E-174,564157,2016,Kia,Sorento,LX,WHITE,119342,No,"",2026-08-28,E,4100.0
22,B-065,564865,2016,Kia,Sorento,LX,RED,87921,No,"",2026-08-28,B,5900.0
36,C-263,565023,2015,Kia,Sorento,LX,PURPLE,116599,Yes,3.2,2026-08-28,C,6800.0
22,E-047,564394,2014,Kia,Sorento,LX,GRAY,201738,No,"",2026-08-28,E,1000.0
22,B-148,564540,2014,Kia,Sorento,LX,SILVER,84554,No,"",2026-08-28,B,7800.0
23,C-213,564346,2013,Kia,Sorento,LX,SILVER,229603,No,"",2026-08-28,C,900.0
34,D-105,562862,2020,Kia,Soul,LX,WHITE,53634,Yes,4.2,2026-08-28,D,9200.0
31,A-017,562908,2020,Kia,Soul,S,SILVER,74309,Yes,4.3,2026-08-28,A,5900.0
41,C-077,563921,2019,Kia,Soul,+,BLUE,148065,Yes,3.0,2026-08-28,C,2000.0
42,C-072,563925,2019,Kia,Soul,BASE,RED,117380,Yes,3.7,2026-08-28,C,5000.0
37,F-197,563879,2018,Kia,Soul,+,BLUE,91007,Yes,3.6,2026-08-28,F,5500.0
6,F-218,564075,2016,Kia,Soul,Base,GRAY,152406,No,"",2026-08-28,F,1300.0
21,C-208,564345,2016,Kia,Soul,Base,BLACK,193710,No,"",2026-08-28,C,900.0
21,C-226,564790,2014,Kia,Soul,Base,WHITE,135303,No,"",2026-08-28,C,1100.0
34,C-031,563777,2026,Kia,Sportage,EX,BLACK,1995,Yes,4.9,2026-08-28,C,26500.0
39,C-149,559263,2024,Kia,Sportage,X-Line,BLACK,12636,Yes,3.9,2026-08-28,C,23100.0
41,D-172,564822,2022,Kia,Sportage,LX,SILVER,113540,Yes,3.4,2026-08-28,D,7600.0
38,D-107,564005,2020,Kia,Sportage,LX,BLUE,111301,Yes,3.3,2026-08-28,D,7200.0
22,C-022,565007,2017,Kia,Sportage,EX,RED,177150,No,"",2026-08-28,C,3400.0
42,D-027,564376,2017,Kia,Sportage,EX,BROWN,91879,Yes,3.0,2026-08-28,D,6200.0
52,B-002,564566,2012,Kia,Sportage,BASE,SILVER,146860,Yes,3.0,2026-08-28,B,1200.0
20,C-019,564338,2012,Kia,Sportage,EX,SILVER,200268,No,"",2026-08-28,C,2100.0
47,D-058,564295,2020,Kia,Stinger,GT1,SILVER,76982,Yes,3.0,2026-08-28,D,18000.0
37,C-151,564113,2024,Kia,Telluride,EX X-LINE,WHITE,24089,Yes,3.8,2026-08-28,C,28500.0
35,Q-003,561723,2024,Kia,Telluride,SX PRESTIG,GRAY,46684,Yes,4.8,2026-08-28,Q,34800.0
39,D-234,561527,2022,Kia,Telluride,S,GRAY,99433,Yes,3.8,2026-08-28,D,15600.0
3,D-121,564088,2024,KIOTI,TRACTOR,"",ORANGE,27,No,"",2026-08-28,D,15200.0
34,E-051,564775,2025,Land Rover,Defender,"",BLACK,5003,Yes,5.0,2026-08-28,E,65000.0
34,Q-001,562512,2024,Land Rover,Defender,"",GRAY,41680,Yes,4.7,2026-08-28,Q,45000.0
34,A-174,551886,2021,Land Rover,Defender,S,BLUE,61957,Yes,4.4,2026-08-28,A,27250.0
21,E-192,562168,2018,Land Rover,Discovery Sport,HSE,SILVER,63619,No,"",2026-08-28,E,8200.0
56,X-080,563730,2017,Land Rover,Discovery Sport,HSE,WHITE,132660,Yes,2.2,2026-08-28,X,1500.0
29,A-107,564301,2024,Land Rover,Range Rover,"",WHITE,32048,Yes,3.9,2026-08-28,A,70500.0
37,A-232,564332,2019,Land Rover,Range Rover,"",WHITE,90161,Yes,4.0,2026-08-28,A,18200.0
36,A-274,564284,2018,Land Rover,Range Rover,"",WHITE,92295,Yes,4.3,2026-08-28,A,18600.0
44,C-117,564321,2020,Land Rover,Range Rover Evoque,S,SILVER,67331,Yes,3.0,2026-08-28,C,13000.0
33,A-113,564352,2025,Land Rover,Range Rover Sport,DY,BLACK,8582,Yes,4.7,2026-08-28,A,87000.0
32,G-026,564749,2022,Land Rover,Range Rover Sport,"",BLUE,22515,Yes,4.5,2026-08-28,G,63750.0
38,D-123,564095,2021,Land Rover,Range Rover Sport,"",BLACK,70298,Yes,3.8,2026-08-28,D,25500.0
32,A-116,563697,2020,Land Rover,Range Rover Sport,"",BLACK,58062,Yes,"",2026-08-28,A,26600.0
33,A-134,564597,2020,Land Rover,Range Rover Sport,"",WHITE,43050,Yes,4.1,2026-08-28,A,24400.0
36,A-127,564589,2019,Land Rover,Range Rover Sport,"",WHITE,84311,Yes,4.0,2026-08-28,A,19200.0
31,A-125,564585,2017,Land Rover,Range Rover Sport,"",SILVER,97442,Yes,4.6,2026-08-28,A,9800.0
30,A-048,563851,2021,Land Rover,Range Rover Velar,"",WHITE,71943,Yes,4.5,2026-08-28,A,22800.0
43,A-280,557811,2019,Land Rover,Range Rover Velar,R-,BLACK,93009,Yes,3.5,2026-08-28,A,11600.0
37,B-012,564037,2019,Lexus,ES 300h,ULTRA LUXURY,WHITE,123160,Yes,3.5,2026-08-28,B,20200.0
34,B-015,564043,2022,Lexus,ES 350,Ultra Luxury,BEIGE,16996,Yes,4.6,2026-08-28,B,40600.0
35,B-017,564356,2019,Lexus,ES 350,ES 350,SILVER,67849,Yes,4.6,2026-08-28,B,25000.0
35,F-250,564188,2017,Lexus,ES 350,ES 350,SILVER,28685,Yes,3.5,2026-08-28,F,21800.0
22,B-147,564474,2014,Lexus,ES 350,4DR SDN,RED,186208,No,"",2026-08-28,B,4000.0
33,B-020,564035,2024,Lexus,ES-Series,"",GRAY,44977,Yes,4.5,2026-08-28,B,38000.0
32,A-277,564282,2019,Lexus,GX 460,PREMIUM,WHITE,63970,Yes,4.8,2026-08-28,A,31000.0
41,B-018,565072,2016,Lexus,GX 460,4DR,BEIGE,119789,Yes,3.7,2026-08-28,B,21000.0
43,A-099,564190,2015,Lexus,GX 460,4DR,BLACK,187008,Yes,4.0,2026-08-28,A,14400.0
39,A-094,564139,2014,Lexus,GX 460,4DR,BLACK,90634,Yes,3.7,2026-08-28,A,16000.0
21,C-205,564342,2008,Lexus,IS 250,4DR SPORT SDN,GRAY,247050,No,"",2026-08-28,C,1200.0
23,B-122,563958,2006,Lexus,IS 250,4DR SPORT SDN,BLUE,61126,No,"",2026-08-28,B,7600.0
31,A-101,564251,2023,Lexus,IS 350,F SPORT,SILVER,39597,Yes,4.7,2026-08-28,A,39200.0
21,F-237,565137,2010,Lexus,IS 350,350C 2DR CONV,WHITE,128812,No,"",2026-08-28,F,8000.0
45,D-210,563553,2002,Lexus,LS 430,4DR SDN,WHITE,212270,Yes,3.0,2026-08-28,D,2000.0
34,F-235,565062,2026,Lexus,LX-Series,"",WHITE,10534,Yes,4.8,2026-08-28,F,105000.0
22,B-138,564539,2015,Lexus,NX 200t,F SPORT,RED,242874,No,"",2026-08-28,B,6600.0
22,B-213,564465,2020,Lexus,RC F,"",WHITE,105239,No,"",2026-08-28,B,38000.0
0,A-244,565268,2002,Lexus,RX 300,"",GOLD,409786,No,"",2026-08-28,A,650.0
23,D-182,564947,2002,Lexus,RX 300,4DR SUV W/LUX,GOLD,409786,No,"",2026-08-28,D,700.0
23,B-021,564036,2005,Lexus,RX 330,4DR SUV,WHITE,271083,No,"",2026-08-28,B,1600.0
47,A-015,560964,2005,Lexus,RX 330,4DR SUV,BEIGE,162719,Yes,3.0,2026-08-28,A,1900.0
37,A-162,564629,2021,Lexus,RX 350,RX 350,SILVER,63000,Yes,3.0,2026-08-28,A,28000.0
36,A-091,564122,2017,Lexus,RX 350,RX 350,SILVER,95097,Yes,4.3,2026-08-28,A,19200.0
39,A-160,564688,2016,Lexus,RX 350,4DR,SILVER,156685,Yes,3.7,2026-08-28,A,13600.0
22,F-234,565067,2015,Lexus,RX 350,4DR,BEIGE,155491,No,"",2026-08-28,F,8500.0
39,F-143,564484,2015,Lexus,RX 350,4DR,BLACK,138517,Yes,3.5,2026-08-28,F,9600.0
33,A-096,564167,2013,Lexus,RX 350,4DR,SILVER,211168,Yes,4.3,2026-08-28,A,7700.0
23,F-244,565081,2012,Lexus,RX 350,4DR,RED,265134,No,"",2026-08-28,F,5400.0
22,F-249,564141,2011,Lexus,RX 350,4DR,GRAY,230761,No,"",2026-08-28,F,5700.0
21,F-118,564324,2010,Lexus,RX 350,4DR,BLACK,214531,No,"",2026-08-28,F,5000.0
23,B-024,565084,2008,Lexus,RX 350,4DR,RED,273900,No,"",2026-08-28,B,1800.0
23,F-240,565142,2008,Lexus,RX 350,4DR,WHITE,272419,No,"",2026-08-28,F,1800.0
37,B-019,564355,2015,Lexus,RX 450h,4DR,BEIGE,131636,Yes,4.7,2026-08-28,B,11400.0
22,F-255,563215,2012,Lexus,RX 450h,4DR HYBR,GRAY,183071,No,"",2026-08-28,F,3800.0
22,A-118,564573,2024,Lexus,RX-Series,"",BLACK,23538,Yes,"",2026-08-28,A,50500.0
40,F-254,564156,2024,Lexus,TX-Series,"",WHITE,21963,Yes,3.0,2026-08-28,F,41600.0
0,Q-012,564646,2023,Lexus,UX 250h,"","",0,No,"",2026-08-28,Q,32500.0
34,A-239,562277,2024,Lincoln,Aviator,Black Label,SILVER,23354,Yes,4.4,2026-08-28,A,52200.0
38,B-033,563968,2021,Lincoln,Aviator,Reserve,BLACK,68234,Yes,3.5,2026-08-28,B,23000.0
22,B-078,564996,2020,Lincoln,Aviator,Reserve,WHITE,44084,No,"",2026-08-28,B,24400.0
32,E-281,563999,2020,Lincoln,Aviator,Reserve,BROWN,66696,Yes,4.6,2026-08-28,E,22400.0
38,B-005,564567,2020,Lincoln,Aviator,Reserve,BLACK,89926,Yes,3.9,2026-08-28,B,21400.0
36,D-289,561814,2022,Lincoln,Corsair,Standard,BLACK,70125,Yes,4.6,2026-08-28,D,18200.0
36,E-027,564562,2018,Lincoln,MKC,Select,BLUE,102422,Yes,3.6,2026-08-28,E,3800.0
43,A-021,564555,2016,Lincoln,MKC,Reserve,BLACK,234249,Yes,3.0,2026-08-28,A,900.0
35,G-004,563249,2023,Lincoln,Nautilus,Black Label,BLACK,29775,Yes,4.3,2026-08-28,G,39200.0
40,G-030,563264,2022,Lincoln,Nautilus,STANDARD,BLACK,30835,Yes,4.5,2026-08-28,G,21800.0
35,B-032,563246,2021,Lincoln,Nautilus,Reserve,GRAY,75337,Yes,3.8,2026-08-28,B,19600.0
22,B-071,564991,2024,Lincoln,Navigator,Reserve,BLACK,15841,No,"",2026-08-28,B,63250.0
37,M-001,562809,2022,Lincoln,Navigator L,"",WHITE,113979,Yes,4.6,2026-08-28,M,35000.0
37,E-056,564395,2016,Maserati,Ghibli,S,BLACK,88911,Yes,3.7,2026-08-28,E,7800.0
38,F-070,563642,2024,Mazda,CX-30,2.5 S,BLACK,19414,Yes,4.3,2026-08-28,F,20000.0
36,D-072,562658,2023,Mazda,CX-30,2.5 S,BLACK,22418,Yes,4.3,2026-08-28,D,18800.0
42,F-074,563641,2021,Mazda,CX-30,Select,BLACK,88451,Yes,3.6,2026-08-28,F,10700.0
22,B-092,564925,2021,Mazda,CX-30,TURBO PREMIUM,GRAY,59479,No,"",2026-08-28,B,17800.0
39,F-064,564098,2023,Mazda,CX-5,2.5 S PREFERRED,BLACK,61736,Yes,3.4,2026-08-28,F,19000.0
22,P-012,564577,2023,Mazda,CX-5,2.5 S PREMIUM P,BLACK,38390,No,"",2026-08-28,P,23000.0
35,D-057,562228,2021,Mazda,CX-5,Grand Touring,RED,25491,Yes,4.9,2026-08-28,D,23000.0
40,A-076,564199,2020,Mazda,CX-5,Grand Touring,RED,75565,Yes,4.2,2026-08-28,A,15500.0
10,X-097,564908,2020,Mazda,CX-5,Sport,BLUE,269253,No,"",2026-08-28,X,3700.0
22,B-192,560061,2019,Mazda,CX-5,Sport,BLACK,86064,No,"",2026-08-28,B,10500.0
42,F-071,563639,2019,Mazda,CX-5,Touring,BLUE,72936,Yes,3.3,2026-08-28,F,14000.0
34,F-107,564124,2019,Mazda,CX-5,Touring,BLUE,80381,Yes,3.6,2026-08-28,F,13600.0
22,B-134,564179,2018,Mazda,CX-5,Grand Touring,WHITE,83974,No,"",2026-08-28,B,15100.0
41,E-115,564855,2016,Mazda,CX-5,Sport,RED,124349,Yes,3.5,2026-08-28,E,6500.0
34,G-011,564402,2025,Mazda,CX-50,2.5 S PREMIUM,WHITE,16644,Yes,4.6,2026-08-28,G,28400.0
36,D-159,563714,2023,Mazda,CX-50,2.5 S PREMIUM,GRAY,35115,Yes,4.4,2026-08-28,D,23700.0
21,B-154,564537,2011,Mazda,CX-7,i Sport,WHITE,148911,No,"",2026-08-28,B,800.0
41,E-014,564900,2010,Mazda,CX-7,GRAND TOURING,SILVER,176295,Yes,2.9,2026-08-28,E,900.0
40,D-045,563719,2023,Mazda,CX-9,Touring,BLACK,128801,Yes,4.2,2026-08-28,D,14200.0
47,C-167,563899,2016,Mazda,CX-9,Touring,BLACK,138976,Yes,3.5,2026-08-28,C,6400.0
8,X-082,560837,2014,Mazda,CX-9,Touring,BLACK,153920,No,"",2026-08-28,X,650.0
44,E-146,564217,2013,Mazda,CX-9,Grand Touring,WHITE,154162,Yes,3.0,2026-08-28,E,3400.0
22,F-106,564099,2011,Mazda,CX-9,Touring,GRAY,176315,No,"",2026-08-28,F,2400.0
22,E-122,564844,2014,Mazda,Mazda2,Touring,WHITE,208323,No,"",2026-08-28,E,600.0
0,A-189,565253,2014,Mazda,Mazda2,Touring,WHITE,208323,No,"",2026-08-28,A,650.0
22,B-083,564929,2024,Mazda,Mazda3,SEDAN 2.5 S P,BLUE,26556,No,"",2026-08-28,B,18600.0
38,A-208,563519,2014,Mazda,Mazda3,I GRAND TOURI,BLUE,120049,Yes,3.0,2026-08-28,A,4900.0
43,A-227,565117,2014,Mazda,Mazda3,S GRAND TOURI,BLUE,219516,Yes,3.0,2026-08-28,A,2400.0
22,B-142,564468,2013,Mazda,Mazda3,i Touring,GRAY,115549,No,"",2026-08-28,B,3200.0
0,A-262,565277,2011,Mazda,Mazda3,i Sport,SILVER,162034,No,"",2026-08-28,A,650.0
22,C-194,563886,2011,Mazda,Mazda3,i Sport,SILVER,162034,No,"",2026-08-28,C,600.0
42,A-044,564242,2014,Mazda,Mazda6,i Touring,WHITE,214944,Yes,3.8,2026-08-28,A,1600.0
35,D-059,562009,2023,Mazda,MX-5 Miata,MIATA RF GRAND,GRAY,43580,Yes,4.3,2026-08-28,D,21400.0
32,P-003,563425,2016,Mazda,MX-5 Miata,MIATA GRAND TOU,BLUE,77189,Yes,4.7,2026-08-28,P,12100.0
34,C-168,563897,2019,Mercedes-Benz,A-Class,"",SILVER,62139,Yes,4.5,2026-08-28,C,12200.0
22,F-067,564145,2014,Mercedes-Benz,C Class,C 250 SPORT,SILVER,103622,No,"",2026-08-28,F,5400.0
42,A-024,561739,2014,Mercedes-Benz,C Class,C 250 SPORT,WHITE,137244,Yes,3.0,2026-08-28,A,1800.0
38,A-172,564716,2013,Mercedes-Benz,C Class,C 250 SPORT,BLACK,69356,Yes,"",2026-08-28,A,5000.0
22,E-261,562738,2012,Mercedes-Benz,C Class,C 63 AMG,BLACK,115440,No,"",2026-08-28,E,13200.0
0,A-272,565285,2006,Mercedes-Benz,C Class,C280,BLACK,234762,No,"",2026-08-28,A,650.0
22,B-197,563913,2006,Mercedes-Benz,C Class,LUXURY,BLACK,234762,No,"",2026-08-28,B,600.0
33,P-011,562832,2023,Mercedes-Benz,C-Class,"",GRAY,22545,Yes,4.4,2026-08-28,P,30800.0
33,M-010,562889,2022,Mercedes-Benz,C-Class,"",SILVER,22475,Yes,4.6,2026-08-28,M,27000.0
8,X-098,561234,2018,Mercedes-Benz,C-Class,"",RED,94789,No,"",2026-08-28,X,10200.0
34,A-161,564696,2018,Mercedes-Benz,C-Class,"",SILVER,141464,Yes,4.4,2026-08-28,A,6200.0
46,F-150,564258,2018,Mercedes-Benz,C-Class,"",WHITE,117174,Yes,3.0,2026-08-28,F,8800.0
45,A-025,561368,2016,Mercedes-Benz,C-Class,"",BLACK,60863,Yes,3.0,2026-08-28,A,8400.0
53,D-226,563540,2008,Mercedes-Benz,CL Class,V8,BLACK,48617,Yes,2.0,2026-08-28,D,4600.0
38,A-117,563698,2021,Mercedes-Benz,CLA,250 CLA 250 COUP,GRAY,30972,Yes,4.5,2026-08-28,A,20200.0
6,X-064,564598,2006,Mercedes-Benz,CLS Class,4DR SDN 5.,SILVER,109229,No,"",2026-08-28,X,650.0
22,F-037,557065,2015,Mercedes-Benz,E Class,"",WHITE,95925,No,"",2026-08-28,F,8400.0
39,A-176,556574,2015,Mercedes-Benz,E Class,"",WHITE,152596,Yes,3.6,2026-08-28,A,4400.0
22,E-193,563842,2012,Mercedes-Benz,E Class,E 350 LUXURY,WHITE,155624,No,"",2026-08-28,E,3100.0
23,B-157,564611,2011,Mercedes-Benz,E Class,E 350 LUXURY,WHITE,171176,No,"",2026-08-28,B,3000.0
46,C-122,562574,2011,Mercedes-Benz,E Class,E 350 LUXURY,SILVER,136946,Yes,3.0,2026-08-28,C,2100.0
31,A-095,563381,2010,Mercedes-Benz,E Class,E 350,BLUE,182311,Yes,3.6,2026-08-28,A,1100.0
22,F-129,565166,2001,Mercedes-Benz,E Class,4DR SDN 4.3L,WHITE,179226,No,"",2026-08-28,F,600.0
0,A-190,565255,2001,Mercedes-Benz,E Class,E430,WHITE,179226,No,"",2026-08-28,A,650.0
40,A-098,564563,2019,Mercedes-Benz,E-Class,"",WHITE,72122,Yes,3.4,2026-08-28,A,38000.0
39,A-153,564708,2017,Mercedes-Benz,E-Class,"",GRAY,95342,Yes,4.4,2026-08-28,A,12800.0
35,E-008,564543,2016,Mercedes-Benz,E-Class,"",BLACK,143277,Yes,3.5,2026-08-28,E,5000.0
22,C-041,564119,2010,Mercedes-Benz,GL Class,GL 450,BLACK,130395,No,"",2026-08-28,C,3600.0
31,G-029,564744,2023,Mercedes-Benz,GLA,250 GLA 250 SUV,BLUE,21798,Yes,4.7,2026-08-28,G,23600.0
39,P-002,562643,2021,Mercedes-Benz,GLA,250 GLA 250 SUV,WHITE,54050,Yes,3.6,2026-08-28,P,17500.0
23,B-035,563971,2016,Mercedes-Benz,GLA,250 4DR GLA,BLACK,120022,No,"",2026-08-28,B,5700.0
32,A-124,564602,2015,Mercedes-Benz,GLA Class,"",BLACK,105000,Yes,2.9,2026-08-28,A,3800.0
27,G-005,564623,2026,Mercedes-Benz,GLB,250 GLB 250 SUV,BLACK,2499,Yes,5.0,2026-08-28,G,32400.0
36,A-054,563508,2022,Mercedes-Benz,GLB,250 4MATIC,GRAY,57576,Yes,4.8,2026-08-28,A,19800.0
39,F-232,555103,2021,Mercedes-Benz,GLC,300 SUV,WHITE,47667,Yes,3.6,2026-08-28,F,18000.0
43,D-223,563543,2016,Mercedes-Benz,GLC,300 4MATIC,BLACK,141516,Yes,3.0,2026-08-28,D,4800.0
33,F-259,564948,2024,Mercedes-Benz,GLE,GLE 350,WHITE,22109,Yes,5.0,2026-08-28,F,43000.0
26,M-018,562957,2023,Mercedes-Benz,GLE,"",BLACK,45352,Yes,3.9,2026-08-28,M,54300.0
39,A-041,561399,2021,Mercedes-Benz,GLE,350 GLE 350 SUV,BLACK,42862,Yes,3.8,2026-08-28,A,27000.0
23,F-273,563993,2017,Mercedes-Benz,GLE,350 4MATIC,BLACK,99648,No,"",2026-08-28,F,9600.0
21,B-105,563172,2016,Mercedes-Benz,GLE,350 4DR GLE,SILVER,97474,No,"",2026-08-28,B,11800.0
37,P-008,562586,2016,Mercedes-Benz,GLE,350 4DR GLE,BLACK,78785,Yes,4.5,2026-08-28,P,10200.0
22,B-106,562942,2013,Mercedes-Benz,GLK Class,GLK 250 BL,WHITE,134860,No,"",2026-08-28,B,3400.0
38,A-268,564423,2020,Mercedes-Benz,GLS,450 4MATIC,WHITE,27928,Yes,4.5,2026-08-28,A,24600.0
45,D-218,563551,2010,Mercedes-Benz,M Class,ML 350,BLUE,160299,Yes,3.0,2026-08-28,D,3000.0
22,E-111,565040,2007,Mercedes-Benz,R Class,3.5L,SILVER,234300,No,"",2026-08-28,E,1000.0
36,A-157,564705,2015,Mercedes-Benz,S Class,"",SILVER,59415,Yes,3.6,2026-08-28,A,35000.0
37,A-159,564681,2019,Mercedes-Benz,S-Class,"",WHITE,57564,Yes,4.1,2026-08-28,A,32800.0
43,D-276,564907,2014,Mercedes-Benz,SLK Class,SLK 250,BLACK,88984,Yes,3.0,2026-08-28,D,7000.0
7,A-031,563536,2018,Mercedes-Benz,SPRINTER 2500 STANDA,"",BLUE,139420,No,"",2026-08-28,A,4600.0
20,X-008,531978,2018,Mercedes-Benz,SPRINTER 2500 STANDA,"",GRAY,187477,Yes,0.5,2026-08-28,X,3000.0
22,C-075,563930,2003,Mercury,Grand Marquis,GS CON,BLACK,173624,No,"",2026-08-28,C,650.0
10,X-096,564600,2005,Mercury,Mariner,LUXURY,GOLD,209318,No,"",2026-08-28,X,650.0
22,B-169,564870,2020,Mini,Cooper,"",BLUE,57988,No,"",2026-08-28,B,12200.0
36,F-194,562440,2019,Mini,Cooper,"",ORANGE,41042,Yes,4.3,2026-08-28,F,12500.0
22,E-304,564137,2011,Mini,Cooper,HARDTOP 2DR C,WHITE,62407,No,"",2026-08-28,E,2300.0
35,D-161,564632,2008,Mini,Cooper,HARDTOP 2DR C,GREEN,74533,Yes,3.9,2026-08-28,D,2100.0
40,A-089,564239,2020,Mini,Cooper Countryman,"",BLACK,46449,Yes,3.4,2026-08-28,A,14000.0
22,C-185,564364,2017,Mitsubishi,Lancer,ES,WHITE,174551,No,"",2026-08-28,C,1400.0
45,D-214,563556,2015,Mitsubishi,Mirage,DE,RED,133415,Yes,3.0,2026-08-28,D,900.0
32,F-287,564661,2024,Mitsubishi,Outlander,SE,BLACK,58493,Yes,4.6,2026-08-28,F,16900.0
36,C-147,562477,2024,Mitsubishi,Outlander,SE,RED,43421,Yes,3.7,2026-08-28,C,19000.0
46,C-064,561715,2019,Mitsubishi,Outlander,ES,BLUE,122677,Yes,3.0,2026-08-28,C,6800.0
44,D-038,563721,2011,Mitsubishi,Outlander,GT,WHITE,58216,Yes,3.4,2026-08-28,D,3400.0
22,C-029,563770,2008,Mitsubishi,Outlander,LS,GRAY,142901,No,"",2026-08-28,C,1300.0
22,B-249,564004,2015,Mitsubishi,Outlander Sport,ES,WHITE,120130,No,"",2026-08-28,B,3600.0
43,F-176,563065,2013,Mitsubishi,Outlander Sport,SE,BLUE,101826,Yes,3.0,2026-08-28,F,1500.0
31,B-201,564478,2025,Nissan,Altima,SV,WHITE,31874,Yes,4.6,2026-08-28,B,18800.0
23,M-002,563520,2025,Nissan,Altima,SV,BLACK,53414,No,"",2026-08-28,M,17000.0
23,M-014,563948,2025,Nissan,Altima,SV,GRAY,40300,No,"",2026-08-28,M,17000.0
22,B-049,564848,2019,Nissan,Altima,2.5 S,WHITE,162706,No,"",2026-08-28,B,4000.0
21,C-091,564006,2018,Nissan,Altima,2.5 SR,BLUE,157480,No,"",2026-08-28,C,4100.0
22,C-059,564815,2017,Nissan,Altima,2.5 SR,BLACK,188344,No,"",2026-08-28,C,4200.0
46,C-133,564323,2016,Nissan,Altima,2.5 SL,BLACK,110871,Yes,3.1,2026-08-28,C,5800.0
50,C-127,564294,2015,Nissan,Altima,2.5,SILVER,225081,Yes,3.0,2026-08-28,C,700.0
22,F-108,564120,2015,Nissan,Altima,2.5 S,SILVER,90316,No,"",2026-08-28,F,6200.0
22,C-073,563348,2015,Nissan,Altima,3.5 S,BLACK,156776,No,"",2026-08-28,C,1900.0
34,A-007,563861,2014,Nissan,Altima,2.5,GRAY,93257,Yes,3.7,2026-08-28,A,6600.0
21,F-083,564062,2013,Nissan,Altima,2.5 S,BLACK,139617,No,"",2026-08-28,F,2000.0
23,B-214,564162,2013,Nissan,Altima,2.5 SL,GRAY,153746,No,"",2026-08-28,B,2500.0
44,D-110,564026,2013,Nissan,Altima,2.5 SL,GRAY,129738,Yes,3.0,2026-08-28,D,3300.0
34,B-006,564552,2013,Nissan,Altima,2.5 SV,SILVER,103144,Yes,4.5,2026-08-28,B,6100.0
41,D-160,564628,2012,Nissan,Altima,2.5,WHITE,189916,Yes,3.7,2026-08-28,D,1400.0
56,A-093,560841,2012,Nissan,Altima,2.5 SL,BLACK,162125,Yes,3.0,2026-08-28,A,1200.0
8,X-073,563791,2011,Nissan,Altima,2.5 S,GRAY,320015,No,"",2026-08-28,X,650.0
23,F-201,564794,2011,Nissan,Altima,2.5 SL,BLUE,122679,No,"",2026-08-28,F,700.0
41,A-220,564393,2017,Nissan,Armada,PLATINUM,BLACK,143741,Yes,3.4,2026-08-28,A,4400.0
41,E-082,563144,2017,Nissan,Armada,PLATINUM,BLACK,169485,Yes,3.5,2026-08-28,E,4600.0
22,C-088,564820,2015,Nissan,Armada,SL,BLACK,193760,No,"",2026-08-28,C,3600.0
5,P-013,564922,2025,Nissan,Frontier,SV,GRAY,6194,No,"",2026-08-28,P,32250.0
41,X-002,560334,2018,Nissan,Frontier,SV V6,WHITE,165141,Yes,0.5,2026-08-28,X,900.0
39,D-008,561822,2006,Nissan,Frontier,LE,GRAY,142985,Yes,3.0,2026-08-28,D,4400.0
23,B-113,563681,2013,Nissan,JUKE,S,BLUE,125622,No,"",2026-08-28,B,800.0
22,E-194,563846,2026,Nissan,Kicks,SV,BROWN,13426,No,"",2026-08-28,E,18400.0
33,F-166,565100,2020,Nissan,Kicks,SV,RED,32845,Yes,4.2,2026-08-28,F,10800.0
22,B-144,564469,2018,Nissan,Maxima,PLATINUM,GRAY,81549,No,"",2026-08-28,B,15000.0
22,C-006,562285,2014,Nissan,Maxima,3.5 SV,BLACK,80150,No,"",2026-08-28,C,2800.0
22,F-262,565085,2014,Nissan,Maxima,3.5 SV W/PREM,WHITE,74666,No,"",2026-08-28,F,5800.0
22,E-172,564231,2025,Nissan,Murano,SV,RED,16097,No,"",2026-08-28,E,25000.0
38,D-166,564804,2019,Nissan,Murano,SL,BLACK,57765,Yes,3.7,2026-08-28,D,14000.0
41,F-286,565096,2019,Nissan,Murano,SL,BLACK,78085,Yes,3.0,2026-08-28,F,12000.0
41,C-056,564816,2018,Nissan,Murano,SL,SILVER,114980,Yes,3.9,2026-08-28,C,7500.0
43,F-230,563073,2016,Nissan,Murano,PLATINUM,GRAY,109973,Yes,3.6,2026-08-28,F,6100.0
41,E-161,565057,2012,Nissan,Murano,S,BLACK,179439,Yes,3.0,2026-08-28,E,1900.0
22,C-069,563927,2010,Nissan,Murano,SL,WHITE,181606,No,"",2026-08-28,C,800.0
43,E-127,564874,2017,Nissan,MURANO PLATINUM,"",RED,120906,Yes,3.0,2026-08-28,E,7600.0
22,C-096,564873,2018,Nissan,NV 1500,"",WHITE,155660,No,"",2026-08-28,C,8000.0
22,M-004,563531,2025,Nissan,Pathfinder,SV,GRAY,43830,No,"",2026-08-28,M,24200.0
36,F-228,543918,2020,Nissan,Pathfinder,SV,BLUE,83818,Yes,4.0,2026-08-28,F,5000.0
40,F-242,565177,2015,Nissan,Pathfinder,SL,BLACK,106695,Yes,3.5,2026-08-28,F,4700.0
23,F-223,565139,2014,Nissan,Pathfinder,SL,RED,163296,No,"",2026-08-28,F,2800.0
22,B-133,564175,2004,Nissan,Pathfinder Armada,LE,WHITE,212754,No,"",2026-08-28,B,1000.0
33,C-179,562573,2024,Nissan,Rogue,SV,BLACK,55461,Yes,4.6,2026-08-28,C,16300.0
22,B-062,564894,2023,Nissan,Rogue,SL,BLACK,69928,No,"",2026-08-28,B,15800.0
35,D-185,564954,2023,Nissan,Rogue,SV,SILVER,82301,Yes,4.5,2026-08-28,D,12800.0
27,X-031,561671,2021,Nissan,Rogue,SV,SILVER,133103,Yes,1.6,2026-08-28,X,5000.0
32,D-051,563738,2019,Nissan,Rogue,SV,SILVER,78462,Yes,4.8,2026-08-28,D,12000.0
39,F-120,564328,2017,Nissan,Rogue,S,BLACK,120447,Yes,3.6,2026-08-28,F,4700.0
23,D-021,564964,2017,Nissan,Rogue,S,GRAY,89858,No,"",2026-08-28,D,5800.0
23,F-065,564127,2017,Nissan,Rogue,SV,BLACK,96362,No,"",2026-08-28,F,6300.0
38,A-027,564579,2017,Nissan,Rogue,SV,GRAY,94563,Yes,3.0,2026-08-28,A,6000.0
43,E-034,564560,2016,Nissan,Rogue,SL,RED,86143,Yes,3.4,2026-08-28,E,6400.0
39,C-078,564014,2016,Nissan,Rogue,SV,SILVER,130050,Yes,3.6,2026-08-28,C,5400.0
40,C-252,564230,2015,Nissan,Rogue,SL,SILVER,155509,Yes,3.7,2026-08-28,C,3600.0
22,C-190,563745,2015,Nissan,Rogue,SV,WHITE,107779,No,"",2026-08-28,C,5100.0
22,F-080,564125,2014,Nissan,Rogue,SL,GREEN,104346,No,"",2026-08-28,F,5100.0
39,E-009,564903,2013,Nissan,Rogue,SL,GRAY,89337,Yes,3.0,2026-08-28,E,3600.0
5,F-124,565171,2011,Nissan,Rogue,S,GRAY,155643,No,"",2026-08-28,F,800.0
23,E-186,563859,2008,Nissan,Rogue,SL,BLACK,148772,No,"",2026-08-28,E,1300.0
22,B-132,564178,2015,Nissan,Rogue Select,S,RED,204812,No,"",2026-08-28,B,1000.0
37,A-009,561922,2021,Nissan,Rogue Sport,S,SILVER,107679,Yes,4.3,2026-08-28,A,8300.0
37,D-181,564946,2020,Nissan,Rogue Sport,S,GREEN,195211,Yes,3.4,2026-08-28,D,4600.0
37,C-100,564368,2018,Nissan,Rogue Sport,SL,BLUE,136807,Yes,4.6,2026-08-28,C,7600.0
22,D-022,564969,2018,Nissan,Rogue Sport,SV,BLACK,124613,No,"",2026-08-28,D,4200.0
22,M-013,563949,2025,Nissan,Sentra,SV,RED,39171,No,"",2026-08-28,M,16400.0
23,B-112,563680,2019,Nissan,Sentra,SV,SILVER,100338,No,"",2026-08-28,B,6400.0
44,D-177,564796,2019,Nissan,Sentra,SV,BLUE,147475,Yes,3.0,2026-08-28,D,1300.0
42,E-287,559083,2019,Nissan,Sentra,SV,BLUE,86476,Yes,3.0,2026-08-28,E,5200.0
6,C-010,562282,2018,Nissan,Sentra,SV,RED,53205,No,"",2026-08-28,C,4100.0
23,E-200,564710,2018,Nissan,Sentra,SV,WHITE,114981,No,"",2026-08-28,E,1900.0
48,E-002,564913,2017,Nissan,Sentra,S,BLACK,126918,Yes,3.0,2026-08-28,E,1700.0
19,F-252,562118,2014,Nissan,Sentra,SL,BLACK,109982,No,"",2026-08-28,F,1600.0
36,D-083,563129,2014,Nissan,Sentra,SR,SILVER,107619,Yes,3.0,2026-08-28,D,1800.0
51,C-107,563866,2007,Nissan,Sentra,SE-R Spec V,BLACK,106126,Yes,3.0,2026-08-28,C,2500.0
49,D-046,563669,2017,Nissan,Titan,PLATINUM RESER,BLUE,112341,Yes,3.0,2026-08-28,D,11800.0
22,B-199,563918,2004,Nissan,Titan,LE,WHITE,162443,No,"",2026-08-28,B,5400.0
22,B-048,564882,2021,Nissan,Versa,SV,BLUE,121135,No,"",2026-08-28,B,5700.0
40,B-310,563011,2017,Nissan,Versa,SEDAN S,BLACK,277811,Yes,3.2,2026-08-28,B,800.0
22,C-189,563894,2016,Nissan,Versa,SV,BLUE,184240,No,"",2026-08-28,C,600.0
0,A-254,565276,2016,Nissan,Versa,SV,BLUE,184240,No,"",2026-08-28,A,650.0
0,A-187,565251,2013,Nissan,Versa,SV,GRAY,113416,No,"",2026-08-28,A,650.0
47,E-103,563774,2013,Nissan,Versa,SV,GRAY,113416,Yes,3.0,2026-08-28,E,600.0
49,E-157,565065,2010,Pontiac,G6,W/1SH,BLACK,138215,Yes,3.0,2026-08-28,E,700.0
48,E-156,565066,2005,Pontiac,G6,4DR SDN,SILVER,153979,Yes,3.0,2026-08-28,E,700.0
21,B-069,565083,2007,Pontiac,Solstice,2DR CONVERT,RED,56898,No,"",2026-08-28,B,7200.0
22,F-041,564768,2006,Pontiac,Vibe,4DR HB,SILVER,196961,No,"",2026-08-28,F,1500.0
38,A-257,563460,2016,Porsche,Cayenne,TURBO,BLACK,63567,Yes,3.9,2026-08-28,A,23800.0
21,B-041,564683,2014,Porsche,Cayenne,DIESEL,BLUE,111576,No,"",2026-08-28,B,10000.0
26,G-025,564635,2026,Porsche,Macan,"",SILVER,5065,Yes,4.8,2026-08-28,G,55500.0
30,A-258,562126,2026,Porsche,Macan,"",BLUE,6073,Yes,4.7,2026-08-28,A,57000.0
35,G-031,564859,2025,Ram,1500,Big Horn,BLUE,39513,Yes,4.4,2026-08-28,G,33000.0
30,G-033,564856,2025,Ram,1500,Rebel,SILVER,27335,Yes,4.7,2026-08-28,G,43000.0
22,E-173,565150,2024,Ram,1500,Big Horn,RED,16927,No,"",2026-08-28,E,34000.0
22,E-169,565155,2024,Ram,1500,Laramie,GRAY,32834,No,"",2026-08-28,E,36600.0
33,D-019,564640,2022,Ram,1500,Rebel,RED,96334,Yes,4.5,2026-08-28,D,27600.0
38,E-101,563969,2021,Ram,1500,Limited,GRAY,122283,Yes,3.9,2026-08-28,E,22800.0
36,C-159,563901,2020,Ram,1500,Big Horn,BLACK,96661,Yes,4.3,2026-08-28,C,19000.0
22,E-196,563848,2020,Ram,1500,Limited,WHITE,190402,No,"",2026-08-28,E,13600.0
22,E-208,563688,2020,Ram,1500,LONGHORN,WHITE,154958,No,"",2026-08-28,E,19400.0
22,E-233,564032,2019,Ram,1500,Laramie,WHITE,234537,No,"",2026-08-28,E,10700.0
21,E-204,564725,2018,Ram,1500,EXPRESS,BLUE,141313,No,"",2026-08-28,E,9200.0
36,C-044,564133,2018,Ram,1500,Laramie,WHITE,104102,Yes,3.3,2026-08-28,C,14000.0
37,C-083,564511,2018,Ram,1500,LIMITED,BLACK,93761,Yes,4.4,2026-08-28,C,23200.0
22,F-077,563593,2017,Ram,1500,EXPRESS,GRAY,164185,No,"",2026-08-28,F,8400.0
44,E-045,564700,2017,Ram,1500,SLT,SILVER,185519,Yes,3.0,2026-08-28,E,5000.0
39,A-110,564311,2016,Ram,1500,Rebel,BLACK,131468,Yes,3.7,2026-08-28,A,14600.0
43,E-091,564522,2016,Ram,1500,SLT,GRAY,136168,Yes,3.6,2026-08-28,E,8400.0
34,X-003,557090,2015,Ram,1500,BIG HORN,WHITE,144830,Yes,0.5,2026-08-28,X,3000.0
22,D-020,564645,2015,Ram,1500,Tradesman,GRAY,187480,No,"",2026-08-28,D,4400.0
22,A-237,564243,2012,Ram,1500,BIG HORN,SILVER,154599,No,"",2026-08-28,A,7300.0
22,E-214,564730,2012,Ram,1500,Sport,BLACK,108800,No,"",2026-08-28,E,7000.0
45,D-015,560938,2011,Ram,1500,BIG HORN,WHITE,145046,Yes,3.0,2026-08-28,D,3600.0
35,D-199,545027,2024,Ram,1500 ProMaster Vans,"",WHITE,51434,Yes,2.7,2026-08-28,D,20400.0
23,E-184,565154,2026,Ram,2500,Laramie,WHITE,4262,No,"",2026-08-28,E,73600.0
21,E-171,564205,2025,Ram,2500,Tradesman,WHITE,12043,No,"",2026-08-28,E,48800.0
21,E-170,565134,2021,Ram,2500,Laramie,BLUE,92037,No,"",2026-08-28,E,41200.0
39,F-058,564091,2019,Ram,2500,Big Horn,GRAY,186087,Yes,3.0,2026-08-28,F,21000.0
30,E-315,564270,2020,Ram,2500 ProMaster Vans,"",WHITE,95463,Yes,3.0,2026-08-28,E,12000.0
34,F-154,564348,2025,Ram,3500,Big Horn,WHITE,30926,Yes,4.5,2026-08-28,F,57000.0
40,E-231,564024,2020,Ram,3500,Limited,WHITE,86202,Yes,3.5,2026-08-28,E,47200.0
21,C-021,564979,2020,Ram,Promaster City,CARGO,WHITE,143135,No,"",2026-08-28,C,3500.0
22,B-121,563953,2007,Saturn,Ion,ION 3,SILVER,102440,No,"",2026-08-28,B,600.0
0,A-192,565259,2007,Saturn,Ion,LEVEL 3,SILVER,102440,No,"",2026-08-28,A,650.0
43,D-206,542250,2016,Scion,iM,5DR HB CVT (SE),RED,118606,Yes,3.0,2026-08-28,D,4000.0
41,A-018,564140,2014,Scion,xD,5DR HB AUTO (GS),BLUE,101697,Yes,3.5,2026-08-28,A,5600.0
21,F-241,565140,2017,Smart,fortwo,PURE,WHITE,207636,No,"",2026-08-28,F,2100.0
5,D-119,564073,2024,SPARTAIN,RZ HD 54 IN,"",GRAY,7,No,"",2026-08-28,D,3500.0
40,F-023,557670,2022,Subaru,Ascent,Onyx Edition,WHITE,74794,Yes,4.5,2026-08-28,F,17000.0
38,D-084,559481,2022,Subaru,Ascent,Touring,GRAY,149980,Yes,4.1,2026-08-28,D,11800.0
39,A-106,564300,2021,Subaru,Ascent,Premium,SILVER,106304,Yes,3.0,2026-08-28,A,13600.0
34,F-090,564115,2025,Subaru,Crosstrek,Sport,BLUE,14754,Yes,4.8,2026-08-28,F,24400.0
39,F-097,563650,2019,Subaru,Crosstrek,Premium,RED,89113,Yes,4.3,2026-08-28,F,13200.0
24,G-021,563535,2026,Subaru,Forester,PREMIUM,GRAY,3757,Yes,4.9,2026-08-28,G,27600.0
33,G-003,564380,2025,Subaru,Forester,"",BLUE,10394,Yes,4.9,2026-08-28,G,24400.0
31,D-053,563743,2025,Subaru,Forester,TOURING,SILVER,16044,Yes,4.3,2026-08-28,D,30400.0
31,D-056,562876,2024,Subaru,Forester,TOURING,BLUE,12306,Yes,4.6,2026-08-28,D,29200.0
22,F-099,564114,2020,Subaru,Forester,LIMITED,SILVER,106854,No,"",2026-08-28,F,12400.0
36,D-151,564456,2020,Subaru,Forester,PREMIUM,RED,91904,Yes,4.0,2026-08-28,D,13800.0
34,D-052,563740,2020,Subaru,Forester,SPORT,GRAY,56339,Yes,4.5,2026-08-28,D,19000.0
32,A-043,564255,2019,Subaru,Forester,LIMITED,GRAY,86406,Yes,4.0,2026-08-28,A,14600.0
45,A-205,565209,2018,Subaru,Forester,PREMIUM,BLUE,107538,Yes,3.1,2026-08-28,A,7000.0
22,C-221,564782,2015,Subaru,Forester,2.5i,GRAY,132836,No,"",2026-08-28,C,4400.0
38,A-229,565124,2014,Subaru,Forester,2.5I PREMIU,GREEN,133755,Yes,3.7,2026-08-28,A,3500.0
22,C-063,559249,2006,Subaru,Forester,2.5 XT LIMI,GOLD,124579,No,"",2026-08-28,C,650.0
0,A-193,565260,2000,Subaru,Forester,S,RED,193081,No,"",2026-08-28,A,650.0
49,A-130,564651,2000,Subaru,Forester,S,RED,193081,Yes,3.0,2026-08-28,A,600.0
22,B-170,564871,2016,Subaru,Impreza,WAGON 2.0I S,RED,80761,No,"",2026-08-28,B,8400.0
37,E-144,564214,2015,Subaru,Impreza,WAGON 2.0I S,BLACK,122541,Yes,4.2,2026-08-28,E,3000.0
22,E-178,564219,2025,Subaru,Outback,Wilderness,WHITE,25838,No,"",2026-08-28,E,30300.0
39,G-014,564381,2024,Subaru,Outback,Limited,BLUE,32997,Yes,4.4,2026-08-28,G,24000.0
37,D-152,564461,2024,Subaru,Outback,Limited XT,GREEN,37388,Yes,4.8,2026-08-28,D,24600.0
32,G-016,564451,2021,Subaru,Outback,Limited,RED,29158,Yes,4.6,2026-08-28,G,22600.0
36,D-104,562645,2019,Subaru,Outback,Premium,GRAY,127043,Yes,4.2,2026-08-28,D,4300.0
23,B-089,564923,2017,Subaru,Outback,Limited,WHITE,107040,No,"",2026-08-28,B,10600.0
40,D-153,564497,2014,Subaru,Outback,2.5I LIMITED,SILVER,173454,Yes,3.8,2026-08-28,D,3000.0
22,C-207,564787,2013,Subaru,Outback,2.5I LIMITED,WHITE,147791,No,"",2026-08-28,C,2300.0
5,C-081,563763,2011,Subaru,Outback,2.5I LIMITED,WHITE,141490,No,"",2026-08-28,C,1600.0
41,D-040,563717,2001,Subaru,Outback,"",BROWN,250296,Yes,3.1,2026-08-28,D,700.0
0,A-185,565249,2001,Subaru,Outback,"",BROWN,250296,No,"",2026-08-28,A,650.0
39,A-030,563700,2019,Subaru,WRX,LIMITED,BLUE,51007,Yes,3.7,2026-08-28,A,17200.0
39,A-163,564709,2017,Subaru,WRX,Limited,BLACK,73494,Yes,3.7,2026-08-28,A,11400.0
8,X-089,563701,1999,Suzuki,Vitara,JX+,BURGUNDY,139035,No,"",2026-08-28,X,650.0
39,E-050,564391,2023,Tesla,Model 3,"",GRAY,49489,Yes,4.3,2026-08-28,E,23400.0
1,X-067,543121,2020,Tesla,Model 3,STANDARD RAN,WHITE,56000,No,"",2026-08-28,X,5000.0
22,B-036,563975,2022,Tesla,Model Y,Performance,WHITE,139348,No,"",2026-08-28,B,18600.0
35,C-140,562466,2026,Toyota,4Runner,SR5,WHITE,1618,Yes,4.4,2026-08-28,C,39750.0
32,G-035,564763,2025,Toyota,4Runner,SR5,RED,20327,Yes,4.9,2026-08-28,G,39200.0
44,E-136,563716,2011,Toyota,4Runner,SR5 V6,RED,177434,Yes,3.0,2026-08-28,E,10800.0
50,F-145,562308,2015,Toyota,Avalon,XLE,RED,237626,Yes,3.3,2026-08-28,F,2600.0
49,X-033,560208,2014,Toyota,Avalon,HYBRID LIMITE,RED,205826,Yes,1.1,2026-08-28,X,1800.0
44,C-033,563788,2019,Toyota,C-HR,XLE,RED,123888,Yes,3.3,2026-08-28,C,9400.0
39,F-127,565164,2018,Toyota,C-HR,XLE,SILVER,147975,Yes,3.8,2026-08-28,F,6100.0
32,B-183,564383,2026,Toyota,Camry,SE,BLUE,9,Yes,5.0,2026-08-28,B,31400.0
36,C-119,562190,2025,Toyota,Camry,LE,WHITE,3514,Yes,3.9,2026-08-28,C,23800.0
40,F-186,564466,2025,Toyota,Camry,SE,BLUE,4211,Yes,3.7,2026-08-28,F,27000.0
33,G-023,564528,2025,Toyota,Camry,XLE,WHITE,47814,Yes,4.9,2026-08-28,G,29500.0
38,C-043,564327,2025,Toyota,Camry,XSE,BLACK,16121,Yes,4.3,2026-08-28,C,32250.0
38,C-121,562181,2025,Toyota,Camry,XSE,BLACK,35854,Yes,3.0,2026-08-28,C,27000.0
38,C-184,563889,2023,Toyota,Camry,XSE,BLUE,68356,Yes,3.2,2026-08-28,C,18600.0
36,D-272,562806,2022,Toyota,Camry,SE HYBRID,BLACK,168621,Yes,3.0,2026-08-28,D,10300.0
22,B-238,563982,2021,Toyota,Camry,SE,GRAY,90790,No,"",2026-08-28,B,13000.0
38,E-142,563712,2021,Toyota,Camry,XSE,SILVER,42840,Yes,4.5,2026-08-28,E,24400.0
42,F-253,564146,2021,Toyota,Camry,XSE,RED,107529,Yes,3.7,2026-08-28,F,15800.0
43,C-113,564291,2021,Toyota,Camry,XSE V6,RED,133553,Yes,3.8,2026-08-28,C,17600.0
22,B-190,563903,2020,Toyota,Camry,SE,BLUE,150685,No,"",2026-08-28,B,11200.0
37,F-158,564487,2019,Toyota,Camry,SE,SILVER,249121,Yes,4.3,2026-08-28,F,6100.0
37,B-004,564578,2019,Toyota,Camry,XLE,WHITE,89599,Yes,3.6,2026-08-28,B,13600.0
22,C-197,563890,2019,Toyota,Camry,XSE,SILVER,97277,No,"",2026-08-28,C,15700.0
22,B-045,564879,2018,Toyota,Camry,SE,BLUE,142102,No,"",2026-08-28,B,9100.0
22,F-162,565113,2018,Toyota,Camry,SE,SILVER,225837,No,"",2026-08-28,F,5400.0
22,F-073,563602,2018,Toyota,Camry,SE,WHITE,195716,No,"",2026-08-28,F,6900.0
50,P-005,560831,2017,Toyota,Camry,SE,BLACK,110640,Yes,2.6,2026-08-28,P,6600.0
44,F-142,563372,2017,Toyota,Camry,SE,SILVER,165557,Yes,3.0,2026-08-28,F,6200.0
22,C-199,563893,2017,Toyota,Camry,SE,RED,103168,No,"",2026-08-28,C,7400.0
35,F-147,564489,2016,Toyota,Camry,LE,GRAY,202527,Yes,4.2,2026-08-28,F,4000.0
22,B-101,562710,2016,Toyota,Camry,LE,SILVER,131751,No,"",2026-08-28,B,6400.0
42,D-050,563737,2015,Toyota,Camry,LE,GRAY,196900,Yes,3.5,2026-08-28,D,4400.0
23,B-229,564435,2013,Toyota,Camry,LE,WHITE,148081,No,"",2026-08-28,B,5600.0
22,F-163,565114,2012,Toyota,Camry,L,SILVER,193853,No,"",2026-08-28,F,2600.0
43,D-216,563549,2012,Toyota,Camry,SE,BLACK,142366,Yes,3.1,2026-08-28,D,4000.0
8,X-088,564089,2008,Toyota,Camry,LE,WHITE,128758,No,"",2026-08-28,X,1800.0
9,X-100,564594,2007,Toyota,Camry,HYBRID 4DR SDN,BEIGE,299849,No,"",2026-08-28,X,650.0
39,E-131,564491,2006,Toyota,Camry,LE,BLUE,150470,Yes,3.6,2026-08-28,E,2400.0
22,C-188,563885,2006,Toyota,Camry,LE V6,SILVER,137640,No,"",2026-08-28,C,3700.0
22,C-071,563932,2005,Toyota,Camry,XLE,OTHER,156024,No,"",2026-08-28,C,1100.0
22,C-217,564776,2001,Toyota,Camry,LE,SILVER,226448,No,"",2026-08-28,C,600.0
23,F-156,564452,2001,Toyota,Camry,LE,WHITE,119715,No,"",2026-08-28,F,600.0
0,A-273,565286,2001,Toyota,Camry,SXV20L LE,SILVER,226448,No,"",2026-08-28,A,650.0
0,A-191,565257,2001,Toyota,Camry,SXV20L LE,WHITE,119715,No,"",2026-08-28,A,650.0
22,E-123,563427,1997,Toyota,Camry,LE,TAN,88905,No,"",2026-08-28,E,2000.0
22,C-196,563892,2004,Toyota,Camry Solara,SLE,RED,141445,No,"",2026-08-28,C,900.0
22,M-015,563974,2025,Toyota,Corolla,LE,SILVER,12653,No,"",2026-08-28,M,20400.0
35,C-177,564780,2025,Toyota,Corolla,SE,BLACK,35722,Yes,4.5,2026-08-28,C,20600.0
22,B-064,564864,2021,Toyota,Corolla,L,BLACK,115732,No,"",2026-08-28,B,9400.0
37,C-125,563871,2021,Toyota,Corolla,SE,SILVER,67717,Yes,4.0,2026-08-28,C,14600.0
22,B-211,564532,2020,Toyota,Corolla,LE,RED,105957,No,"",2026-08-28,B,9800.0
32,X-034,561265,2020,Toyota,Corolla,SE,SILVER,212245,Yes,1.7,2026-08-28,X,4600.0
51,C-132,564289,2020,Toyota,Corolla,SE,SILVER,103059,Yes,3.0,2026-08-28,C,11200.0
22,B-066,564889,2019,Toyota,Corolla,SE,BLACK,80154,No,"",2026-08-28,B,12000.0
22,B-047,564878,2019,Toyota,Corolla,SE,BLUE,104522,No,"",2026-08-28,B,10500.0
22,F-236,565071,2017,Toyota,Corolla,LE,BLUE,168003,No,"",2026-08-28,F,3700.0
23,B-093,564924,2017,Toyota,Corolla,SE,BLUE,137782,No,"",2026-08-28,B,7200.0
41,D-043,563723,2016,Toyota,Corolla,S W/SPECIAL,RED,152826,Yes,3.6,2026-08-28,D,7600.0
38,E-134,564690,2015,Toyota,Corolla,S PLUS,BLACK,143546,Yes,3.0,2026-08-28,E,5400.0
22,C-223,564785,2014,Toyota,Corolla,LE,SILVER,132357,No,"",2026-08-28,C,4400.0
22,F-096,563653,2014,Toyota,Corolla,S,WHITE,183733,No,"",2026-08-28,F,3600.0
22,B-043.1,564988,2014,Toyota,Corolla,S PLUS,SILVER,206273,No,"",2026-08-28,B,3900.0
40,E-137,563706,2012,Toyota,Corolla,L,SILVER,75743,Yes,3.0,2026-08-28,E,5400.0
43,A-029,563699,2012,Toyota,Corolla,S,GRAY,92943,Yes,3.0,2026-08-28,A,7400.0
22,F-014,564738,2010,Toyota,Corolla,S,SILVER,193167,No,"",2026-08-28,F,2900.0
16,F-131,565179,2009,Toyota,Corolla,LE,BLUE,163042,No,"",2026-08-28,F,2500.0
21,B-072,564995,2009,Toyota,Corolla,S,GRAY,259540,No,"",2026-08-28,B,2000.0
8,X-071,563491,2008,Toyota,Corolla,CE,BLUE,260017,No,"",2026-08-28,X,650.0
22,B-195,562975,2006,Toyota,Corolla,LE,BEIGE,185232,No,"",2026-08-28,B,2000.0
0,Q-005,563729,2022,Toyota,Corolla Cross,L,"",0,No,"",2026-08-28,Q,18100.0
22,C-262,564678,2008,Toyota,FJ Cruiser,4DR A,BLACK,185068,No,"",2026-08-28,C,9400.0
36,C-186,563884,2024,Toyota,Highlander,PLATINUM,RED,24052,Yes,4.9,2026-08-28,C,44800.0
34,A-200,565146,2023,Toyota,Highlander,XLE,GRAY,21884,Yes,4.3,2026-08-28,A,32800.0
38,C-245,564675,2019,Toyota,Highlander,LIMITED,WHITE,174384,Yes,4.1,2026-08-28,C,12800.0
22,B-189,563902,2015,Toyota,Highlander,XLE V6,WHITE,167894,No,"",2026-08-28,B,8600.0
23,C-247,564687,2014,Toyota,Highlander,XLE V6,BLACK,204952,No,"",2026-08-28,C,4800.0
23,B-194,562874,2012,Toyota,Highlander,4DR I,RED,173630,No,"",2026-08-28,B,3700.0
47,F-152,564263,2011,Toyota,Highlander,BASE V6,WHITE,240611,Yes,3.0,2026-08-28,F,3400.0
22,F-136,565180,2007,Toyota,Highlander,SPORT V6,WHITE,326248,No,"",2026-08-28,F,2100.0
30,C-144,562494,2024,Toyota,Land Cruiser,(SE,WHITE,16128,Yes,4.9,2026-08-28,C,59000.0
23,B-146,564477,2013,Toyota,Matrix,L,GRAY,105758,No,"",2026-08-28,B,8200.0
32,C-137,564158,2024,Toyota,Prius,XLE,GRAY,23080,Yes,4.6,2026-08-28,C,26750.0
22,C-212,564788,2022,Toyota,Prius,L,SILVER,148248,No,"",2026-08-28,C,9000.0
22,F-229,565080,2016,Toyota,Prius,THREE,GRAY,130572,No,"",2026-08-28,F,8900.0
23,B-185,564437,2013,Toyota,Prius,FOUR,RED,102163,No,"",2026-08-28,B,8300.0
30,C-139,562476,2025,Toyota,RAV4,XLE,BLACK,32275,Yes,4.7,2026-08-28,C,29500.0
32,G-009,564148,2025,Toyota,RAV4,XLE Premium,GRAY,23357,Yes,5.0,2026-08-28,G,32400.0
38,B-210,564576,2024,Toyota,RAV4,LE,SILVER,42266,Yes,4.3,2026-08-28,B,24000.0
34,C-153,564130,2024,Toyota,RAV4,LE,GRAY,17783,Yes,4.4,2026-08-28,C,26250.0
41,B-212,564508,2024,Toyota,RAV4,XLE,BLACK,52172,Yes,4.6,2026-08-28,B,25600.0
36,G-018,564504,2024,Toyota,RAV4,XLE,BLACK,50213,Yes,4.1,2026-08-28,G,25300.0
39,D-179,564826,2022,Toyota,RAV4,Hybrid XLE,SILVER,108935,Yes,4.0,2026-08-28,D,18500.0
33,P-006,560461,2022,Toyota,RAV4,Hybrid XLE,WHITE,35681,Yes,4.2,2026-08-28,P,28800.0
22,B-206,564547,2021,Toyota,RAV4,HYBRID XLE PREM,BLACK,83677,No,"",2026-08-28,B,23800.0
5,Q-009,564213,2021,Toyota,RAV4,HYBRID XLE PREM,GRAY,31223,No,"",2026-08-28,Q,31200.0
22,B-188,564448,2021,Toyota,RAV4,LE,GRAY,105933,No,"",2026-08-28,B,14500.0
38,D-116,564047,2020,Toyota,RAV4,Hybrid XSE,GRAY,96362,Yes,3.9,2026-08-28,D,20800.0
35,A-012,563853,2020,Toyota,RAV4,Limited,SILVER,68879,Yes,4.3,2026-08-28,A,22400.0
43,D-273,562816,2020,Toyota,RAV4,XLE Premium,BLUE,95089,Yes,3.9,2026-08-28,D,18200.0
34,D-267,564915,2019,Toyota,RAV4,Hybrid XLE,WHITE,85151,Yes,4.1,2026-08-28,D,20400.0
23,B-125,563957,2019,Toyota,RAV4,LE,GRAY,144910,No,"",2026-08-28,B,11000.0
22,C-047,564340,2018,Toyota,RAV4,XLE,WHITE,265833,No,"",2026-08-28,C,6900.0
44,F-258,564183,2017,Toyota,RAV4,SE,SILVER,100235,Yes,3.8,2026-08-28,F,15600.0
36,E-006,564548,2016,Toyota,RAV4,SE,SILVER,192753,Yes,3.9,2026-08-28,E,8400.0
49,D-271,564909,2016,Toyota,RAV4,XLE,WHITE,119235,Yes,2.5,2026-08-28,D,9800.0
38,C-111,563867,2016,Toyota,RAV4,XLE,WHITE,173466,Yes,4.1,2026-08-28,C,8000.0
23,B-118,561971,2015,Toyota,RAV4,LE,BEIGE,101205,No,"",2026-08-28,B,8400.0
22,B-077,565004,2013,Toyota,RAV4,XLE,GREEN,135382,No,"",2026-08-28,B,6000.0
22,B-079,564984,2013,Toyota,RAV4,XLE,BLUE,171684,No,"",2026-08-28,B,5900.0
22,B-073,564968,2008,Toyota,RAV4,4DR 4-CYL 4,WHITE,166327,No,"",2026-08-28,B,3000.0
32,C-143,562486,2026,Toyota,Sequoia,1794 EDITION,WHITE,366,Yes,4.9,2026-08-28,C,77750.0
22,B-114,563935,2016,Toyota,Sequoia,LIMITED 5.7L,WHITE,157810,No,"",2026-08-28,B,18600.0
34,C-046,564337,2026,Toyota,Sienna,XLE,WHITE,6584,Yes,4.9,2026-08-28,C,46250.0
44,E-250,562731,2022,Toyota,Sienna,XLE,RED,56757,Yes,3.0,2026-08-28,E,30800.0
47,C-136,564329,2017,Toyota,Sienna,XLE PREMIUM 8,WHITE,147225,Yes,3.1,2026-08-28,C,12300.0
42,E-135,562280,2017,Toyota,Sienna,XLE PREMIUM 8,BEIGE,121861,Yes,3.4,2026-08-28,E,10400.0
21,X-099,562204,2014,Toyota,Sienna,LE V6 8 PASSE,GRAY,147780,No,"",2026-08-28,X,4300.0
42,D-054,563742,2014,Toyota,Sienna,LE V6 8 PASSE,RED,119217,Yes,3.8,2026-08-28,D,9400.0
21,C-204,564341,2013,Toyota,Sienna,XLE V6 8 PASS,RED,281576,No,"",2026-08-28,C,3600.0
0,Q-008,563822,2026,Toyota,Tacoma,TRD SPORT,"",0,No,"",2026-08-28,Q,40100.0
22,C-229,564759,2025,Toyota,Tacoma,SR5,WHITE,95678,No,"",2026-08-28,C,23800.0
36,D-109,563997,2021,Toyota,Tacoma,SR5 V6,SILVER,45749,Yes,4.4,2026-08-28,D,27600.0
38,D-095,563802,2020,Toyota,Tacoma,TRD SPORT,GRAY,94615,Yes,4.5,2026-08-28,D,22000.0
38,D-162,18475,2019,Toyota,Tacoma,SR5 V6,BLACK,133236,Yes,4.0,2026-08-28,D,17000.0
36,D-275,564754,2019,Toyota,Tacoma,TRD PRO,WHITE,36310,Yes,4.4,2026-08-28,D,37000.0
22,C-200,563896,2019,Toyota,Tacoma,TRD SPORT,RED,101867,No,"",2026-08-28,C,22600.0
43,D-194,545029,2019,Toyota,Tacoma,TRD SPORT,GRAY,130120,Yes,2.3,2026-08-28,D,16600.0
22,B-042,563375,2014,Toyota,Tacoma,BASE V6,WHITE,184351,No,"",2026-08-28,B,14200.0
22,F-263,565086,2013,Toyota,Tacoma,PRERUNNER V6,GRAY,153501,No,"",2026-08-28,F,12100.0
22,C-164,565059,2008,Toyota,Tacoma,PRERUNNER V6,RED,207978,No,"",2026-08-28,C,5700.0
22,C-267,565013,2007,Toyota,Tacoma,PRERUNNER V6,BLUE,164374,No,"",2026-08-28,C,8500.0
29,E-130,564699,2026,Toyota,Tundra,HYBRID LIMITE,BROWN,9374,Yes,5.0,2026-08-28,E,53600.0
31,F-260,564920,2026,Toyota,Tundra,HYBRID TRD PR,BLUE,2396,Yes,5.0,2026-08-28,F,68750.0
33,C-203,564365,2024,Toyota,Tundra,SR5,WHITE,49949,Yes,4.6,2026-08-28,C,31400.0
32,C-230,564765,2024,Toyota,Tundra,SR5,BLACK,17585,Yes,5.0,2026-08-28,C,39500.0
36,C-209,564347,2024,Toyota,Tundra,SR5,SILVER,29211,Yes,4.6,2026-08-28,C,34600.0
39,F-059,564111,2023,Toyota,Tundra,Limited,BLACK,43514,Yes,4.4,2026-08-28,F,41700.0
33,C-222,564784,2023,Toyota,Tundra,SR5,GREEN,49668,Yes,4.7,2026-08-28,C,35000.0
40,E-077,564843,2016,Toyota,Tundra,SR5 5.7L V8,BLUE,95145,Yes,4.1,2026-08-28,E,20000.0
44,C-114,564317,2014,Toyota,Tundra,PLATINUM 5.7L,BLACK,148078,Yes,3.3,2026-08-28,C,20400.0
22,F-005,564583,2014,Toyota,Tundra,SR5 5.7L V8,RED,224685,No,"",2026-08-28,F,6400.0
22,C-269,565008,2006,Toyota,Tundra,SR5 V8,GRAY,283623,No,"",2026-08-28,C,1000.0
21,F-245,565169,2006,Toyota,Tundra,SR5 V8,BLUE,218871,No,"",2026-08-28,F,4400.0
33,M-016,564152,2023,Toyota,Venza,NIGHTSHADE EDI,RED,16051,Yes,4.8,2026-08-28,M,32000.0
46,C-108,563872,2013,Toyota,Venza,XLE,SILVER,193615,Yes,3.0,2026-08-28,C,5500.0
36,D-203,562249,2020,Toyota,Yaris,LE,WHITE,50241,Yes,3.7,2026-08-28,D,7600.0
39,E-084,564410,2019,Volkswagen,Atlas,3.6L V6 SEL PR,WHITE,148199,Yes,3.7,2026-08-28,E,8400.0
25,Q-010,564494,2024,Volkswagen,Atlas Cross Sport,2.,GRAY,40203,Yes,4.8,2026-08-28,Q,27500.0
35,G-012,564197,2024,Volkswagen,Atlas Cross Sport,2.,BLUE,34336,Yes,4.8,2026-08-28,G,25800.0
22,B-226,560778,2020,Volkswagen,Atlas Cross Sport,3.,WHITE,100269,No,"",2026-08-28,B,12000.0
23,B-220,564460,2017,Volkswagen,Golf,S,GRAY,86226,No,"",2026-08-28,B,7600.0
46,A-103,564297,2015,Volkswagen,Golf,SPORTWAGEN TDI,BLUE,159052,Yes,3.0,2026-08-28,A,4200.0
22,B-224,562783,2015,Volkswagen,GTI,"",SILVER,86935,No,"",2026-08-28,B,6600.0
41,F-146,562459,2019,Volkswagen,Jetta,S,GRAY,141201,Yes,3.7,2026-08-28,F,3500.0
22,B-243,563984,2019,Volkswagen,Jetta,S,GRAY,150037,No,"",2026-08-28,B,4000.0
42,B-026,562745,2018,Volkswagen,Jetta,1.8T SE SPORT,RED,97708,Yes,3.0,2026-08-28,B,4000.0
42,A-131,564647,2014,Volkswagen,Jetta,SPORTWAGEN SE,BLACK,127085,Yes,3.3,2026-08-28,A,1900.0
41,C-112,564316,2013,Volkswagen,Jetta,SEDAN SE,SILVER,121368,Yes,3.0,2026-08-28,C,2300.0
22,F-027,564515,2012,Volkswagen,Jetta,SEDAN SE,BLUE,123194,No,"",2026-08-28,F,700.0
0,A-264,565280,2003,Volkswagen,Jetta,GLS,BLUE,172434,No,"",2026-08-28,A,650.0
22,B-191,563904,2003,Volkswagen,Jetta,SEDAN GLS,BLUE,172434,No,"",2026-08-28,B,600.0
40,D-148,564382,2012,Volkswagen,Passat,SE,BLUE,167052,Yes,3.9,2026-08-28,D,1800.0
46,A-102,564208,2007,Volkswagen,Passat,SEDAN 2.0T,GREEN,120390,Yes,3.0,2026-08-28,A,700.0
5,Q-013,564649,2025,Volkswagen,Taos,S,BLACK,6419,No,"",2026-08-28,Q,20800.0
24,Q-011,564586,2025,Volkswagen,Tiguan,SE R-LINE BLA,GRAY,16344,Yes,5.0,2026-08-28,Q,28700.0
38,F-231,562636,2018,Volkswagen,Tiguan,S,SILVER,89588,Yes,3.4,2026-08-28,F,7000.0
39,A-133,564783,2018,Volkswagen,Tiguan,SEL,GRAY,123894,Yes,4.1,2026-08-28,A,5800.0
38,D-157,564514,2017,Volkswagen,Tiguan,Sport,WHITE,82008,Yes,3.7,2026-08-28,D,6200.0
22,F-278,563981,2012,Volvo,C70,T5,BLACK,128747,No,"",2026-08-28,F,600.0
0,A-291,565292,2012,Volvo,C70,T5,BLACK,128747,No,"",2026-08-28,A,650.0
36,M-009,562377,2018,Volvo,XC60,MOMENTUM,GRAY,70464,Yes,4.5,2026-08-28,M,14000.0
22,F-173,564793,2013,Volvo,XC70,3.2L,WHITE,198348,No,"",2026-08-28,F,1800.0
5,Q-007,563916,2022,Volvo,XC90,T6; 7-SEAT INSC,"",46322,No,"",2026-08-28,Q,29300.0
