Picture Count,Run Number,Stock #,Year,Make,Model,Style,Color,Odometer,CR,Grade,Sale Date,Lane,Price
39,C-332,173975,2021,Acura,ILX,W/PREMIUM PACKAG,BLACK,55656,Yes,2.1,2026-07-29,C,17200.0
9,C-341,174005,2018,Acura,ILX,W/PREMIUM/A-SPEC,BLACK,148474,No,"",2026-07-29,C,7300.0
7,C-008,174158,2017,Acura,ILX,SEDAN,WHITE,170646,No,"",2026-07-29,C,4300.0
33,A-004,174460,2017,Acura,ILX,W/PREMIUM PKG,GRAY,115565,Yes,4.2,2026-07-29,A,10600.0
0,X-016,174449,2025,Acura,Integra,W/A-SPEC PAC,GRAY,34019,No,"",2026-07-29,X,25100.0
23,A-129,172837,2024,Acura,Integra,CVT,WHITE,49200,Yes,"",2026-07-29,A,18200.0
32,B-423,174777,2024,Acura,Integra,W/A-SPEC PAC,GRAY,40051,Yes,2.7,2026-07-29,B,23600.0
26,B-417,173635,2024,Acura,Integra,W/A-SPEC PAC,BLACK,38046,Yes,4.8,2026-07-29,B,25400.0
31,C-339,173987,2023,Acura,Integra,W/A-SPEC PAC,BLACK,30551,Yes,3.8,2026-07-29,C,25000.0
28,C-342,174008,2023,Acura,Integra,W/A-SPEC TEC,RED,28824,Yes,4.2,2026-07-29,C,25000.0
27,D-133.5,174568,2025,Acura,MDX,W/TECHNOLOGY PAC,WHITE,23483,Yes,4.4,2026-07-29,D,40800.0
0,X-021,174654,2024,Acura,MDX,"",BLACK,23487,No,"",2026-07-29,X,35300.0
24,C-334,173979,2024,Acura,MDX,"",WHITE,20560,Yes,4.8,2026-07-29,C,35800.0
33,D-035,172064,2024,Acura,MDX,"",WHITE,49763,Yes,4.0,2026-07-29,D,31000.0
25,C-327,172198,2023,Acura,MDX,"",WHITE,29285,Yes,4.8,2026-07-29,C,35800.0
31,D-086,173743,2023,Acura,MDX,SH-,BLUE,25885,Yes,3.2,2026-07-29,D,32000.0
29,A-249,172790,2023,Acura,MDX,W/TECHNOLOGY PAC,WHITE,34707,Yes,4.1,2026-07-29,A,34600.0
31,D-031,173548,2023,Acura,MDX,W/TECHNOLOGY PAC,SILVER,37098,Yes,3.3,2026-07-29,D,32800.0
30,C-343,174016,2023,Acura,MDX,W/TECHNOLOGY PAC,BLACK,41847,Yes,3.4,2026-07-29,C,31600.0
7,C-329,173970,2020,Acura,MDX,W/TECHNOLOGY PKG,BLACK,122948,No,"",2026-07-29,C,14900.0
0,W-011,174262,2019,Acura,MDX,W/TECHNOLOGY/A-S,GRAY,88932,No,"",2026-07-29,W,19800.0
25,B-103,174362,2017,Acura,MDX,W/TECHNOLOGY PKG,WHITE,114762,Yes,"",2026-07-29,B,9200.0
25,A-378,168418,2010,Acura,MDX,TECHNOLOGY/ENTER,BROWN,169223,Yes,"",2026-07-29,A,1900.0
25,C-346,174112,2025,Acura,RDX,SH-,BLACK,9777,Yes,4.6,2026-07-29,C,36000.0
28,X-019,174022,2025,Acura,RDX,W/TECHNOLOGY PAC,GRAY,17468,Yes,4.6,2026-07-29,X,37400.0
0,X-017,174607,2025,Acura,RDX,W/TECHNOLOGY PAC,GRAY,17769,No,"",2026-07-29,X,37200.0
29,W-003,172830,2024,Acura,RDX,W/A-SPEC ADVANCE,SILVER,14852,Yes,4.9,2026-07-29,W,38500.0
31,C-330,172554,2024,Acura,RDX,W/ADVANCE PACKAG,BLACK,15035,Yes,4.5,2026-07-29,C,37400.0
32,D-128,172898,2023,Acura,RDX,W/TECHNOLOGY PAC,WHITE,64104,Yes,4.3,2026-07-29,D,25400.0
28,B-061,173880,2021,Acura,RDX,"",SILVER,25340,Yes,4.7,2026-07-29,B,28400.0
9,C-340,174000,2016,Acura,RDX,TECH PKG,BLACK,127281,No,"",2026-07-29,C,6700.0
8,C-331,173974,2013,Acura,RDX,TECH PKG,GRAY,164920,No,"",2026-07-29,C,3400.0
1,A-115.3,174798,2019,Acura,TLX,W/A-SPEC PKG,RED,68572,Yes,3.3,2026-07-29,A,19800.0
7,C-201,173951,2006,Acura,TSX,NAVI,WHITE,199900,No,"",2026-07-29,C,1300.0
33,A-051,173486,2022,Alfa Romeo,Giulia,Ti,WHITE,69676,Yes,3.7,2026-07-29,A,16000.0
49,C-264,171988,2019,Alfa Romeo,Giulia,"",WHITE,88849,Yes,2.1,2026-07-29,C,5200.0
7,C-402,173695,2018,Audi,A3,SEDAN PREMIUM,BLUE,82971,No,"",2026-07-29,C,7300.0
8,B-062,173883,2018,Audi,A3,SEDAN PREMIUM PLU,BLACK,131374,No,"",2026-07-29,B,5400.0
0,Y-024,174740,2023,Audi,A4,SEDAN PREMIUM PLU,WHITE,9091,No,"",2026-07-29,Y,26300.0
31,C-288,173409,2023,Audi,A4,SEDAN S LINE PREM,BLACK,61582,Yes,2.5,2026-07-29,C,18000.0
39,F-032,168570,2023,Audi,A5,SPORTBACK PREMIUM,BLACK,82075,Yes,2.8,2026-07-29,F,13600.0
24,B-012,174736,2016,Audi,A5,Premium Plus,GRAY,67547,Yes,"",2026-07-29,B,1500.0
32,C-395,172224,2021,Audi,A6,PREMIUM PLUS,BLACK,65126,Yes,4.1,2026-07-29,C,18600.0
29,D-142,174269,2020,Audi,A6,Premium Plus,WHITE,86495,Yes,4.5,2026-07-29,D,16000.0
28,C-022,173794,2016,Audi,A6,2.0T PREMIUM,WHITE,121305,Yes,4.0,2026-07-29,C,6400.0
23,A-228,171942,2016,Audi,Q3,Prestige,GRAY,55409,Yes,"",2026-07-29,A,8300.0
7,A-293,173916,2018,Audi,Q3 PREMIUM,"",GRAY,132947,No,"",2026-07-29,A,6000.0
26,C-135,174169,2019,Audi,Q5,Premium,SILVER,65983,Yes,4.6,2026-07-29,C,14400.0
25,O-001,172344,2019,Audi,Q5,Premium Plus,GRAY,64447,Yes,4.6,2026-07-29,O,14000.0
28,A-226,174759,2019,Audi,Q5,Premium Plus,WHITE,44932,Yes,4.5,2026-07-29,A,15000.0
26,C-142,174192,2018,Audi,Q5,Premium Plus,BLACK,39909,Yes,4.5,2026-07-29,C,17200.0
30,C-385,173677,2018,Audi,Q5,Premium Plus,GRAY,78024,Yes,4.3,2026-07-29,C,11600.0
0,Y-010,174281,2023,Audi,Q5 S-Line,"",BLACK,30389,No,"",2026-07-29,Y,29000.0
0,Y-021,174735,2023,Audi,Q5 S-Line,PREMIUM,WHITE,8715,No,"",2026-07-29,Y,26800.0
35,B-440,174083,2022,Audi,Q5 S-Line,"",SILVER,84955,Yes,4.4,2026-07-29,B,18600.0
37,B-411,174785,2019,Audi,Q7,"",BLACK,129875,Yes,3.8,2026-07-29,B,7700.0
36,F-045,170624,2015,Audi,Q7,"",BLACK,141844,Yes,2.8,2026-07-29,F,3200.0
25,B-439,174081,2023,Audi,Q8,PREMIUM PLUS,BLACK,60489,Yes,4.6,2026-07-29,B,33500.0
28,O-003,173015,2023,Audi,Q8,PREMIUM PLUS,BLACK,26625,Yes,3.4,2026-07-29,O,38000.0
27,D-103,173914,2023,Audi,Q8,PREMIUM PLUS,BLACK,29449,Yes,4.6,2026-07-29,D,40000.0
27,D-256,173660,2019,Audi,S5,CABRIOLET PRESTIG,BLACK,10146,Yes,4.6,2026-07-29,D,33800.0
0,Y-022,174737,2023,Audi,SQ5,Premium Plus,GRAY,24373,No,"",2026-07-29,Y,38900.0
29,D-133.3,174557,2025,Audi,SQ6 e-tron,Prestige,GRAY,11737,Yes,4.2,2026-07-29,D,53500.0
27,C-058,173829,2020,BMW,2-Series,228I XDRIVE,GRAY,94529,Yes,4.6,2026-07-29,C,12600.0
35,D-133.1,174469,2020,BMW,2-Series,228I XDRIVE,GRAY,58904,Yes,3.2,2026-07-29,D,15800.0
24,O-005,172181,2024,BMW,3-Series,330i,WHITE,34824,Yes,4.7,2026-07-29,O,28400.0
8,A-358,174532,2020,BMW,3-Series,330i,BLACK,38097,No,"",2026-07-29,A,19000.0
7,A-021,174710,2006,BMW,3-Series,325i,BLUE,162089,No,"",2026-07-29,A,600.0
7,C-396,173682,2016,BMW,4-Series,428I,WHITE,133815,No,"",2026-07-29,C,6200.0
39,C-115,173139,2026,BMW,5-Series,530i,BLACK,21413,Yes,4.0,2026-07-29,C,39000.0
7,D-057,173025,2023,BMW,5-Series,530I XDRIVE,BLUE,44386,No,"",2026-07-29,D,31000.0
30,C-249,173957,2020,BMW,5-Series,530i,BLUE,86863,Yes,4.3,2026-07-29,C,14000.0
23,B-381,171788,2016,BMW,5-Series,528I XDRIVE,BLACK,85331,Yes,"",2026-07-29,B,3900.0
6,C-146.1,174682,2014,BMW,5-Series,535i,BLACK,162384,No,"",2026-07-29,C,3100.0
31,D-232,173813,2018,BMW,6 SERIES 650I XDRIVE,"",WHITE,64770,Yes,3.7,2026-07-29,D,22200.0
35,D-280,173844,2022,BMW,7-Series,740i,GRAY,61781,Yes,3.9,2026-07-29,D,33000.0
27,A-367.2,174562,2022,BMW,8-Series,M850I XDRIV,BLACK,57482,Yes,4.7,2026-07-29,A,39800.0
27,D-259,173663,2021,BMW,8-Series,840I,BLACK,32602,Yes,4.5,2026-07-29,D,40800.0
27,D-263,174641,2021,BMW,8-Series,840I,GRAY,68394,Yes,4.5,2026-07-29,D,32800.0
27,B-105,171597,2024,BMW,i5,M60,GRAY,24109,Yes,4.3,2026-07-29,B,49500.0
31,A-245,174746,2024,BMW,M4,COMPETITION XDRIV,BLACK,29153,Yes,4.6,2026-07-29,A,75000.0
35,D-129,174042,2018,BMW,X1,sDrive28i,BLACK,87373,Yes,3.2,2026-07-29,D,7800.0
44,F-026,171877,2016,BMW,X1,XDrive28i,BROWN,78026,Yes,2.6,2026-07-29,F,6600.0
23,A-124,172640,2015,BMW,X1,sDrive28i,SILVER,119771,Yes,"",2026-07-29,A,3000.0
41,C-025,172577,2015,BMW,X1,sDrive28i,BROWN,107528,Yes,3.6,2026-07-29,C,1900.0
0,O-007,173516,2023,BMW,X3,M SPORTS ACTIVITY,GRAY,38379,No,"",2026-07-29,O,58500.0
7,B-040.3,173815,2020,BMW,X3,sDrive30i,BLACK,130084,No,"",2026-07-29,B,4600.0
7,B-304,173570,2016,BMW,X3,XDrive28i,WHITE,70189,No,"",2026-07-29,B,10600.0
34,D-227,173770,2018,BMW,X5,sDrive35i,WHITE,98373,Yes,3.7,2026-07-29,D,10800.0
37,D-132.7,174451,2017,BMW,X5,sDrive35i,WHITE,95263,Yes,4.0,2026-07-29,D,8600.0
47,F-107,169151,2015,BMW,X5,XDrive35i,BLACK,92219,Yes,2.5,2026-07-29,F,2400.0
7,B-095,174217,2014,BMW,X5,XDrive35i,WHITE,145805,No,"",2026-07-29,B,7200.0
30,D-205,173753,2024,BMW,X7,XDrive40i,WHITE,47133,Yes,4.0,2026-07-29,D,44000.0
31,X-004,172686,2022,BMW,X7,XDrive40i,BLACK,40329,Yes,3.9,2026-07-29,X,39200.0
8,B-166,173527,2021,BMW,X7,XDrive40i,BLUE,49154,No,"",2026-07-29,B,33200.0
26,B-258,173533,2026,Buick,Enclave,SPORT TOURIN,WHITE,6768,Yes,4.9,2026-07-29,B,43600.0
31,A-056,173992,2023,Buick,Enclave,Essence,BLACK,22112,Yes,4.3,2026-07-29,A,28200.0
7,C-432,173799,2022,Buick,Enclave,Essence,WHITE,89774,No,"",2026-07-29,C,17200.0
8,B-011,174512,2013,Buick,Enclave,Leather,WHITE,173284,No,"",2026-07-29,B,1500.0
50,F-006,169164,2016,Buick,Encore,Sport Touring,GRAY,107934,Yes,1.3,2026-07-29,F,500.0
27,B-310,173578,2024,Buick,Encore GX,SPORT TOUR,GRAY,12212,Yes,4.5,2026-07-29,B,20000.0
24,B-306,173573,2023,Buick,Encore GX,Preferred,BLUE,13186,Yes,4.6,2026-07-29,B,18200.0
30,D-132.1,174416,2023,Buick,Envision,Essence,RED,20246,Yes,4.1,2026-07-29,D,24400.0
31,C-153.5,174624,2021,Buick,Envision,Preferred,WHITE,52827,Yes,3.8,2026-07-29,C,17000.0
7,B-255,174332,2007,Buick,LaCrosse,CXS,BLUE,1,No,"",2026-07-29,B,600.0
30,B-438,171185,2013,Buick,Regal,TURBO PREMIUM,BLACK,84998,Yes,3.5,2026-07-29,B,2500.0
7,B-383,174334,2016,Cadillac,ATS,SEDAN STANDARD R,BLACK,61411,No,"",2026-07-29,B,8600.0
28,A-345,174725,2024,Cadillac,CT4,Premium Luxury,WHITE,11470,Yes,4.5,2026-07-29,A,31900.0
30,C-154.1,174660,2020,Cadillac,CT4,Sport,WHITE,65651,Yes,4.2,2026-07-29,C,18500.0
9,A-380,173921,2010,Cadillac,CTS,SEDAN 4DR SDN 3.,SILVER,139792,No,"",2026-07-29,A,1900.0
27,B-397,174402,2023,Cadillac,Escalade,ESV LUX,BLACK,118458,Yes,4.3,2026-07-29,B,40000.0
33,A-155,170850,2021,Cadillac,Escalade,ESV Sport,BLACK,72880,Yes,3.6,2026-07-29,A,48400.0
25,A-143,173630,2018,Cadillac,Escalade,ESV Premium,BLACK,82785,Yes,"",2026-07-29,A,21600.0
8,C-421,173749,2010,Cadillac,Escalade,PREMIUM,BLACK,211387,No,"",2026-07-29,C,800.0
7,B-026,173777,2007,Cadillac,Escalade,4DR,WHITE,224499,No,"",2026-07-29,B,2000.0
26,D-131.5,174339,2024,Cadillac,Lyriq,LUXURY,WHITE,23537,Yes,4.7,2026-07-29,D,37700.0
8,B-160.2,174496,2012,Cadillac,SRX,LUXURY COLLECTIO,GRAY,115479,No,"",2026-07-29,B,2500.0
24,A-266,172595,2008,Cadillac,STS,W/1SC,WHITE,173052,Yes,"",2026-07-29,A,500.0
33,C-410,171359,2023,Cadillac,XT4,Luxury,WHITE,38490,Yes,3.7,2026-07-29,C,22200.0
30,C-153.1,174632,2022,Cadillac,XT4,Luxury,BLACK,56251,Yes,4.3,2026-07-29,C,20200.0
30,A-244,174494,2023,Cadillac,XT5,Luxury,GREEN,30849,Yes,3.8,2026-07-29,A,24000.0
27,C-153.4,174626,2021,Cadillac,XT5,PREMIUM LUXU,WHITE,63472,Yes,4.6,2026-07-29,C,21800.0
24,D-258,172369,2020,Cadillac,XT5,Luxury,GRAY,96180,Yes,"",2026-07-29,D,9000.0
8,A-141,170869,2018,Cadillac,XT5,Luxury,BLACK,111793,No,"",2026-07-29,A,7500.0
49,F-023,169146,2003,Chevrolet,Avalanche,1500 5DR C,BLACK,123241,Yes,1.3,2026-07-29,F,1500.0
7,C-440,174271,2022,Chevrolet,Blazer,LT,BLACK,121081,No,"",2026-07-29,C,8600.0
38,A-069,174096,2019,Chevrolet,Camaro,1LT,RED,83865,Yes,3.0,2026-07-29,A,13300.0
26,B-109.2,174555,2018,Chevrolet,Camaro,1LT,BLACK,123606,Yes,"",2026-07-29,B,9000.0
37,C-180,174146,2017,Chevrolet,Camaro,1LT,GRAY,64750,Yes,3.4,2026-07-29,C,13800.0
24,A-048,173875,2016,Chevrolet,Camaro,2SS,RED,73362,Yes,"",2026-07-29,A,24400.0
28,D-261,174707,2020,Chevrolet,Colorado,Z71,BLACK,35124,Yes,4.6,2026-07-29,D,27900.0
7,C-406,173703,2019,Chevrolet,Colorado, LT,BLACK,117261,No,"",2026-07-29,C,11200.0
30,B-261,172252,2018,Chevrolet,Colorado,ZR2,BLUE,91002,Yes,4.1,2026-07-29,B,18400.0
8,A-144,173633,2015,Chevrolet,Colorado, LT,SILVER,99642,No,"",2026-07-29,A,10000.0
8,B-109,174377,2015,Chevrolet,Corvette,1LT,RED,105027,No,"",2026-07-29,B,22000.0
46,F-017,166612,2017,Chevrolet,Cruze,LT,GRAY,109535,Yes,1.5,2026-07-29,F,1600.0
7,D-019,174126,2015,Chevrolet,Cruze,LS,WHITE,132233,No,"",2026-07-29,D,600.0
27,A-269,169988,2014,Chevrolet,Cruze,1LT,RED,133189,Yes,"",2026-07-29,A,1000.0
25,C-268,172046,2026,Chevrolet,Equinox,LT,GRAY,35891,Yes,4.5,2026-07-29,C,21800.0
8,B-400,174589,2024,Chevrolet,Equinox,LS,WHITE,6181,No,"",2026-07-29,B,18800.0
39,F-029.1,165624,2024,Chevrolet,Equinox,LS,BLACK,29845,Yes,3.9,2026-07-29,F,16800.0
29,C-153.8,174655,2023,Chevrolet,Equinox,LS,WHITE,21944,Yes,3.6,2026-07-29,C,16800.0
35,C-348,174115,2023,Chevrolet,Equinox,LT,GRAY,57022,Yes,2.2,2026-07-29,C,14800.0
31,D-038,173860,2022,Chevrolet,Equinox,LT,SILVER,32619,Yes,4.3,2026-07-29,D,17600.0
31,D-024,173995,2021,Chevrolet,Equinox,LS,BLACK,108584,Yes,3.6,2026-07-29,D,8400.0
30,B-090,174392,2020,Chevrolet,Equinox,LT,BLACK,58287,Yes,3.7,2026-07-29,B,12800.0
36,A-132,174207,2018,Chevrolet,Equinox,LT,BLACK,54612,Yes,3.5,2026-07-29,A,10400.0
29,D-285,173636,2014,Chevrolet,Equinox,LS,GOLD,123889,Yes,4.3,2026-07-29,D,2800.0
7,C-129.6,174816,2008,Chevrolet,Equinox,LT,TEAL,170146,No,"",2026-07-29,C,500.0
38,C-030,173510,2019,Chevrolet,Impala,LT,BLACK,94106,Yes,3.6,2026-07-29,C,10100.0
23,C-019,173737,2014,Chevrolet,Impala,LT,BLUE,120243,Yes,"",2026-07-29,C,1100.0
8,C-236,173876,2014,Chevrolet,Impala Limited,LT,BLACK,103778,No,"",2026-07-29,C,4700.0
33,C-401,173690,2022,Chevrolet,Malibu,LS,BLACK,59504,Yes,3.8,2026-07-29,C,13200.0
24,A-037,173442,2020,Chevrolet,Malibu,LT,SILVER,110405,Yes,"",2026-07-29,A,3300.0
23,B-109.1,174548,2018,Chevrolet,Malibu,LT,SILVER,63988,Yes,"",2026-07-29,B,7800.0
44,F-039,161028,2018,Chevrolet,Malibu,LT,BLUE,169614,Yes,1.3,2026-07-29,F,700.0
39,F-047,171834,2018,Chevrolet,Malibu,LT,BROWN,135697,Yes,1.4,2026-07-29,F,2600.0
7,A-384,173927,2015,Chevrolet,Malibu,LT,SILVER,56530,No,"",2026-07-29,A,5200.0
8,C-111,174213,2011,Chevrolet,Malibu,LS W/1LS,BLUE,174864,No,"",2026-07-29,C,500.0
7,A-148,174145,2005,Chevrolet,Malibu,Base,SILVER,142335,No,"",2026-07-29,A,500.0
9,B-192,173784,2024,Chevrolet,Silverado 1500,RST,GRAY,19596,No,"",2026-07-29,B,36600.0
27,B-303,173549,2021,Chevrolet,Silverado 1500,CUSTO,GRAY,60914,Yes,3.6,2026-07-29,B,25200.0
24,B-085,174137,2019,Chevrolet,Silverado 1500,CUSTO,WHITE,124700,Yes,"",2026-07-29,B,12800.0
41,C-153.2,174639,2019,Chevrolet,Silverado 1500,HIGH,BLUE,55867,Yes,3.7,2026-07-29,C,33500.0
8,A-115.1,174796,2018,Chevrolet,Silverado 1500,LT,GRAY,177059,No,"",2026-07-29,A,7700.0
9,D-022,173959,2017,Chevrolet,Silverado 1500,LS,GRAY,149194,No,"",2026-07-29,D,7500.0
7,A-159,172295,2017,Chevrolet,Silverado 1500,WORK,BLACK,204819,No,"",2026-07-29,A,3800.0
8,B-222,173558,2016,Chevrolet,Silverado 1500,LT,WHITE,166584,No,"",2026-07-29,B,8400.0
7,A-356,174522,2014,Chevrolet,Silverado 1500,LT,BLACK,109836,No,"",2026-07-29,A,13100.0
8,B-309,170750,2008,Chevrolet,Silverado 1500,LTZ,GRAY,128885,No,"",2026-07-29,B,6500.0
24,C-078,174470,2019,Chevrolet,Silverado 1500 LD,LT,GRAY,122850,Yes,"",2026-07-29,C,11600.0
39,B-384,174336,2022,Chevrolet,Silverado 1500 LTD,C,BLACK,88816,Yes,3.3,2026-07-29,B,19600.0
23,C-055,173512,2022,Chevrolet,Silverado 1500 LTD,L,WHITE,60837,Yes,"",2026-07-29,C,21000.0
34,D-264,174657,2024,Chevrolet,Silverado 2500,2500HD CUS,BLACK,79194,Yes,4.5,2026-07-29,D,36200.0
24,B-352,157979,2010,Chevrolet,Silverado 2500,2500HD LT,WHITE,150936,Yes,"",2026-07-29,B,4500.0
43,F-043,170432,2017,Chevrolet,Sonic,LS,BLACK,101931,Yes,1.3,2026-07-29,F,1000.0
8,D-008,173500,2017,Chevrolet,Sonic,LT,SILVER,123699,No,"",2026-07-29,D,700.0
29,D-191,173764,2023,Chevrolet,Suburban,Z71,WHITE,56686,Yes,4.5,2026-07-29,D,50500.0
31,F-038,160149,2019,Chevrolet,Suburban,LT,BLACK,160404,Yes,3.0,2026-07-29,F,7600.0
9,A-157,172488,2001,Chevrolet,Suburban,LS,WHITE,186378,No,"",2026-07-29,A,500.0
27,C-397,173685,2023,Chevrolet,Tahoe,LT,BLACK,1,Yes,4.6,2026-07-29,C,30000.0
33,D-133.4,174558,2022,Chevrolet,Tahoe,Z71,WHITE,49779,Yes,4.3,2026-07-29,D,49400.0
8,D-007,173708,2021,Chevrolet,Tahoe,LS,BLACK,211725,No,"",2026-07-29,D,14200.0
8,C-377,171361,2021,Chevrolet,Tahoe,LT,WHITE,118661,No,"",2026-07-29,C,23000.0
34,D-244,174779,2021,Chevrolet,Tahoe,LT,WHITE,122245,Yes,3.9,2026-07-29,D,24800.0
33,B-074,173411,2018,Chevrolet,Tahoe,LT,SILVER,102730,Yes,3.6,2026-07-29,B,15500.0
29,C-153.7,174652,2023,Chevrolet,Trailblazer,LT,BLACK,40792,Yes,4.3,2026-07-29,C,16700.0
23,C-416,174258,2022,Chevrolet,Trailblazer,ACTIV,BLACK,55637,Yes,"",2026-07-29,C,14500.0
25,C-149,174608,2022,Chevrolet,Trailblazer,RS,WHITE,34277,Yes,"",2026-07-29,C,17300.0
27,D-224.6,174405,2024,Chevrolet,Traverse,RS,PURPLE,22403,Yes,4.9,2026-07-29,D,42200.0
37,D-133.8,174578,2023,Chevrolet,Traverse,LT CLOTH,BLUE,34956,Yes,2.4,2026-07-29,D,23200.0
27,B-184,172384,2023,Chevrolet,Traverse,LT LEATHER,WHITE,25158,Yes,"",2026-07-29,B,27000.0
37,C-222,173405,2021,Chevrolet,Traverse,LS,BLACK,74276,Yes,1.8,2026-07-29,C,13000.0
8,B-104,174365,2020,Chevrolet,Traverse,LS,GRAY,144398,No,"",2026-07-29,B,5600.0
29,B-286,173536,2020,Chevrolet,Traverse,LT LEATHER,BLACK,50024,Yes,4.6,2026-07-29,B,19600.0
31,D-037,173735,2019,Chevrolet,Traverse,LS,BLACK,86445,Yes,4.5,2026-07-29,D,10200.0
36,D-027,173732,2019,Chevrolet,Traverse,LS,WHITE,94936,Yes,3.8,2026-07-29,D,9000.0
27,C-404,173700,2026,Chevrolet,Trax,LT,BLACK,11246,Yes,4.0,2026-07-29,C,19600.0
25,C-373,173763,2025,Chevrolet,Trax,ACTIV,GRAY,18761,Yes,4.8,2026-07-29,C,20800.0
26,D-288,173642,2024,Chevrolet,Trax,LS,GRAY,58938,Yes,4.5,2026-07-29,D,14000.0
30,B-093,173666,2024,Chevrolet,Trax,LT,RED,23993,Yes,4.5,2026-07-29,B,19200.0
38,D-018,173742,2020,Chevrolet,Trax,LS,WHITE,104589,Yes,2.7,2026-07-29,D,4800.0
42,A-110,174762,2016,Chevrolet,Trax,LT,BROWN,64705,Yes,3.4,2026-07-29,A,5800.0
9,B-006,174498,2014,Chrysler,200,LX,BLACK,150480,No,"",2026-07-29,B,700.0
23,A-339,174741,2007,Chrysler,300,C,WHITE,91708,Yes,"",2026-07-29,A,2100.0
48,F-036,146550,2019,Chrysler,Pacifica,Touring L,GRAY,122664,Yes,2.8,2026-07-29,F,4800.0
46,F-103,168490,2018,Chrysler,Pacifica,LX,BLUE,121802,Yes,1.3,2026-07-29,F,1700.0
8,B-386,174337,2018,Chrysler,Pacifica,TOURING PLU,BLACK,84064,No,"",2026-07-29,B,9800.0
23,C-415,171454,2022,Dodge,Challenger,SXT,GRAY,89901,Yes,"",2026-07-29,C,11500.0
23,B-108.6,174475,2018,Dodge,Challenger,R/T,RED,104155,Yes,"",2026-07-29,B,11200.0
37,C-434,173812,2023,Dodge,Charger,SXT,BLACK,66910,Yes,3.4,2026-07-29,C,17600.0
25,B-108.8,174543,2022,Dodge,Charger,SCAT PACK WI,ORANGE,46503,Yes,"",2026-07-29,B,42800.0
7,A-146,173661,2019,Dodge,Charger,R/T,BLACK,144987,No,"",2026-07-29,A,13200.0
7,C-420,173748,2019,Dodge,Charger,SXT,ORANGE,82992,No,"",2026-07-29,C,10600.0
22,A-268,174129,2015,Dodge,Dart,SXT,ORANGE,103076,Yes,"",2026-07-29,A,1700.0
7,C-197,173937,2014,Dodge,Durango,SXT,GRAY,118353,No,"",2026-07-29,C,4600.0
36,D-314,174428,2017,Dodge,Grand Caravan,SXT,WHITE,126901,Yes,3.8,2026-07-29,D,2800.0
7,C-403,173698,2014,Dodge,Grand Caravan,SXT,RED,441839,No,"",2026-07-29,C,800.0
8,A-299,173728,2008,Dodge,Grand Caravan,SE,WHITE,124512,No,"",2026-07-29,A,500.0
7,C-199,173948,2015,Dodge,Journey,Crossroad,GRAY,101189,No,"",2026-07-29,C,1700.0
31,B-064,174196,2015,Dodge,Journey,SXT,BLUE,106537,Yes,3.5,2026-07-29,B,2200.0
25,A-001,173493,2014,Dodge,Journey,SXT,WHITE,176704,Yes,"",2026-07-29,A,1600.0
9,C-237,173877,2007,Dodge,Ram 1500,ST,WHITE,270228,No,"",2026-07-29,C,1100.0
8,B-205,174803,2015,Fiat,500,Pop,SILVER,195307,No,"",2026-07-29,B,600.0
8,B-221,174250,2015,Fiat,500,Sport,BLUE,135692,No,"",2026-07-29,B,700.0
8,D-054,172960,2025,Ford,Bronco,HERITAGE EDIT,GRAY,2239,No,"",2026-07-29,D,52000.0
27,C-130,174542,2023,Ford,Bronco,BIG BEND,RED,29568,Yes,4.2,2026-07-29,C,30600.0
26,B-403,171508,2023,Ford,Bronco,BIG BEND,BLACK,58831,Yes,4.6,2026-07-29,B,29000.0
28,X-007,173241,2025,Ford,Bronco Sport,OUTER B,WHITE,16759,Yes,4.3,2026-07-29,X,26800.0
9,C-153,174618,2014,Ford,E350 Vans,"",WHITE,149280,No,"",2026-07-29,C,5600.0
7,A-217,173505,2007,Ford,E350 Vans,"",WHITE,123055,No,"",2026-07-29,A,600.0
32,C-381,171100,2022,Ford,Edge,Titanium,GRAY,62636,Yes,3.2,2026-07-29,C,15000.0
33,B-250,174646,2019,Ford,Edge,Titanium,WHITE,91158,Yes,4.5,2026-07-29,B,11800.0
23,C-102,174078,2023,Ford,Escape,ACTIVE,BLUE,44690,Yes,"",2026-07-29,C,14000.0
34,W-012,171985,2018,Ford,Escape,SEL,BLACK,156365,Yes,4.2,2026-07-29,W,1700.0
35,F-101,172979,2017,Ford,Escape,SE,WHITE,129954,Yes,1.2,2026-07-29,F,1000.0
7,A-387,174429,2017,Ford,Escape,SE,GRAY,129413,No,"",2026-07-29,A,2200.0
24,A-215,174573,2017,Ford,Escape,SE,GOLD,114340,Yes,"",2026-07-29,A,1300.0
23,D-319,174473,2017,Ford,Escape,Titanium,RED,62983,Yes,"",2026-07-29,D,3000.0
37,D-135,174094,2015,Ford,Escape,Titanium,BLACK,72513,Yes,3.8,2026-07-29,D,3400.0
8,B-180,173594,2010,Ford,Escape,XLT,RED,144017,No,"",2026-07-29,B,500.0
7,B-039,173803,2019,Ford,Expedition Max,LIMIT,GRAY,209455,No,"",2026-07-29,B,6700.0
29,C-036,173917,2022,Ford,Explorer,ST-Line,WHITE,55710,Yes,4.6,2026-07-29,C,24200.0
30,B-087,174323,2021,Ford,Explorer,XLT,SILVER,104146,Yes,4.0,2026-07-29,B,12600.0
32,A-073,174111,2020,Ford,Explorer,ST,GRAY,58286,Yes,3.7,2026-07-29,A,23800.0
29,C-274,174114,2020,Ford,Explorer,XLT,WHITE,72844,Yes,4.0,2026-07-29,C,14800.0
36,B-073,173825,2020,Ford,Explorer,XLT,RED,110730,Yes,3.4,2026-07-29,B,11200.0
26,C-050,173595,2020,Ford,Explorer,XLT,WHITE,41169,Yes,"",2026-07-29,C,14500.0
28,C-145.4,174572,2020,Ford,Explorer,XLT,WHITE,47465,Yes,4.2,2026-07-29,C,21000.0
7,B-080,170651,2016,Ford,Explorer,Limited,BROWN,133511,No,"",2026-07-29,B,7000.0
9,B-010,174378,2015,Ford,Explorer,Limited,WHITE,171757,No,"",2026-07-29,B,2300.0
32,B-091,174396,2013,Ford,Explorer,XLT,WHITE,123743,Yes,4.1,2026-07-29,B,3900.0
40,F-024,170641,2012,Ford,Explorer,XLT,BLACK,141542,Yes,1.9,2026-07-29,F,2000.0
7,A-133,174318,2010,Ford,Explorer Sport Trac,"",RED,197154,No,"",2026-07-29,A,5300.0
7,A-123,174038,2016,Ford,F150,XLT,RED,125890,No,"",2026-07-29,A,13300.0
9,A-312,173688,2015,Ford,F150,XLT,BROWN,194080,No,"",2026-07-29,A,4100.0
37,D-161,172249,2014,Ford,F150,XL,BLUE,117104,Yes,2.6,2026-07-29,D,5700.0
8,B-216,173556,2013,Ford,F150,FX4,GRAY,236115,No,"",2026-07-29,B,4000.0
7,A-318.4,174120,2009,Ford,F150,PLATINUM,WHITE,220718,No,"",2026-07-29,A,3200.0
8,A-318,173814,2008,Ford,F150,XL,WHITE,191330,No,"",2026-07-29,A,1300.0
23,D-301,174287,2006,Ford,F150,XL,GRAY,210295,Yes,"",2026-07-29,D,5400.0
7,A-313,173702,2020,Ford,F250SD,"",WHITE,129225,No,"",2026-07-29,A,11000.0
9,B-475,173837,2016,Ford,F250SD,"",WHITE,142961,No,"",2026-07-29,B,25500.0
7,B-353,173646,2019,Ford,Fiesta,SE,BLACK,53222,No,"",2026-07-29,B,4500.0
34,A-207,173262,2018,Ford,Fiesta,SE,GRAY,67625,Yes,3.8,2026-07-29,A,4300.0
24,A-254,174058,2016,Ford,Fiesta,SE,RED,130545,Yes,"",2026-07-29,A,900.0
7,A-388,174453,2017,Ford,Flex,Limited,WHITE,113300,No,"",2026-07-29,A,3600.0
7,A-370,173938,2014,Ford,Flex,SE,WHITE,180742,No,"",2026-07-29,A,600.0
48,F-008,158789,2016,Ford,Focus,RS 5DR HB RS,BLUE,114140,Yes,3.8,2026-07-29,F,14800.0
42,A-362,174485,2016,Ford,Focus,SE,WHITE,89897,Yes,1.5,2026-07-29,A,1500.0
8,A-191,174526,2013,Ford,Focus,SE,SILVER,195814,No,"",2026-07-29,A,600.0
7,C-279,173435,2012,Ford,Focus,SE,SILVER,141705,No,"",2026-07-29,C,500.0
8,B-418,173664,2005,Ford,Focus,S,GRAY,125460,No,"",2026-07-29,B,600.0
34,A-114,174767,2019,Ford,Fusion,HYBRID SEL,BLUE,79261,Yes,3.7,2026-07-29,A,7600.0
40,F-037,159667,2018,Ford,Fusion,SE,GRAY,144580,Yes,2.4,2026-07-29,F,3000.0
32,B-485,173707,2017,Ford,Fusion,HYBRID SE,WHITE,79740,Yes,3.1,2026-07-29,B,6200.0
32,C-376,174019,2016,Ford,Fusion,SE,SILVER,192666,Yes,3.4,2026-07-29,C,500.0
39,A-005,174504,2016,Ford,Fusion,SE,BLUE,103541,Yes,3.1,2026-07-29,A,3600.0
7,C-269,173415,2014,Ford,Fusion,SE,GRAY,94251,No,"",2026-07-29,C,1900.0
26,D-113,172807,2026,Ford,Mustang,DARK HORSE F,BLUE,3235,Yes,4.7,2026-07-29,D,59000.0
29,C-122,173234,2025,Ford,Mustang,ECOBOOST PRE,WHITE,13158,Yes,3.7,2026-07-29,C,29400.0
30,D-101,173904,2024,Ford,Mustang,DARK HORSE F,BLUE,12451,Yes,4.4,2026-07-29,D,55000.0
32,C-129,174541,2024,Ford,Mustang,GT FASTBACK,WHITE,108223,Yes,3.6,2026-07-29,C,22200.0
25,C-034,173869,2022,Ford,Mustang,ECOBOOST FAS,WHITE,53579,Yes,"",2026-07-29,C,18200.0
25,C-103,174084,2022,Ford,Mustang,ECOBOOST FAS,WHITE,65015,Yes,"",2026-07-29,C,15800.0
33,D-131.1,174398,2019,Ford,Mustang,ECOBOOST,WHITE,34193,Yes,4.3,2026-07-29,D,12500.0
39,A-178,172338,2019,Ford,Mustang,GT PREMIUM,RED,55880,Yes,2.7,2026-07-29,A,20600.0
28,B-094,171391,2018,Ford,Mustang,ECOBOOST,SILVER,78466,Yes,4.0,2026-07-29,B,10900.0
24,D-302,174297,2017,Ford,Mustang,GT PREMIUM,BLUE,118730,Yes,"",2026-07-29,D,14900.0
27,B-065,174198,2014,Ford,Mustang,V6 PREMIUM,WHITE,113642,Yes,4.1,2026-07-29,B,7200.0
28,B-408,172190,2013,Ford,Mustang,"",WHITE,37853,Yes,4.2,2026-07-29,B,43250.0
7,C-145.3,174566,2012,Ford,Mustang,Boss 302,RED,13511,No,"",2026-07-29,C,34500.0
8,B-226,174253,2000,Ford,Mustang,2DR CPE,GREEN,171857,No,"",2026-07-29,B,500.0
25,D-114,172820,2024,Ford,Ranger,Raptor,WHITE,9305,Yes,4.6,2026-07-29,D,48250.0
32,D-070,173489,2022,Ford,Ranger,XL,GRAY,41826,Yes,3.7,2026-07-29,D,22400.0
0,W-005,173600,2019,Ford,Ranger,XLT,BLACK,35795,No,"",2026-07-29,W,22700.0
7,B-146,174672,2024,Ford,T350 Vans,"",WHITE,49002,No,"",2026-07-29,B,33600.0
22,B-366,173668,2016,Ford,T350HD Vans,"",WHITE,129683,Yes,"",2026-07-29,B,8000.0
8,B-066,174202,2011,Ford,Taurus,Limited,RED,136435,No,"",2026-07-29,B,1800.0
9,B-401.3,174604,2019,Ford,Transit Connect,XL,WHITE,71884,No,"",2026-07-29,B,8300.0
9,A-314,173733,2019,Ford,TRANSIT-350 CUTAWAY,"",WHITE,137592,No,"",2026-07-29,A,12200.0
23,C-181,174147,2023,Genesis,G70,2.0T,GREEN,24271,Yes,4.8,2026-07-29,C,27000.0
23,C-148,174601,2021,Genesis,G80,2.5T,GREEN,36927,Yes,"",2026-07-29,C,25100.0
23,B-099,173239,2018,Genesis,G80,3.3T SPORT,WHITE,110898,Yes,"",2026-07-29,B,13800.0
0,W-008,173868,2023,GMC,Acadia,SLE,BLACK,40647,No,"",2026-07-29,W,19000.0
43,A-142,173628,2022,GMC,Acadia,Denali,BLACK,59958,Yes,4.0,2026-07-29,A,25400.0
8,A-234,174104,2019,GMC,Acadia,SLT,BLACK,158741,No,"",2026-07-29,A,4100.0
7,B-393,174389,2015,GMC,Acadia,SLT,PURPLE,80686,No,"",2026-07-29,B,9200.0
9,B-280,173287,2018,GMC,Canyon, DENALI,BLACK,174189,No,"",2026-07-29,B,6600.0
0,X-020,174642,2025,GMC,Sierra 1500,DENALI,BLUE,36072,No,"",2026-07-29,X,53400.0
29,B-312,173572,2025,GMC,Sierra 1500,DENALI,BLUE,22291,Yes,4.6,2026-07-29,B,55600.0
25,C-153.9,174647,2019,GMC,Sierra 1500,AT4,BROWN,62945,Yes,"",2026-07-29,C,33500.0
26,A-156,168206,2017,GMC,Sierra 1500,Denali,RED,89916,Yes,"",2026-07-29,A,18900.0
7,A-088,174388,2016,GMC,Sierra 1500,SLE,RED,140132,No,"",2026-07-29,A,17000.0
45,C-088,174264,2016,GMC,Sierra 1500,SLT,BLACK,104399,Yes,3.4,2026-07-29,C,16500.0
7,B-389,174335,2013,GMC,Sierra 1500,SLE,BLACK,219450,No,"",2026-07-29,B,3000.0
29,B-388,173063,2022,GMC,Sierra 2500,2500HD DENALI,WHITE,62716,Yes,3.5,2026-07-29,B,48000.0
29,A-062,174099,2023,GMC,Terrain,SLT,BLACK,29332,Yes,3.9,2026-07-29,A,20400.0
24,A-109,174718,2020,GMC,Terrain,SLT,WHITE,81922,Yes,"",2026-07-29,A,11400.0
8,B-049,174159,2019,GMC,Terrain,SLE,GRAY,132331,No,"",2026-07-29,B,5300.0
30,D-047,173498,2018,GMC,Terrain,SLE,GRAY,73105,Yes,4.1,2026-07-29,D,9600.0
33,B-108.2,174401,2018,GMC,Terrain,SLE,BLACK,116952,Yes,4.0,2026-07-29,B,7400.0
7,C-278,173419,2013,GMC,Terrain,SLT,BLACK,188712,No,"",2026-07-29,C,1100.0
31,D-048,172017,2023,GMC,Yukon,SLT,GRAY,41856,Yes,2.3,2026-07-29,D,43200.0
8,B-014,174346,2021,GMC,Yukon,SLT,WHITE,188418,No,"",2026-07-29,B,13800.0
40,C-155,174623,2021,GMC,Yukon,SLT,BLACK,62843,Yes,3.2,2026-07-29,C,34300.0
32,A-058,174001,2019,GMC,Yukon,Denali,WHITE,85476,Yes,4.6,2026-07-29,A,28400.0
9,A-160,171444,2005,GMC,Yukon,SLE,SILVER,242255,No,"",2026-07-29,A,500.0
27,B-243,174807,2025,GMC,Yukon XL,AT4,BLACK,42160,Yes,4.5,2026-07-29,B,62800.0
8,C-170,173889,2020,GMC,Yukon XL,SLT,BLACK,216735,No,"",2026-07-29,C,7800.0
24,A-041,173427,2025,Honda,Accord,HYBRID SPORT-,BLACK,31618,Yes,"",2026-07-29,A,22200.0
27,C-304,173648,2025,Honda,Accord,HYBRID SPORT-,RED,24307,Yes,4.1,2026-07-29,C,26200.0
30,A-045,173431,2025,Honda,Accord,SEDAN LX,SILVER,21105,Yes,4.4,2026-07-29,A,21200.0
32,C-265,173461,2025,Honda,Accord,SEDAN LX,SILVER,29439,Yes,3.0,2026-07-29,C,19400.0
37,C-277,172305,2025,Honda,Accord,SEDAN LX,SILVER,37824,Yes,2.5,2026-07-29,C,18400.0
26,O-015,172858,2025,Honda,Accord,SEDAN LX,GRAY,13417,Yes,4.5,2026-07-29,O,23300.0
36,C-310,173624,2025,Honda,Accord,SEDAN LX,GRAY,27690,Yes,2.2,2026-07-29,C,19600.0
36,A-035,173576,2025,Honda,Accord,SEDAN SE,WHITE,20080,Yes,4.0,2026-07-29,A,22400.0
33,C-258,172711,2025,Honda,Accord,SEDAN SE,SILVER,48426,Yes,3.6,2026-07-29,C,19000.0
28,A-065,173902,2024,Honda,Accord,HYBRID SPORT,BLUE,34126,Yes,4.1,2026-07-29,A,23000.0
26,A-113,174765,2024,Honda,Accord,HYBRID SPORT-,GRAY,7145,Yes,4.6,2026-07-29,A,28000.0
26,C-419,173747,2024,Honda,Accord,HYBRID TOURIN,GRAY,22868,Yes,4.4,2026-07-29,C,28000.0
25,A-095,174605,2024,Honda,Accord,SEDAN LX,BLACK,5632,Yes,"",2026-07-29,A,21600.0
25,A-033,173574,2023,Honda,Accord,Hybrid Sport,BLACK,16597,Yes,"",2026-07-29,A,23000.0
29,A-061,173497,2023,Honda,Accord,Hybrid Sport,RED,9407,Yes,4.6,2026-07-29,A,25800.0
8,B-401.1,174575,2023,Honda,Accord,SEDAN EX,BLUE,23613,No,"",2026-07-29,B,21000.0
39,C-270,172106,2023,Honda,Accord,SEDAN EX,WHITE,18903,Yes,3.7,2026-07-29,C,20600.0
26,C-046,173899,2023,Honda,Accord,SEDAN LX,RED,31238,Yes,4.6,2026-07-29,C,22200.0
28,C-091.6,174728,2021,Honda,Accord,SEDAN SPORT,WHITE,61438,Yes,4.5,2026-07-29,C,20000.0
36,C-296,174201,2021,Honda,Accord,SEDAN SPORT S,WHITE,89238,Yes,2.1,2026-07-29,C,15100.0
31,C-282,173438,2021,Honda,Accord,SEDAN TOURING,RED,75602,Yes,3.8,2026-07-29,C,20200.0
35,C-308,173701,2020,Honda,Accord,SEDAN LX,GRAY,55717,Yes,2.8,2026-07-29,C,13700.0
41,C-285,174073,2018,Honda,Accord,SEDAN SPORT 2,WHITE,69137,Yes,1.9,2026-07-29,C,16700.0
31,B-237,174317,2017,Honda,Accord,SEDAN LX,BLACK,109085,Yes,3.3,2026-07-29,B,9400.0
7,A-030,173511,2016,Honda,Accord,SEDAN SPORT,BROWN,169530,No,"",2026-07-29,A,7700.0
30,A-020,174500,2015,Honda,Accord,SEDAN EX,BLACK,104279,Yes,3.2,2026-07-29,A,8000.0
8,C-286,173456,2015,Honda,Accord,SEDAN LX,GOLD,162496,No,"",2026-07-29,C,5600.0
7,B-477,174363,2014,Honda,Accord,SEDAN EX,GRAY,163331,No,"",2026-07-29,B,6000.0
7,B-365,173672,2014,Honda,Accord,SEDAN EX,GRAY,96762,No,"",2026-07-29,B,10600.0
7,A-025,174602,2014,Honda,Accord,SEDAN LX,BLACK,175130,No,"",2026-07-29,A,4300.0
8,A-315,173779,2014,Honda,Accord,SEDAN LX,SILVER,184238,No,"",2026-07-29,A,3200.0
23,A-115,174768,2014,Honda,Accord,SEDAN LX,WHITE,129877,Yes,"",2026-07-29,A,6500.0
25,A-007,174644,2013,Honda,Accord,SDN EX-L,GRAY,79525,Yes,"",2026-07-29,A,2400.0
8,B-454,174703,2012,Honda,Accord,SDN SE,GRAY,148699,No,"",2026-07-29,B,6600.0
8,C-210,174031,2011,Honda,Accord,SDN LX-P,BURGUNDY,145531,No,"",2026-07-29,C,800.0
8,B-127,174172,2010,Honda,Accord,CPE EX-L,BLACK,207772,No,"",2026-07-29,B,1000.0
8,B-275,174053,2009,Honda,Accord,SDN LX,SILVER,185351,No,"",2026-07-29,B,2100.0
8,A-291.7,174037,1997,Honda,Accord,SDN LX,TAN,144306,No,"",2026-07-29,A,500.0
30,C-284,174095,2025,Honda,Civic,HATCHBACK SPOR,BLUE,24800,Yes,3.9,2026-07-29,C,22000.0
27,C-257,172722,2025,Honda,Civic,HATCHBACK SPOR,BLACK,14652,Yes,4.5,2026-07-29,C,22800.0
24,A-052,173884,2025,Honda,Civic,SEDAN LX,SILVER,57538,Yes,"",2026-07-29,A,17600.0
30,C-280,173406,2025,Honda,Civic,SEDAN SPORT,GRAY,14901,Yes,4.1,2026-07-29,C,22500.0
34,C-380,174179,2025,Honda,Civic,SEDAN SPORT,BLUE,40107,Yes,3.6,2026-07-29,C,20600.0
26,C-251.1,174074,2025,Honda,Civic,SI MANUAL,GRAY,9076,Yes,4.7,2026-07-29,C,28000.0
25,D-084,173714,2024,Honda,Civic,HATCHBACK SPOR,GRAY,48442,Yes,"",2026-07-29,D,18600.0
37,A-098,174613,2024,Honda,Civic,SEDAN EX,WHITE,35668,Yes,3.8,2026-07-29,A,21000.0
30,A-059,173496,2024,Honda,Civic,SEDAN LX,WHITE,24039,Yes,4.5,2026-07-29,A,20700.0
34,C-305,173621,2024,Honda,Civic,SEDAN SPORT,RED,33637,Yes,4.0,2026-07-29,C,21600.0
28,A-078,174501,2024,Honda,Civic,SEDAN SPORT,WHITE,31261,Yes,4.6,2026-07-29,A,22400.0
25,A-066,174421,2023,Honda,Civic,HATCHBACK LX,BLACK,25480,Yes,"",2026-07-29,A,19000.0
30,D-079,172350,2023,Honda,Civic,SEDAN TOURING,BLACK,36299,Yes,3.5,2026-07-29,D,21600.0
32,A-097,174794,2023,Honda,Civic,SI MANUAL,GRAY,38938,Yes,4.5,2026-07-29,A,24400.0
24,A-096,174612,2022,Honda,Civic,SEDAN SPORT,WHITE,44196,Yes,"",2026-07-29,A,12000.0
28,D-116,173971,2022,Honda,Civic,SEDAN SPORT,RED,31870,Yes,4.7,2026-07-29,D,21200.0
8,C-255,174105,2021,Honda,Civic,HATCHBACK SPOR,RED,117588,No,"",2026-07-29,C,8200.0
30,C-409,173718,2020,Honda,Civic,SEDAN LX,WHITE,70647,Yes,3.7,2026-07-29,C,12400.0
24,A-013,174795,2020,Honda,Civic,SEDAN LX,GRAY,97035,Yes,"",2026-07-29,A,8600.0
30,C-263,174093,2020,Honda,Civic,SEDAN LX,GRAY,33660,Yes,4.3,2026-07-29,C,15200.0
29,A-043,173429,2020,Honda,Civic,SEDAN SPORT,WHITE,88982,Yes,3.2,2026-07-29,A,10000.0
38,D-067,173553,2020,Honda,Civic,SEDAN SPORT,GRAY,71042,Yes,1.8,2026-07-29,D,7200.0
33,B-076,173412,2019,Honda,Civic,HATCHBACK EX,BLUE,117215,Yes,4.3,2026-07-29,B,13500.0
7,B-424,174814,2019,Honda,Civic,SEDAN EX-L,WHITE,98439,No,"",2026-07-29,B,12100.0
42,D-065,173546,2019,Honda,Civic,SEDAN LX,RED,59866,Yes,1.8,2026-07-29,D,10800.0
7,A-372,174413,2019,Honda,Civic,SEDAN SPORT,GRAY,101607,No,"",2026-07-29,A,12000.0
42,C-294,173485,2018,Honda,Civic,HATCHBACK EX,SILVER,82417,Yes,2.6,2026-07-29,C,13000.0
46,A-028,173986,2018,Honda,Civic,HATCHBACK SPOR,WHITE,126637,Yes,3.6,2026-07-29,A,11200.0
7,D-131.8,174412,2017,Honda,Civic,HATCHBACK EX,WHITE,106395,No,"",2026-07-29,D,10400.0
32,A-039,173426,2017,Honda,Civic,HATCHBACK EX-L,RED,86779,Yes,3.6,2026-07-29,A,13300.0
9,B-277,172118,2016,Honda,Civic,COUPE EX-L,WHITE,118933,No,"",2026-07-29,B,10800.0
7,C-371,174330,2016,Honda,Civic,SEDAN LX,WHITE,157693,No,"",2026-07-29,C,4200.0
49,C-287,173457,2014,Honda,Civic,SEDAN LX,SILVER,1,Yes,1.3,2026-07-29,C,2700.0
8,B-159.4,174424,2012,Honda,Civic,SDN LX,GRAY,1,No,"",2026-07-29,B,2500.0
7,C-167,173450,2010,Honda,Civic,SDN LX,BLUE,132534,No,"",2026-07-29,C,900.0
8,C-382,171117,2009,Honda,Civic,CPE EX-L,BLACK,147342,No,"",2026-07-29,C,800.0
54,F-109,171909,2009,Honda,Civic,SDN SI,ORANGE,112204,Yes,0.0,2026-07-29,F,1700.0
7,B-456,173184,2008,Honda,Civic,SDN DX,SILVER,113683,No,"",2026-07-29,B,1700.0
10,C-097,174056,2007,Honda,Civic,CPE EX,SILVER,212598,No,"",2026-07-29,C,600.0
26,C-256,172725,2025,Honda,CR-V,EX,RED,16108,Yes,4.6,2026-07-29,C,27500.0
30,C-271,172169,2025,Honda,CR-V,EX,GRAY,15188,Yes,4.0,2026-07-29,C,26900.0
31,A-091,174521,2025,Honda,CR-V,EX-L,BLACK,36854,Yes,3.8,2026-07-29,A,27000.0
27,C-267,172875,2025,Honda,CR-V,EX-L,RED,25276,Yes,4.6,2026-07-29,C,28500.0
25,C-295,173492,2025,Honda,CR-V,HYBRID SPORT,BLACK,30522,Yes,4.6,2026-07-29,C,27400.0
29,A-074,174450,2025,Honda,CR-V,HYBRID SPORT,BLUE,26469,Yes,3.9,2026-07-29,A,29400.0
26,D-062,173422,2025,Honda,CR-V,HYBRID SPORT-L,BLACK,58827,Yes,4.0,2026-07-29,D,25800.0
31,A-054,173908,2025,Honda,CR-V,LX,BLUE,33703,Yes,4.2,2026-07-29,A,24800.0
29,A-086,174510,2025,Honda,CR-V,LX,SILVER,26575,Yes,4.6,2026-07-29,A,24400.0
33,A-057,173508,2025,Honda,CR-V,LX,BLACK,31171,Yes,4.2,2026-07-29,A,24400.0
33,A-047,173448,2024,Honda,CR-V,EX,BLACK,38779,Yes,4.0,2026-07-29,A,24200.0
28,C-227,172669,2024,Honda,CR-V,EX,SILVER,78269,Yes,4.5,2026-07-29,C,22000.0
32,A-093,174588,2024,Honda,CR-V,EX-L,BLACK,26285,Yes,4.1,2026-07-29,A,27000.0
27,A-102,174648,2024,Honda,CR-V,HYBRID SPORT,GRAY,21979,Yes,4.4,2026-07-29,A,29000.0
27,D-130.3,174295,2024,Honda,CR-V,HYBRID SPORT,BLUE,27547,Yes,4.7,2026-07-29,D,28000.0
30,C-383,171195,2024,Honda,CR-V,HYBRID SPORT TO,SILVER,44932,Yes,3.6,2026-07-29,C,29000.0
28,A-050,173509,2024,Honda,CR-V,LX,BLACK,44792,Yes,4.1,2026-07-29,A,23500.0
33,D-124,172877,2023,Honda,CR-V,EX-L,GRAY,18007,Yes,4.5,2026-07-29,D,28800.0
27,C-312,174091,2023,Honda,CR-V,EX-L,GRAY,79448,Yes,4.6,2026-07-29,C,23200.0
28,C-423,172507,2022,Honda,CR-V,EX-L,GRAY,44531,Yes,4.3,2026-07-29,C,22200.0
27,O-010,172234,2022,Honda,CR-V,Hybrid EX,SILVER,43885,Yes,4.1,2026-07-29,O,23490.0
27,D-140,174255,2021,Honda,CR-V,EX,SILVER,33521,Yes,4.6,2026-07-29,D,23400.0
31,C-391,173679,2021,Honda,CR-V,SPECIAL EDITION,BLACK,39425,Yes,4.3,2026-07-29,C,19600.0
27,B-223,174252,2020,Honda,CR-V,EX-L,GRAY,81491,Yes,3.7,2026-07-29,B,18000.0
39,A-126,174043,2020,Honda,CR-V,EX-L,BLACK,52889,Yes,3.1,2026-07-29,A,20400.0
0,C-244,173946,2019,Honda,CR-V,EX-L,GRAY,109510,No,"",2026-07-29,C,14400.0
23,B-487,173823,2019,Honda,CR-V,EX-L,GRAY,85083,Yes,"",2026-07-29,B,16600.0
9,B-465,173772,2016,Honda,CR-V,SE,GRAY,143604,No,"",2026-07-29,B,5400.0
7,B-126,174171,2015,Honda,CR-V,EX-L,RED,108241,No,"",2026-07-29,B,9600.0
0,C-436,173818,2015,Honda,CR-V,EX-L,GRAY,141385,No,"",2026-07-29,C,6600.0
7,C-301,174203,2014,Honda,CR-V,EX-L,SILVER,241390,No,"",2026-07-29,C,3800.0
47,F-046,171639,2014,Honda,CR-V,LX,GRAY,159829,Yes,1.3,2026-07-29,F,3600.0
8,C-290,174077,2013,Honda,CR-V,LX,GRAY,99594,No,"",2026-07-29,C,6000.0
8,B-207,173468,2012,Honda,CR-V,LX,WHITE,160701,No,"",2026-07-29,B,5900.0
8,A-291.5,174027,2011,Honda,CR-V,SE,RED,206091,No,"",2026-07-29,A,2300.0
7,B-373,174273,2007,Honda,CR-V,EX,BLACK,74662,No,"",2026-07-29,B,4700.0
33,C-309,173622,2025,Honda,HR-V,LX,GREEN,33409,Yes,4.1,2026-07-29,C,19600.0
30,C-273,172892,2025,Honda,HR-V,Sport,GRAY,24647,Yes,4.1,2026-07-29,C,21500.0
34,A-099,174621,2025,Honda,HR-V,Sport,BLACK,32008,Yes,4.0,2026-07-29,A,21800.0
25,A-106,174685,2025,Honda,HR-V,Sport,RED,10091,Yes,4.5,2026-07-29,A,24000.0
8,B-291,173540,2024,Honda,HR-V,LX,WHITE,91500,No,"",2026-07-29,B,14700.0
25,A-107,174689,2024,Honda,HR-V,Sport,GRAY,22530,Yes,4.8,2026-07-29,A,23200.0
29,D-055,173011,2023,Honda,HR-V,LX,BLACK,20540,Yes,4.7,2026-07-29,D,21000.0
32,C-281,173407,2023,Honda,HR-V,Sport,WHITE,66581,Yes,4.5,2026-07-29,C,20800.0
32,C-194,173484,2021,Honda,HR-V,Sport,WHITE,82471,Yes,4.1,2026-07-29,C,14000.0
31,D-030,173637,2020,Honda,HR-V,Sport,BLACK,106785,Yes,4.4,2026-07-29,D,10000.0
29,B-128,174181,2019,Honda,HR-V,EX,BLACK,66953,Yes,3.9,2026-07-29,B,13800.0
32,B-265,173706,2025,Honda,Odyssey,Touring,WHITE,30048,Yes,4.6,2026-07-29,B,36200.0
34,D-199,173783,2023,Honda,Odyssey,EX-L,BLUE,43783,Yes,4.2,2026-07-29,D,27800.0
26,A-115.4,174799,2022,Honda,Odyssey,EX-L,BLUE,95355,Yes,"",2026-07-29,A,10400.0
10,C-307,174310,2019,Honda,Odyssey,EX,GRAY,151591,No,"",2026-07-29,C,7600.0
7,B-278,173148,2019,Honda,Odyssey,EX-L,BLACK,110566,No,"",2026-07-29,B,14200.0
29,D-029,173632,2019,Honda,Odyssey,EX-L,GRAY,69795,Yes,4.0,2026-07-29,D,20000.0
7,A-386,174423,2016,Honda,Odyssey,EX-L,SILVER,123891,No,"",2026-07-29,A,10700.0
7,C-106,174107,2016,Honda,Odyssey,SE,GRAY,168847,No,"",2026-07-29,C,5100.0
8,C-359,173968,2014,Honda,Odyssey,EX-L,RED,137526,No,"",2026-07-29,C,7600.0
7,B-160.1,174493,2013,Honda,Odyssey,EX-L,GRAY,167688,No,"",2026-07-29,B,3100.0
7,D-005,174292,2009,Honda,Odyssey,EX-L,GRAY,177813,No,"",2026-07-29,D,600.0
7,B-187,173900,2007,Honda,Odyssey,LX,SILVER,130153,No,"",2026-07-29,B,600.0
24,A-009,174760,2006,Honda,Odyssey,EX-L,BLUE,129731,Yes,"",2026-07-29,A,1800.0
25,C-424,173765,2026,Honda,Passport,TrailSport,GRAY,12612,Yes,4.6,2026-07-29,C,40500.0
31,A-082,174503,2023,Honda,Passport,EX-L,BLACK,29302,Yes,4.6,2026-07-29,A,29600.0
33,D-044,173458,2023,Honda,Passport,TrailSport,WHITE,24537,Yes,2.6,2026-07-29,D,27000.0
32,A-053,173507,2025,Honda,Pilot,EX-L,BLACK,21714,Yes,4.3,2026-07-29,A,35400.0
28,A-100,174629,2025,Honda,Pilot,EX-L,BLACK,13126,Yes,4.8,2026-07-29,A,37000.0
30,D-049,172943,2025,Honda,Pilot,TrailSport,SILVER,24045,Yes,4.8,2026-07-29,D,40500.0
34,A-049,173453,2024,Honda,Pilot,EX-L 7 PASSENG,BLACK,89778,Yes,3.8,2026-07-29,A,25000.0
35,D-059,173038,2024,Honda,Pilot,EX-L 8 PASSENG,WHITE,84495,Yes,3.9,2026-07-29,D,26400.0
8,C-252,174098,2022,Honda,Pilot,EX-L,BLUE,128576,No,"",2026-07-29,C,13000.0
32,C-169,173882,2022,Honda,Pilot,SPECIAL EDITIO,GRAY,50232,Yes,3.7,2026-07-29,C,25000.0
26,B-355,173667,2021,Honda,Pilot,TOURING 7-PASS,WHITE,30895,Yes,4.0,2026-07-29,B,28300.0
8,B-189,173905,2021,Honda,Pilot,TOURING 8-PASS,BLUE,131326,No,"",2026-07-29,B,12800.0
33,D-172,173604,2018,Honda,Pilot,EX-L,WHITE,70325,Yes,3.6,2026-07-29,D,17000.0
10,C-306,173653,2018,Honda,Pilot,EX-L,BLACK,201304,No,"",2026-07-29,C,4600.0
42,A-022,174688,2016,Honda,Pilot,Elite,SILVER,98597,Yes,3.5,2026-07-29,A,14000.0
25,A-115.2,174797,2025,Honda,Ridgeline,SPORT+,SILVER,16092,Yes,4.7,2026-07-29,A,30200.0
30,A-032,173465,2022,Honda,Ridgeline,RTL-E,BLACK,48055,Yes,4.3,2026-07-29,A,25000.0
23,D-310,174360,2021,Hyundai,Accent,SEL,GRAY,68593,Yes,"",2026-07-29,D,3200.0
7,D-131.4,174409,2020,Hyundai,Accent,SE,WHITE,140297,No,"",2026-07-29,D,2700.0
7,C-302,173626,2016,Hyundai,Accent,SE,WHITE,104379,No,"",2026-07-29,C,600.0
9,C-903,160347,2016,Hyundai,Accent,SE,GRAY,123871,No,"",2026-07-29,C,500.0
27,D-132,174086,2026,Hyundai,Elantra,SE,WHITE,5696,Yes,4.8,2026-07-29,D,18600.0
25,C-182,174418,2026,Hyundai,Elantra,SEL Sport,WHITE,4480,Yes,4.7,2026-07-29,C,18000.0
26,D-130.4,174301,2026,Hyundai,Elantra,SEL Sport,GRAY,9683,Yes,4.8,2026-07-29,D,18800.0
24,D-281,172383,2025,Hyundai,Elantra,Limited,BLUE,24995,Yes,"",2026-07-29,D,17800.0
26,D-061,173021,2025,Hyundai,Elantra,SE,GRAY,25771,Yes,4.7,2026-07-29,D,15500.0
30,D-073,173670,2024,Hyundai,Elantra,Limited,GRAY,10836,Yes,2.6,2026-07-29,D,17500.0
43,D-125,173997,2023,Hyundai,Elantra,SEL,BLUE,52627,Yes,1.9,2026-07-29,D,12200.0
7,B-400.5,174731,2021,Hyundai,Elantra,SEL,BLUE,16881,No,"",2026-07-29,B,14800.0
35,C-902,172446,2020,Hyundai,Elantra,SE,GRAY,129938,Yes,3.6,2026-07-29,C,4500.0
42,F-100,164982,2019,Hyundai,Elantra,SE,SILVER,150432,Yes,1.1,2026-07-29,F,800.0
37,D-010,174404,2019,Hyundai,Elantra,SE,BLACK,98212,Yes,1.9,2026-07-29,D,5400.0
33,B-229,174296,2019,Hyundai,Elantra,SEL,SILVER,99232,Yes,3.4,2026-07-29,B,7100.0
7,C-162,171119,2019,Hyundai,Elantra,SEL,SILVER,146801,No,"",2026-07-29,C,2900.0
7,C-408,173705,2019,Hyundai,Elantra,VALUE EDITIO,BLACK,100684,No,"",2026-07-29,C,7300.0
38,F-028,172664,2018,Hyundai,Elantra,SEL,BLUE,121432,Yes,2.5,2026-07-29,F,3600.0
23,B-009,174340,2017,Hyundai,Elantra,SE,WHITE,83448,Yes,"",2026-07-29,B,2800.0
26,C-100,172680,2017,Hyundai,Elantra,SE,BLACK,121016,Yes,"",2026-07-29,C,2100.0
25,C-096,173487,2017,Hyundai,Elantra,SE,BLUE,88682,Yes,"",2026-07-29,C,3200.0
8,C-262,171959,2014,Hyundai,Elantra,COUPE 2DR,WHITE,150363,No,"",2026-07-29,C,1600.0
23,C-027,173740,2013,Hyundai,Elantra,GLS,BLACK,1,Yes,"",2026-07-29,C,1900.0
7,D-133.2,174466,2013,Hyundai,Elantra,GLS,BLACK,138562,No,"",2026-07-29,D,3200.0
24,C-092.8,174790,2012,Hyundai,Elantra,LIMITED,BLACK,122475,Yes,"",2026-07-29,C,1200.0
8,A-292,173915,2012,Hyundai,Elantra,LIMITED,GRAY,194059,No,"",2026-07-29,A,2000.0
24,A-340,174754,2014,Hyundai,Genesis,3.8L,GRAY,61129,Yes,"",2026-07-29,A,6400.0
43,C-326,170867,2013,Hyundai,Genesis,3.8L,WHITE,63670,Yes,1.9,2026-07-29,C,2500.0
8,B-182,173826,2011,Hyundai,Genesis Coupe,2DR 2.,BLUE,151114,No,"",2026-07-29,B,1000.0
26,D-056,173026,2024,Hyundai,Kona,SE,BLUE,66820,Yes,4.7,2026-07-29,D,13600.0
30,B-478,174359,2024,Hyundai,Kona,SEL,RED,27255,Yes,4.0,2026-07-29,B,17600.0
25,C-246,173950,2023,Hyundai,Kona,SEL,WHITE,23070,Yes,4.7,2026-07-29,C,17100.0
40,B-202,173445,2022,Hyundai,Kona,SEL,SILVER,62378,Yes,3.4,2026-07-29,B,12400.0
41,C-179,174140,2022,Hyundai,Kona,SEL,GRAY,44144,Yes,3.0,2026-07-29,C,7600.0
7,D-132.9,174464,2020,Hyundai,Kona,SE,SILVER,138605,No,"",2026-07-29,D,3800.0
31,B-117,173739,2019,Hyundai,Kona,SE,GRAY,90041,Yes,3.8,2026-07-29,B,7500.0
9,C-251,174030,2018,Hyundai,Kona,SE,BLACK,116991,No,"",2026-07-29,C,4700.0
33,C-163,172127,2023,Hyundai,Palisade,XRT,WHITE,46652,Yes,4.0,2026-07-29,C,27000.0
31,D-109,173962,2023,Hyundai,Palisade,XRT,GRAY,43307,Yes,4.4,2026-07-29,D,29400.0
41,D-131.3,174406,2020,Hyundai,Palisade,Limited,GREEN,103089,Yes,3.6,2026-07-29,D,14200.0
27,C-251.2,174294,2020,Hyundai,Palisade,Limited,WHITE,62357,Yes,4.3,2026-07-29,C,20000.0
28,C-164,172131,2026,Hyundai,Santa Fe,HYBRID SEL,BLACK,13941,Yes,4.5,2026-07-29,C,29800.0
28,C-387,173638,2025,Hyundai,Santa Fe,SEL,RED,7768,Yes,4.6,2026-07-29,C,27300.0
0,W-004,173589,2024,Hyundai,Santa Fe,Limited,GREEN,21795,Yes,2.6,2026-07-29,W,29500.0
31,D-131.7,174411,2023,Hyundai,Santa Fe,SE,WHITE,26073,Yes,2.7,2026-07-29,D,18100.0
10,D-126,173999,2023,Hyundai,Santa Fe,SEL,SILVER,125026,No,"",2026-07-29,D,10800.0
36,C-183,174448,2023,Hyundai,Santa Fe,SEL,BLACK,40105,Yes,3.4,2026-07-29,C,18300.0
33,D-097,172598,2023,Hyundai,Santa Fe,SEL,WHITE,20728,Yes,4.1,2026-07-29,D,21600.0
25,C-220,174059,2023,Hyundai,Santa Fe,SEL,WHITE,22142,Yes,4.6,2026-07-29,C,20300.0
36,C-245,173947,2023,Hyundai,Santa Fe,SEL,BLACK,35306,Yes,3.2,2026-07-29,C,19600.0
27,D-130.6,174300,2023,Hyundai,Santa Fe,SEL,SILVER,47653,Yes,4.6,2026-07-29,D,18400.0
25,D-021,174080,2022,Hyundai,Santa Fe,SEL,WHITE,101472,Yes,"",2026-07-29,D,11200.0
29,D-209,174210,2020,Hyundai,Santa Fe,SEL,BLACK,88250,Yes,4.5,2026-07-29,D,11000.0
7,B-198,174375,2018,Hyundai,Santa Fe Sport,2.4L,WHITE,151757,No,"",2026-07-29,B,5000.0
25,A-364,174480,2015,Hyundai,Santa Fe Sport,4,BLUE,95798,Yes,"",2026-07-29,A,6400.0
9,B-045,174148,2014,Hyundai,Santa Fe Sport,4,WHITE,125141,No,"",2026-07-29,B,3200.0
28,W-009,173249,2026,Hyundai,Sonata,HYBRID BLUE,BLUE,1878,Yes,3.7,2026-07-29,W,20200.0
28,D-104,173918,2026,Hyundai,Sonata,N LINE,GRAY,4109,Yes,4.8,2026-07-29,D,28000.0
25,C-375,173846,2023,Hyundai,Sonata,HYBRID LIMITE,GRAY,46811,Yes,"",2026-07-29,C,18000.0
32,C-226,173873,2023,Hyundai,Sonata,SE,WHITE,54440,Yes,2.4,2026-07-29,C,12600.0
30,C-251.3,174049,2023,Hyundai,Sonata,SEL,BLACK,23651,Yes,4.3,2026-07-29,C,17400.0
23,B-476,174357,2018,Hyundai,Sonata,LIMITED,WHITE,114250,Yes,"",2026-07-29,B,5200.0
23,C-028,174141,2017,Hyundai,Sonata,SE,BROWN,61340,Yes,"",2026-07-29,C,7300.0
23,A-015,173506,2015,Hyundai,Sonata,2.0T SPORT,WHITE,112125,Yes,"",2026-07-29,A,3400.0
7,A-902,174778,2015,Hyundai,Sonata,2.4L LIMITED,WHITE,152026,No,"",2026-07-29,A,500.0
7,C-234,173432,2015,Hyundai,Sonata,2.4L LIMITED,BLACK,106811,No,"",2026-07-29,C,6500.0
7,C-276,173934,2015,Hyundai,Sonata,2.4L SPORT,WHITE,104577,No,"",2026-07-29,C,3000.0
8,C-195,173488,2014,Hyundai,Sonata,GLS,WHITE,167557,No,"",2026-07-29,C,1600.0
10,C-433,173802,2013,Hyundai,Sonata,GLS,BLACK,172859,No,"",2026-07-29,C,1100.0
8,C-215,174123,2013,Hyundai,Sonata,GLS PZEV,SILVER,226551,No,"",2026-07-29,C,1100.0
9,D-122,173990,2011,Hyundai,Sonata,SE,SILVER,144919,No,"",2026-07-29,D,1000.0
26,D-107,173960,2026,Hyundai,Tucson,SE,WHITE,6905,Yes,4.9,2026-07-29,D,22600.0
30,A-084,174505,2025,Hyundai,Tucson,SEL,SILVER,17204,Yes,4.4,2026-07-29,A,21000.0
32,D-052,172948,2024,Hyundai,Tucson,SEL,BLACK,12183,Yes,3.7,2026-07-29,D,19200.0
30,D-108,173961,2023,Hyundai,Tucson,Limited,GRAY,35036,Yes,4.4,2026-07-29,D,22000.0
33,D-050,172946,2023,Hyundai,Tucson,SEL,RED,37321,Yes,4.1,2026-07-29,D,18000.0
23,B-468,173773,2022,Hyundai,Tucson,Limited,BLUE,56629,Yes,"",2026-07-29,B,16400.0
31,C-372,174326,2022,Hyundai,Tucson,SEL,BLUE,22956,Yes,3.1,2026-07-29,C,16500.0
24,D-012,174400,2021,Hyundai,Tucson,SE,BLACK,97684,Yes,"",2026-07-29,D,7800.0
8,B-480,174367,2021,Hyundai,Tucson,SE,GRAY,145067,No,"",2026-07-29,B,5800.0
39,D-028,173447,2020,Hyundai,Tucson,SEL,WHITE,60092,Yes,2.3,2026-07-29,D,12000.0
8,C-351,174319,2020,Hyundai,Tucson,ULTIMATE,BLUE,102239,No,"",2026-07-29,C,10600.0
24,A-090,174519,2020,Hyundai,Tucson,Value,GRAY,74173,Yes,"",2026-07-29,A,8800.0
29,D-020,173720,2019,Hyundai,Tucson,SE,RED,104871,Yes,3.6,2026-07-29,D,7600.0
24,C-012,174182,2018,Hyundai,Tucson,SE,BLACK,79940,Yes,"",2026-07-29,C,8000.0
23,D-306,174306,2017,Hyundai,Tucson,SE,WHITE,101398,Yes,"",2026-07-29,D,3600.0
7,C-253,174100,2014,Hyundai,Veloster,TURBO,GRAY,135220,No,"",2026-07-29,C,1300.0
8,D-004,173727,2013,Hyundai,Veloster,W/BLACK INT,YELLOW,174799,No,"",2026-07-29,D,800.0
8,C-120,174509,2004,INFINITI,G35,COUPE W/LEATHER,SILVER,219915,No,"",2026-07-29,C,600.0
8,B-363,173929,2012,INFINITI,G37,CONVERTIBLE BASE,GRAY,89513,No,"",2026-07-29,B,8400.0
8,A-246,174750,2013,INFINITI,JX,JX35 4DR,GRAY,147046,No,"",2026-07-29,A,3300.0
26,D-290,173645,2015,INFINITI,Q50,4DR SDN,BROWN,89842,Yes,"",2026-07-29,D,4600.0
32,B-040,173811,2015,INFINITI,Q50,4DR SDN,BLACK,75652,Yes,3.3,2026-07-29,B,9100.0
8,C-146.7,174709,2014,INFINITI,Q50,SPORT,BROWN,160975,No,"",2026-07-29,C,5900.0
26,B-040.4,173832,2015,INFINITI,Q60,COUPE S LIMITED,WHITE,115220,Yes,"",2026-07-29,B,4500.0
7,D-058,173035,2025,INFINITI,QX50,Sport,BLACK,8764,No,"",2026-07-29,D,36200.0
8,B-154,172716,2023,INFINITI,QX50,Luxe,BLACK,3453,No,"",2026-07-29,B,27400.0
29,D-144,174278,2022,INFINITI,QX50,Pure,WHITE,11171,Yes,4.5,2026-07-29,D,21000.0
32,A-023,174686,2017,INFINITI,QX50,"",GRAY,109403,Yes,3.8,2026-07-29,A,7200.0
24,B-017,174506,2016,INFINITI,QX50,4DR,RED,78960,Yes,"",2026-07-29,B,4100.0
40,B-040.1,173819,2019,INFINITI,QX60,LUXE,BLUE,116663,Yes,3.4,2026-07-29,B,7200.0
8,A-214,174188,2017,INFINITI,QX60,"",GRAY,138231,No,"",2026-07-29,A,6500.0
38,A-242,173421,2016,INFINITI,QX60,4DR,WHITE,70236,Yes,3.9,2026-07-29,A,10000.0
7,C-248,173956,2015,INFINITI,QX60,4DR,BLUE,118318,No,"",2026-07-29,C,3800.0
32,X-003,172321,2019,INFINITI,QX80,LUXE,TAN,83267,Yes,4.0,2026-07-29,X,19200.0
27,B-425,173801,2025,Jaguar,F-Pace,R-DYNAMIC S,WHITE,40008,Yes,4.3,2026-07-29,B,32200.0
29,D-293,173655,2020,Jaguar,F-Pace,"",BLACK,71468,Yes,4.4,2026-07-29,D,28400.0
27,W-007,173031,2023,Jeep,Cherokee,ALTITUDE LU,BLACK,50381,Yes,4.6,2026-07-29,W,18700.0
25,B-083,173659,2021,Jeep,Cherokee,ALTITUDE,RED,65217,Yes,"",2026-07-29,B,13400.0
30,A-284,171750,2021,Jeep,Cherokee,LATITUDE LU,WHITE,37980,Yes,4.4,2026-07-29,A,16000.0
8,B-269,174051,2020,Jeep,Cherokee,ALTITUDE,BLACK,97495,No,"",2026-07-29,B,10500.0
32,D-192,173775,2019,Jeep,Cherokee,Trailhawk,RED,66016,Yes,4.2,2026-07-29,D,14200.0
31,D-245,173649,2018,Jeep,Cherokee,Latitude,BLACK,66457,Yes,4.6,2026-07-29,D,9100.0
8,A-291,173912,2015,Jeep,Cherokee,Sport,BLACK,134989,No,"",2026-07-29,A,4000.0
7,B-374,174261,2015,Jeep,Cherokee,Trailhawk,ORANGE,111830,No,"",2026-07-29,B,5200.0
25,C-032,173522,2014,Jeep,Cherokee,Limited,RED,48446,Yes,"",2026-07-29,C,6400.0
32,D-093,173870,2024,Jeep,Compass,Trailhawk,BLACK,50538,Yes,4.5,2026-07-29,D,17600.0
23,C-431,173797,2022,Jeep,Compass,LIMITED,BLACK,32835,Yes,"",2026-07-29,C,16600.0
31,D-198,173755,2022,Jeep,Compass,Trailhawk,GRAY,35274,Yes,4.1,2026-07-29,D,17800.0
23,C-392,172695,2021,Jeep,Compass,ALTITUDE,SILVER,21648,Yes,"",2026-07-29,C,14500.0
0,X-013,174259,2021,Jeep,Compass,Sport,BLUE,71041,No,"",2026-07-29,X,10000.0
38,D-160,173561,2019,Jeep,Compass,Limited,BLUE,77631,Yes,2.9,2026-07-29,D,11000.0
48,A-371,173941,2018,Jeep,Compass,Latitude,SILVER,76676,Yes,3.0,2026-07-29,A,8000.0
28,B-410,174354,2018,Jeep,Compass,LATITUDE W/S,SILVER,28544,Yes,3.1,2026-07-29,B,5500.0
9,D-023,174004,2016,Jeep,Compass,Latitude,WHITE,137606,No,"",2026-07-29,D,2000.0
30,D-111,171646,2025,Jeep,Grand Cherokee,ALTIT,WHITE,34084,Yes,4.3,2026-07-29,D,24500.0
33,B-108.5,174463,2024,Jeep,Grand Cherokee,ALTIT,BLACK,55080,Yes,4.0,2026-07-29,B,21000.0
32,A-152,172986,2020,Jeep,Grand Cherokee,HIGH,RED,63626,Yes,3.0,2026-07-29,A,20800.0
9,B-270,174052,2019,Jeep,Grand Cherokee,ALTIT,WHITE,120372,No,"",2026-07-29,B,10400.0
29,D-278,169926,2019,Jeep,Grand Cherokee,ALTIT,WHITE,66743,Yes,4.5,2026-07-29,D,16000.0
8,B-046,174149,2017,Jeep,Grand Cherokee,LIMIT,BLUE,111121,No,"",2026-07-29,B,6800.0
37,D-224.7,174442,2017,Jeep,Grand Cherokee,LIMIT,GRAY,96157,Yes,3.2,2026-07-29,D,11000.0
7,B-391,174379,2016,Jeep,Grand Cherokee,HIGH,WHITE,115202,No,"",2026-07-29,B,9500.0
8,B-298,172266,2016,Jeep,Grand Cherokee,SUMMI,WHITE,85003,No,"",2026-07-29,B,10200.0
30,A-031,173451,2015,Jeep,Grand Cherokee,LARED,BLACK,87535,Yes,4.0,2026-07-29,A,6300.0
8,C-216,174125,2015,Jeep,Grand Cherokee,LARED,BLACK,110420,No,"",2026-07-29,C,4600.0
23,C-110,173076,2014,Jeep,Grand Cherokee,LIMIT,WHITE,154563,Yes,"",2026-07-29,C,2400.0
24,D-316,174452,2012,Jeep,Grand Cherokee,LARED,BLACK,142777,Yes,"",2026-07-29,D,2700.0
9,B-005,173143,2011,Jeep,Grand Cherokee,LARED,WHITE,210748,No,"",2026-07-29,B,600.0
32,C-289,173494,2021,Jeep,Grand Cherokee L,OVE,WHITE,61148,Yes,2.1,2026-07-29,C,23000.0
41,C-001,173452,2017,Jeep,Patriot,Latitude,WHITE,92697,Yes,3.1,2026-07-29,C,4200.0
8,B-054,174619,2016,Jeep,Patriot,75TH ANNIVER,GRAY,142449,No,"",2026-07-29,B,2000.0
42,F-004,173800,2015,Jeep,Renegade,Latitude,BLACK,87666,Yes,2.7,2026-07-29,F,1400.0
8,C-393,172795,2015,Jeep,Renegade,Trailhawk,WHITE,89334,No,"",2026-07-29,C,4500.0
27,D-130,172878,2026,Jeep,Wrangler,Rubicon,WHITE,7954,Yes,4.9,2026-07-29,D,38400.0
25,C-418,173731,2024,Jeep,Wrangler,4XE SAHARA,GRAY,32568,Yes,4.8,2026-07-29,C,25200.0
29,W-010,166420,2023,Jeep,Wrangler,Sport,SILVER,12226,Yes,4.3,2026-07-29,W,24500.0
27,A-060,174002,2017,Jeep,Wrangler,UNLIMITED S,GRAY,77354,Yes,4.1,2026-07-29,A,13700.0
31,D-134.2,174729,2013,Jeep,Wrangler,Sport,BLACK,77010,Yes,4.3,2026-07-29,D,11600.0
23,A-218,174696,2013,Jeep,Wrangler,UNLIMITED S,BLACK,128786,Yes,"",2026-07-29,A,5200.0
33,A-292.1,172766,2012,Jeep,Wrangler,UNLIMITED S,RED,129024,Yes,4.2,2026-07-29,A,8000.0
9,A-316,173805,2010,Jeep,Wrangler,Sahara,WHITE,134608,No,"",2026-07-29,A,7000.0
42,D-060,173041,2024,Kia,Carnival,SX PRESTIGE,BLACK,23628,Yes,2.4,2026-07-29,D,31500.0
32,D-014,174288,2024,Kia,Forte,GT,WHITE,25442,Yes,4.3,2026-07-29,D,19000.0
26,D-076,173687,2024,Kia,Forte,LXS,GRAY,16752,Yes,4.4,2026-07-29,D,15600.0
38,A-064,174109,2023,Kia,Forte,LXS,GRAY,77367,Yes,3.5,2026-07-29,A,12200.0
32,B-118,173746,2022,Kia,Forte,GT-Line,GRAY,106249,Yes,3.7,2026-07-29,B,12000.0
28,B-088,174384,2021,Kia,Forte,GT,RED,74122,Yes,3.7,2026-07-29,B,9400.0
37,C-202,173953,2021,Kia,Forte,LXS,GRAY,42851,Yes,2.2,2026-07-29,C,8600.0
24,A-072,174233,2021,Kia,Forte,LXS,GRAY,73709,Yes,"",2026-07-29,A,9000.0
43,F-033,167882,2020,Kia,Forte,EX,GRAY,88590,Yes,2.4,2026-07-29,F,7000.0
24,D-039,173495,2020,Kia,Forte,LXS,WHITE,86150,Yes,"",2026-07-29,D,7000.0
43,F-034,159490,2020,Kia,Forte,LXS,RED,50771,Yes,1.3,2026-07-29,F,5300.0
7,C-211,174033,2019,Kia,Forte,LXS,BLUE,96359,No,"",2026-07-29,C,6000.0
9,A-130,174197,2015,Kia,Forte,LX,BLUE,161529,No,"",2026-07-29,A,1000.0
9,B-102,174361,2015,Kia,Forte,LX,BLUE,125562,No,"",2026-07-29,B,3700.0
35,C-206,174013,2014,Kia,Forte,EX,RED,85831,Yes,2.0,2026-07-29,C,1100.0
7,C-240,173923,2010,Kia,Forte,LX,WHITE,157603,No,"",2026-07-29,C,1100.0
28,D-077,173691,2025,Kia,K4,EX,WHITE,23266,Yes,4.2,2026-07-29,D,18800.0
27,D-089,173839,2025,Kia,K4,EX,BLACK,1275,Yes,4.9,2026-07-29,D,21600.0
29,D-074,173683,2024,Kia,K5,GT-LINE,GRAY,42957,Yes,3.9,2026-07-29,D,22400.0
30,D-102,173910,2024,Kia,K5,GT-LINE,WHITE,19861,Yes,4.7,2026-07-29,D,24400.0
9,B-213,173473,2018,Kia,Niro,PLUG-IN HYBRID,BLACK,225855,No,"",2026-07-29,B,1900.0
23,B-289,171241,2016,Kia,Optima,EX,BLACK,104607,Yes,"",2026-07-29,B,3600.0
8,A-265.1,174170,2015,Kia,Optima,EX,PURPLE,231489,No,"",2026-07-29,A,800.0
7,C-225,172404,2014,Kia,Optima,LX,BLACK,153763,No,"",2026-07-29,C,1200.0
10,B-004,174514,2009,Kia,Optima,LX,WHITE,188762,No,"",2026-07-29,B,500.0
26,A-105,174677,2023,Kia,Rio,S,GRAY,57588,Yes,3.7,2026-07-29,A,10700.0
9,C-193,173482,2016,Kia,Sedona,LX,GRAY,130116,No,"",2026-07-29,C,2200.0
31,D-068,172291,2025,Kia,Seltos,LX,BLUE,13366,Yes,3.7,2026-07-29,D,19000.0
25,A-044,173580,2024,Kia,Seltos,EX,GRAY,89855,Yes,"",2026-07-29,A,13900.0
25,X-014,170637,2024,Kia,Seltos,SX,BLUE,8348,Yes,4.7,2026-07-29,X,23200.0
27,C-439,173278,2023,Kia,Sorento,LX,SILVER,28480,Yes,4.1,2026-07-29,C,19200.0
27,C-379,174167,2023,Kia,Sorento,LX,WHITE,30556,Yes,4.0,2026-07-29,C,19000.0
30,D-033,173716,2021,Kia,Sorento,EX,WHITE,49554,Yes,3.9,2026-07-29,D,18400.0
39,A-087,174441,2019,Kia,Sorento,EX SPORT V6,BLACK,63030,Yes,3.5,2026-07-29,A,11800.0
7,B-016,174708,2019,Kia,Sorento,LX V6,WHITE,155309,No,"",2026-07-29,B,3300.0
25,B-385,171854,2019,Kia,Sorento,LX V6,PURPLE,82595,Yes,"",2026-07-29,B,7900.0
8,B-376,174333,2016,Kia,Sorento,LX,GRAY,141218,No,"",2026-07-29,B,3000.0
7,B-392,174380,2016,Kia,Sorento,LX,SILVER,191700,No,"",2026-07-29,B,2600.0
8,D-096,172605,2024,Kia,Soul,LX,GRAY,30154,Yes,"",2026-07-29,D,14800.0
30,D-130.8,174307,2023,Kia,Soul,EX,GRAY,15603,Yes,4.3,2026-07-29,D,18600.0
31,A-016,173588,2021,Kia,Soul,LX,WHITE,125507,Yes,3.7,2026-07-29,A,7400.0
9,B-356,173710,2021,Kia,Soul,LX,GRAY,89703,No,"",2026-07-29,B,9800.0
23,D-080,173693,2016,Kia,Soul,+,WHITE,91462,Yes,"",2026-07-29,D,2600.0
8,C-200,173949,2015,Kia,Soul,Base,GRAY,97019,No,"",2026-07-29,C,2400.0
7,C-221,173413,2014,Kia,Soul,Base,GREEN,129729,No,"",2026-07-29,C,1100.0
8,A-390,174467,2014,Kia,Soul,Base,GRAY,137728,No,"",2026-07-29,A,1400.0
24,A-161,172102,2013,Kia,Soul,+,SILVER,41342,Yes,"",2026-07-29,A,1500.0
10,B-002,174350,2012,Kia,Soul,+,GREEN,186080,No,"",2026-07-29,B,500.0
55,D-132.8,174445,2012,Kia,Soul,+,SILVER,76838,Yes,1.3,2026-07-29,D,500.0
35,D-130.2,174293,2025,Kia,Sportage,EX,GRAY,23187,Yes,3.6,2026-07-29,D,20200.0
26,C-209,174028,2025,Kia,Sportage,SX-Prestige,GRAY,4566,Yes,4.3,2026-07-29,C,28700.0
31,D-120,173989,2024,Kia,Sportage,EX,GRAY,36721,Yes,4.4,2026-07-29,D,21200.0
0,X-022,174834,2024,Kia,Sportage,SX-Prestige,BLUE,38645,No,"",2026-07-29,X,23200.0
9,B-422,174810,2024,Kia,Sportage,X-Line,WHITE,14381,No,"",2026-07-29,B,24500.0
25,D-036,173618,2024,Kia,Sportage,X-Line,RED,28585,Yes,4.6,2026-07-29,D,23000.0
31,D-136,174135,2024,Kia,Sportage,X-Line,GRAY,58872,Yes,4.2,2026-07-29,D,19000.0
26,D-130.5,174302,2023,Kia,Sportage,LX,WHITE,39474,Yes,"",2026-07-29,D,16000.0
24,A-240,174486,2020,Kia,Sportage,LX,GRAY,47020,Yes,"",2026-07-29,A,10000.0
8,A-128,174195,2018,Kia,Sportage,LX,SILVER,193169,No,"",2026-07-29,A,3200.0
8,B-123,174156,2016,Kia,Sportage,LX,WHITE,117949,No,"",2026-07-29,B,4200.0
9,C-196,173932,2009,Kia,Sportage,LX,GREEN,65244,No,"",2026-07-29,C,2400.0
37,C-153.6,174651,2020,Kia,Stinger,GT1,BLACK,70030,Yes,3.3,2026-07-29,C,19600.0
26,X-009,172278,2025,Kia,Telluride,SX-PRESTIG,GRAY,19460,Yes,4.6,2026-07-29,X,39100.0
26,D-034,173620,2024,Kia,Telluride,EX,BLACK,35178,Yes,4.7,2026-07-29,D,30000.0
30,B-272,174055,2024,Kia,Telluride,SX,GRAY,18635,Yes,4.0,2026-07-29,B,34000.0
33,D-130.7,174309,2024,Kia,Telluride,SX PRESTIG,GREEN,36230,Yes,4.4,2026-07-29,D,35800.0
8,B-401.2,174599,2021,Kia,Telluride,LX,SILVER,80111,No,"",2026-07-29,B,15500.0
36,A-145,173658,2023,Land Rover,Defender,"",BLACK,15176,Yes,4.2,2026-07-29,A,63000.0
31,B-426,174205,2020,Land Rover,Defender,"",GREEN,54795,Yes,4.3,2026-07-29,B,34200.0
26,A-108,174701,2020,Land Rover,Discovery Sport,S,GRAY,94474,Yes,3.8,2026-07-29,A,6700.0
34,D-247,174788,2019,Land Rover,Range Rover,"",TAN,69910,Yes,3.6,2026-07-29,D,24600.0
35,D-228,173785,2013,Land Rover,Range Rover,HSE,BLACK,60071,Yes,2.8,2026-07-29,D,14200.0
27,B-215,174603,2018,Land Rover,Range Rover Evoque,S,BLACK,62251,Yes,3.9,2026-07-29,B,2000.0
8,B-124,174160,2015,Land Rover,Range Rover Evoque,P,GRAY,85759,No,"",2026-07-29,B,4600.0
24,B-430,172656,2025,Land Rover,Range Rover Sport,DY,GRAY,14813,Yes,4.6,2026-07-29,B,83500.0
29,B-427,172352,2017,Land Rover,Range Rover Sport,"",GRAY,83196,Yes,4.2,2026-07-29,B,13400.0
32,A-186,174438,2016,Land Rover,Range Rover Sport,"",WHITE,87704,Yes,3.7,2026-07-29,A,10300.0
44,F-018,170342,2016,Land Rover,Range Rover Sport,"",BLACK,130030,Yes,1.3,2026-07-29,F,3400.0
30,D-130.1,174291,2018,Land Rover,Range Rover Velar,"",TAN,61834,Yes,4.7,2026-07-29,D,15800.0
0,O-011,173857,2023,Lexus,ES 350,ES 350,BEIGE,36946,No,"",2026-07-29,O,34400.0
33,D-224.1,174286,2021,Lexus,ES 350,F Sport,BLACK,59236,Yes,4.2,2026-07-29,D,27800.0
7,C-002,173838,2008,Lexus,ES 350,4DR SDN,BLUE,242479,No,"",2026-07-29,C,700.0
10,C-107,174117,2008,Lexus,ES 350,4DR SDN,BLACK,143576,No,"",2026-07-29,C,1300.0
25,D-179,173612,2025,Lexus,ES-Series,"",RED,5321,Yes,4.4,2026-07-29,D,43000.0
27,D-150,174248,2024,Lexus,ES-Series,"",GRAY,13586,Yes,4.7,2026-07-29,D,40400.0
35,A-189,174457,2023,Lexus,GX 460,GX 460,GREEN,88194,Yes,4.0,2026-07-29,A,37800.0
46,C-259,170023,2017,Lexus,GX 460,GX 460 PREMIU,BLUE,96482,Yes,1.9,2026-07-29,C,18400.0
0,W-001,173402,2024,Lexus,GX-Series,"",GRAY,34417,No,"",2026-07-29,W,79600.0
26,D-181,172201,2024,Lexus,GX-Series,"",GREEN,26142,Yes,4.7,2026-07-29,D,67600.0
34,A-014,174793,2014,Lexus,IS 250,4DR SPORT SDN,WHITE,73932,Yes,3.9,2026-07-29,A,14600.0
32,C-092,174536,2023,Lexus,IS 300,IS 300,RED,17980,Yes,3.8,2026-07-29,C,31000.0
28,C-048,174122,2021,Lexus,IS 300,IS 300,SILVER,64054,Yes,4.2,2026-07-29,C,25900.0
29,D-187,173723,2023,Lexus,IS 350,F SPORT,BLACK,31224,Yes,4.2,2026-07-29,D,39200.0
37,D-146,174283,2022,Lexus,IS 350,F Sport,BLACK,201583,Yes,2.5,2026-07-29,D,15000.0
23,D-188,172336,2022,Lexus,IS 350,F Sport,GRAY,17254,Yes,4.8,2026-07-29,D,39000.0
32,D-224.4,174386,2022,Lexus,IS 350,F Sport,GRAY,26706,Yes,4.6,2026-07-29,D,40400.0
28,D-224.3,174298,2021,Lexus,IS 350,F Sport,WHITE,35743,Yes,4.6,2026-07-29,D,37400.0
25,C-060,174531,2026,Lexus,IS-Series,"",OTHER,4286,Yes,"",2026-07-29,C,45600.0
27,D-180,173611,2025,Lexus,IS-Series,"",RED,8990,Yes,4.3,2026-07-29,D,35000.0
25,D-201,172364,2025,Lexus,IS-Series,"",SILVER,6740,Yes,4.8,2026-07-29,D,44300.0
23,D-162,173562,2025,Lexus,IS-Series,"",OTHER,10689,Yes,4.6,2026-07-29,D,39800.0
29,C-065,173845,2025,Lexus,IS-Series,"",BLACK,9922,Yes,4.4,2026-07-29,C,39500.0
29,D-155,173517,2024,Lexus,IS-Series,"",SILVER,11252,Yes,2.6,2026-07-29,D,33000.0
32,D-223,174240,2024,Lexus,IS-Series,"",GRAY,36492,Yes,4.4,2026-07-29,D,33000.0
25,D-156,172182,2024,Lexus,IS-Series,"",RED,5763,Yes,4.7,2026-07-29,D,39800.0
30,C-079,174119,2024,Lexus,IS-Series,"",GRAY,20021,Yes,4.5,2026-07-29,C,32800.0
31,D-149,174247,2021,Lexus,NX 300,F Sport,WHITE,39996,Yes,4.3,2026-07-29,D,28400.0
25,D-169,173585,2019,Lexus,NX 300,F SPORT,BLACK,42030,Yes,4.6,2026-07-29,D,25600.0
34,D-200,173791,2019,Lexus,NX 300,NX 300,WHITE,97425,Yes,2.5,2026-07-29,D,16600.0
23,B-241,174804,2018,Lexus,NX 300h,NX 300H,SILVER,99542,Yes,"",2026-07-29,B,16800.0
25,B-437,174068,2023,Lexus,NX 350,Premium,BLACK,25182,Yes,5.0,2026-07-29,B,35000.0
25,D-224.2,174289,2026,Lexus,NX-Series,"",WHITE,4436,Yes,4.8,2026-07-29,D,42400.0
28,D-147,174284,2025,Lexus,NX-Series,"",BLACK,27820,Yes,4.5,2026-07-29,D,33400.0
24,C-064,173766,2025,Lexus,NX-Series,"",WHITE,7418,Yes,4.8,2026-07-29,C,39400.0
25,D-178,172189,2025,Lexus,NX-Series,"",WHITE,11988,Yes,4.8,2026-07-29,D,43000.0
27,D-173,170621,2025,Lexus,NX-Series,"",WHITE,4442,Yes,4.5,2026-07-29,D,43500.0
26,D-225,174242,2025,Lexus,NX-Series,"",WHITE,20109,Yes,4.4,2026-07-29,D,43000.0
27,D-148,174282,2025,Lexus,NX-Series,"",GRAY,12699,Yes,4.7,2026-07-29,D,38600.0
26,D-206,173760,2025,Lexus,NX-Series,"",GRAY,10190,Yes,4.7,2026-07-29,D,39000.0
24,D-175,173607,2024,Lexus,NX-Series,"",BLACK,33275,Yes,4.8,2026-07-29,D,34400.0
27,C-053,173789,2024,Lexus,NX-Series,"",GREEN,27613,Yes,4.5,2026-07-29,C,32000.0
24,D-157,173616,2024,Lexus,NX-Series,"",RED,20782,Yes,4.8,2026-07-29,D,34000.0
28,D-224.8,174458,2024,Lexus,NX-Series,"",BLACK,25146,Yes,4.4,2026-07-29,D,35400.0
33,D-194,173759,2024,Lexus,NX-Series,"",SILVER,27770,Yes,3.9,2026-07-29,D,30000.0
27,D-202,173757,2024,Lexus,NX-Series,"",WHITE,14972,Yes,4.4,2026-07-29,D,38200.0
27,D-203,173752,2024,Lexus,NX-Series,"",BLACK,9619,Yes,4.7,2026-07-29,D,39600.0
35,D-224.5,174390,2024,Lexus,NX-Series,"",GRAY,39712,Yes,4.0,2026-07-29,D,27800.0
36,C-231,172922,2024,Lexus,NX-Series,"",ORANGE,25089,Yes,2.5,2026-07-29,C,28400.0
32,C-056,173827,2023,Lexus,RX 350,PREMIUM,BLUE,35856,Yes,3.9,2026-07-29,C,38400.0
24,D-186,173614,2023,Lexus,RX 350,PREMIUM PLUS,SILVER,45893,Yes,4.8,2026-07-29,D,40000.0
30,C-906,172341,2021,Lexus,RX 350,RX 350,WHITE,59251,Yes,4.3,2026-07-29,C,33700.0
27,D-163,173564,2019,Lexus,RX 350,RX 350,SILVER,43455,Yes,4.4,2026-07-29,D,28600.0
27,C-145.2,174564,2019,Lexus,RX 350,RX 350,SILVER,53596,Yes,3.7,2026-07-29,C,25800.0
8,C-146.9,174722,2019,Lexus,RX 350,RX 350,SILVER,101907,No,"",2026-07-29,C,20800.0
26,C-145,174199,2019,Lexus,RX 350,RX 350,GRAY,80363,Yes,4.3,2026-07-29,C,22400.0
25,C-146.5,174695,2018,Lexus,RX 350,RX 350,WHITE,53144,Yes,"",2026-07-29,C,24200.0
32,C-146.4,174693,2017,Lexus,RX 350,RX 350,BLACK,68077,Yes,4.5,2026-07-29,C,24600.0
28,B-436,174065,2013,Lexus,RX 350,4DR,BLACK,95813,Yes,4.3,2026-07-29,B,11000.0
25,D-260,174671,2012,Lexus,RX 350,4DR,WHITE,96812,Yes,"",2026-07-29,D,11600.0
44,D-235,174353,2009,Lexus,RX 350,4DR,BLACK,137477,Yes,2.9,2026-07-29,D,4600.0
25,D-286,173639,2018,Lexus,RX 350L,PREMIUM,BLUE,103982,Yes,"",2026-07-29,D,17800.0
9,A-318.1,173821,2018,Lexus,RX 350L,PREMIUM,GOLD,53482,No,"",2026-07-29,A,23000.0
27,D-189,173725,2020,Lexus,RX 450h,F SPORT PERF,WHITE,28119,Yes,4.4,2026-07-29,D,41200.0
24,D-195,173758,2026,Lexus,RX-Series,"",GRAY,5912,Yes,4.8,2026-07-29,D,53200.0
27,D-171,173601,2025,Lexus,RX-Series,"",BLACK,9674,Yes,4.3,2026-07-29,D,46000.0
27,D-152,173514,2025,Lexus,RX-Series,"",BLUE,10797,Yes,4.3,2026-07-29,D,53200.0
25,D-174,173606,2025,Lexus,RX-Series,"",WHITE,8038,Yes,4.5,2026-07-29,D,48700.0
24,D-190,173613,2025,Lexus,RX-Series,"",GRAY,9569,Yes,4.8,2026-07-29,D,48600.0
27,D-224.9,174462,2025,Lexus,RX-Series,"",GRAY,19633,Yes,4.4,2026-07-29,D,46000.0
28,C-438,173761,2025,Lexus,RX-Series,"",GRAY,20922,Yes,4.5,2026-07-29,C,39000.0
25,D-177,173608,2025,Lexus,RX-Series,"",GRAY,13096,Yes,4.7,2026-07-29,D,47000.0
33,D-211,174214,2025,Lexus,RX-Series,"",SILVER,8239,Yes,4.5,2026-07-29,D,61800.0
25,D-204,173754,2025,Lexus,RX-Series,"",BLACK,7326,Yes,4.5,2026-07-29,D,52200.0
27,D-158,173559,2025,Lexus,RX-Series,"",WHITE,15525,Yes,4.5,2026-07-29,D,47600.0
28,D-196,173756,2024,Lexus,RX-Series,"",BLACK,38869,Yes,4.0,2026-07-29,D,44800.0
27,D-217,174232,2024,Lexus,RX-Series,"",WHITE,8641,Yes,4.8,2026-07-29,D,50000.0
28,D-221,174237,2024,Lexus,RX-Series,"",BLACK,21914,Yes,4.7,2026-07-29,D,55500.0
28,D-220,174236,2024,Lexus,RX-Series,"",WHITE,48016,Yes,4.8,2026-07-29,D,45200.0
28,D-151,173513,2024,Lexus,RX-Series,"",WHITE,13687,Yes,4.6,2026-07-29,D,45000.0
30,D-213,174223,2024,Lexus,RX-Series,"",BLACK,34046,Yes,4.6,2026-07-29,D,40000.0
26,D-168,173584,2024,Lexus,RX-Series,"",ORANGE,19383,Yes,4.6,2026-07-29,D,48400.0
33,D-210,174212,2024,Lexus,RX-Series,"",SILVER,17410,Yes,4.2,2026-07-29,D,51000.0
27,D-184,173617,2024,Lexus,RX-Series,"",BLACK,28709,Yes,4.5,2026-07-29,D,40200.0
25,D-145,174280,2024,Lexus,RX-Series,"",WHITE,20201,Yes,4.8,2026-07-29,D,48800.0
26,D-167,173583,2025,Lexus,TX-Series,"",GRAY,16183,Yes,4.5,2026-07-29,D,51200.0
26,D-170,173586,2025,Lexus,TX-Series,"",WHITE,15071,Yes,4.8,2026-07-29,D,54400.0
30,D-208,174204,2024,Lexus,TX-Series,"",SILVER,22154,Yes,4.5,2026-07-29,D,48900.0
24,D-176,173609,2025,Lexus,UX-Series,"",SILVER,7797,Yes,4.8,2026-07-29,D,34600.0
29,D-165,173567,2025,Lexus,UX-Series,"",BLACK,11908,Yes,4.6,2026-07-29,D,32000.0
31,O-008,172293,2025,Lincoln,Aviator,Premiere,GRAY,4207,Yes,3.8,2026-07-29,O,47700.0
33,A-182,174478,2023,Lincoln,Aviator,STANDARD,BLACK,66779,Yes,3.3,2026-07-29,A,24500.0
34,A-181,174474,2023,Lincoln,Aviator,STANDARD,BLACK,16555,Yes,4.1,2026-07-29,A,34800.0
33,A-077,174219,2022,Lincoln,Corsair,Standard,GRAY,83717,Yes,3.9,2026-07-29,A,15500.0
26,A-233,168001,2020,Lincoln,Corsair,Standard,WHITE,59968,Yes,4.6,2026-07-29,A,14000.0
30,C-207,174015,2020,Lincoln,Corsair,Standard,WHITE,85776,Yes,4.0,2026-07-29,C,12200.0
7,C-208,174023,2019,Lincoln,MKC,STANDARD,RED,99729,No,"",2026-07-29,C,7400.0
24,B-108.9,174544,2020,Lincoln,MKZ,Reserve,WHITE,52936,Yes,"",2026-07-29,B,16500.0
44,B-108.1,174399,2020,Lincoln,MKZ,STANDARD,BLUE,111059,Yes,3.3,2026-07-29,B,7500.0
8,C-191,172553,2017,Lincoln,MKZ,Reserve,WHITE,109142,No,"",2026-07-29,C,3000.0
34,B-108,174370,2016,Lincoln,MKZ,4DR SDN,BROWN,101340,Yes,3.2,2026-07-29,B,6500.0
32,C-068,173781,2023,Lincoln,Nautilus,Reserve,BLACK,14042,Yes,3.5,2026-07-29,C,32000.0
25,D-265,174667,2023,Lincoln,Nautilus,Reserve,WHITE,26173,Yes,4.6,2026-07-29,D,31600.0
24,A-183,174482,2023,Lincoln,Nautilus,STANDARD,BLACK,30403,Yes,"",2026-07-29,A,22000.0
33,A-196,174529,2019,Lincoln,Nautilus,Reserve,BLACK,89815,Yes,4.0,2026-07-29,A,13600.0
35,B-096,166430,2019,Maserati,Ghibli,S Q4,WHITE,35401,Yes,4.5,2026-07-29,B,16900.0
7,B-349,174670,2015,Maserati,Ghibli,4DR SDN,BLACK,92107,No,"",2026-07-29,B,6800.0
28,C-062,172832,2019,Maserati,Levante,3.0L,GRAY,21747,Yes,4.4,2026-07-29,C,22000.0
8,D-115,173966,2019,Mazda,CX-3,Sport,SILVER,157023,No,"",2026-07-29,D,6600.0
29,B-113,173040,2024,Mazda,CX-30,2.5 S PREFERRE,BLACK,26709,Yes,3.9,2026-07-29,B,20200.0
30,B-120,172327,2024,Mazda,CX-30,2.5 S SELECT S,SILVER,35165,Yes,4.5,2026-07-29,B,18700.0
23,B-220,174246,2020,Mazda,CX-30,SELECT PACKAGE,BLACK,19886,Yes,"",2026-07-29,B,14600.0
29,A-287,173887,2025,Mazda,CX-5,2.5 S PREFERRED,GRAY,13926,Yes,4.1,2026-07-29,A,24200.0
30,A-296,174020,2025,Mazda,CX-5,2.5 S SELECT PA,RED,41892,Yes,4.4,2026-07-29,A,22000.0
31,A-271,169663,2024,Mazda,CX-5,2.5 S PREFERRED,BLUE,25942,Yes,4.4,2026-07-29,A,22000.0
33,D-133.7,174565,2024,Mazda,CX-5,2.5 S SELECT PA,BLUE,15176,Yes,2.4,2026-07-29,D,21000.0
31,B-114,164643,2024,Mazda,CX-5,2.5 S SELECT PA,RED,17609,Yes,3.3,2026-07-29,B,22100.0
41,D-106,173919,2023,Mazda,CX-5,2.5 S PREMIUM P,BLUE,28325,Yes,4.3,2026-07-29,D,24400.0
34,D-013,174290,2023,Mazda,CX-5,2.5 S SELECT PA,SILVER,30615,Yes,3.4,2026-07-29,D,20000.0
26,B-134,174645,2023,Mazda,CX-5,2.5 S SELECT PA,WHITE,24813,Yes,4.2,2026-07-29,B,20200.0
24,B-111,172523,2023,Mazda,CX-5,2.5 S SELECT PA,RED,18901,Yes,"",2026-07-29,B,20700.0
27,A-063,173596,2023,Mazda,CX-5,2.5 TURBO,BLUE,26108,Yes,4.4,2026-07-29,A,25000.0
30,A-283,173855,2022,Mazda,CX-5,2.5 S PREMIUM P,WHITE,52651,Yes,4.3,2026-07-29,A,20800.0
34,B-112,173519,2021,Mazda,CX-5,Grand Touring,BLUE,27281,Yes,4.2,2026-07-29,B,21800.0
8,B-398,174454,2020,Mazda,CX-5,Touring,BLUE,84616,No,"",2026-07-29,B,12600.0
35,X-002,171962,2019,Mazda,CX-5,Grand Touring,SILVER,52047,Yes,3.7,2026-07-29,X,16100.0
8,A-291.2,174021,2019,Mazda,CX-5,Touring,RED,142222,No,"",2026-07-29,A,7000.0
36,B-027,173792,2018,Mazda,CX-5,Grand Touring,WHITE,66375,Yes,3.6,2026-07-29,B,16000.0
23,B-121,174045,2017,Mazda,CX-5,Touring,SILVER,89372,Yes,"",2026-07-29,B,11000.0
39,B-132,174637,2017,Mazda,CX-5,Touring,BLACK,108246,Yes,3.4,2026-07-29,B,10400.0
29,B-121.1,174369,2025,Mazda,CX-50,2.5 S PREMIUM,WHITE,5448,Yes,4.8,2026-07-29,B,28100.0
8,C-370,174329,2010,Mazda,CX-7,SPORT,BLACK,191042,No,"",2026-07-29,C,500.0
44,D-222,174238,2010,Mazda,CX-7,SPORT,BLACK,198862,Yes,1.7,2026-07-29,D,700.0
8,D-025,173744,2021,Mazda,CX-9,Touring,WHITE,182857,No,"",2026-07-29,D,6600.0
0,X-008,174034,2021,Mazda,CX-9,Touring,WHITE,50258,No,"",2026-07-29,X,18800.0
8,C-260,171204,2015,Mazda,CX-9,Touring,GRAY,126079,No,"",2026-07-29,C,2000.0
9,B-160.6,174723,2011,Mazda,CX-9,Grand Touring,WHITE,152287,No,"",2026-07-29,B,2100.0
8,A-291.3,174041,2011,Mazda,CX-9,Grand Touring,WHITE,142677,No,"",2026-07-29,A,2500.0
7,B-135,173176,2011,Mazda,CX-9,Touring,BLACK,191408,No,"",2026-07-29,B,900.0
32,D-133.6,174583,2025,Mazda,CX-90,PREFERRED PACK,BLUE,19577,Yes,4.6,2026-07-29,D,29000.0
36,F-029,160839,2025,Mazda,CX-90,PREFERRED PACK,BLUE,32218,Yes,4.3,2026-07-29,F,26200.0
7,A-127,174189,2008,Mazda,Mazda3,S SPORT *LTD,GRAY,179051,No,"",2026-07-29,A,1000.0
25,A-272,174733,2012,Mazda,Mazda5,Grand Touring,WHITE,63412,Yes,"",2026-07-29,A,4400.0
23,B-115,171098,2018,Mazda,Mazda6,Touring,WHITE,113891,Yes,"",2026-07-29,B,7200.0
11,B-203,173462,2009,Mazda,Mazda6,I SPORT,BURGUNDY,183867,No,"",2026-07-29,B,600.0
7,D-132.6,174444,2017,Mazda,MAZDA6 TOURING,"",BLACK,121942,No,"",2026-07-29,D,3000.0
32,C-033,173850,2019,Mercedes-Benz,A-Class,"",GRAY,109444,Yes,4.4,2026-07-29,C,10000.0
8,D-297,173349,2020,Mercedes-Benz,AMG GT,53 4-DOOR COU,GRAY,54360,No,"",2026-07-29,D,34000.0
10,C-254,174101,2009,Mercedes-Benz,C Class,3.0L SPORT,WHITE,137043,No,"",2026-07-29,C,2000.0
34,C-091.7,174732,2023,Mercedes-Benz,C-Class,"",WHITE,62844,Yes,3.7,2026-07-29,C,31800.0
31,O-004,171965,2018,Mercedes-Benz,C-Class,"",GRAY,95921,Yes,4.1,2026-07-29,O,8300.0
34,D-226,170946,2017,Mercedes-Benz,C-Class,"",GRAY,59426,Yes,3.5,2026-07-29,D,15800.0
7,A-190,174461,2016,Mercedes-Benz,C-Class,"",SILVER,155775,No,"",2026-07-29,A,5100.0
31,C-266,171992,2023,Mercedes-Benz,CLA,"",SILVER,41152,Yes,2.4,2026-07-29,C,29200.0
32,B-059,173836,2014,Mercedes-Benz,E Class,E 350 SPORT,BLACK,112778,Yes,3.3,2026-07-29,B,2600.0
37,F-012,169168,2014,Mercedes-Benz,E Class,E 350 SPORT,WHITE,131985,Yes,1.3,2026-07-29,F,4000.0
8,B-412,174782,2012,Mercedes-Benz,E Class,E 350 LUXURY,WHITE,176623,No,"",2026-07-29,B,3200.0
25,B-199,164172,2016,Mercedes-Benz,E-Class,"",WHITE,69284,Yes,4.6,2026-07-29,B,18000.0
41,A-900,171802,2016,Mercedes-Benz,G-Class,"",SILVER,113511,Yes,3.3,2026-07-29,A,37000.0
33,D-234,174351,2016,Mercedes-Benz,GL-Class,"",WHITE,121526,Yes,4.2,2026-07-29,D,8000.0
23,A-046,173581,2021,Mercedes-Benz,GLA,250 GLA 250 SUV,BLACK,40608,Yes,"",2026-07-29,A,13900.0
27,B-079,172071,2022,Mercedes-Benz,GLB,250 GLB 250 SUV,BLACK,53220,Yes,"",2026-07-29,B,20100.0
25,D-257,173377,2024,Mercedes-Benz,GLC,300 4MATIC SUV,BLUE,12574,Yes,4.7,2026-07-29,D,37800.0
32,D-138,170050,2024,Mercedes-Benz,GLC,300 4MATIC SUV,WHITE,67795,Yes,4.3,2026-07-29,D,17200.0
25,A-243,174490,2023,Mercedes-Benz,GLC,300 COUPE 4MATIC,WHITE,31987,Yes,4.9,2026-07-29,A,37000.0
9,B-401,174593,2021,Mercedes-Benz,GLC,"",BLACK,79960,No,"",2026-07-29,B,23800.0
31,D-233,174348,2020,Mercedes-Benz,GLC,300 GLC 300 SUV,WHITE,71164,Yes,4.3,2026-07-29,D,14200.0
0,Y-023,174738,2020,Mercedes-Benz,GLC,300 GLC 300 SUV,GRAY,92560,No,"",2026-07-29,Y,12900.0
9,D-066,172247,2018,Mercedes-Benz,GLC,"",GRAY,74772,No,"",2026-07-29,D,18400.0
24,B-361,171769,2025,Mercedes-Benz,GLE,350 4MATIC,BLACK,17956,Yes,4.7,2026-07-29,B,44500.0
26,B-444,171191,2024,Mercedes-Benz,GLE,350 4MATIC,WHITE,21479,Yes,4.6,2026-07-29,B,41500.0
27,C-136,172727,2022,Mercedes-Benz,GLE,350 GLE 350 SUV,WHITE,38080,Yes,4.2,2026-07-29,C,31700.0
27,A-241,173348,2021,Mercedes-Benz,GLE,350 GLE 350 SUV,SILVER,46778,Yes,4.6,2026-07-29,A,26400.0
31,D-185,173696,2021,Mercedes-Benz,GLE,350 GLE 350 SUV,SILVER,77076,Yes,4.0,2026-07-29,D,23000.0
35,A-213,174187,2021,Mercedes-Benz,GLE,350 GLE 350 SUV,WHITE,66730,Yes,4.0,2026-07-29,A,25400.0
40,A-094,174592,2019,Mercedes-Benz,GLS,450 4MATIC,BLACK,74027,Yes,3.7,2026-07-29,A,18300.0
27,D-272,173874,2018,Mercedes-Benz,GLS,450 4MATIC,WHITE,48900,Yes,4.9,2026-07-29,D,21200.0
56,F-009,165673,2010,Mercedes-Benz,M Class,ML 550,GRAY,133262,Yes,1.3,2026-07-29,F,600.0
7,B-193,174366,2019,Mercedes-Benz,Metris,STANDARD ROOF,WHITE,48392,No,"",2026-07-29,B,14200.0
27,D-231,173808,2017,Mercedes-Benz,S-Class,"",WHITE,53004,Yes,4.6,2026-07-29,D,28200.0
24,D-269,174676,2022,Mercedes-Benz,SL-Class,"",BLACK,21057,Yes,"",2026-07-29,D,88200.0
27,D-259.1,174780,2017,Mercedes-Benz,SL-Class,"",SILVER,21903,Yes,4.5,2026-07-29,D,47400.0
25,A-208,173301,2014,Mercedes-Benz,Sprinter 2500,"",SILVER,187898,Yes,"",2026-07-29,A,7200.0
29,D-212,174222,2024,Mini,Cooper Countryman,"",BLUE,14552,Yes,4.5,2026-07-29,D,25000.0
38,F-005,173107,2016,Mini,Cooper Countryman,JO,BLACK,107619,Yes,1.7,2026-07-29,F,4900.0
7,D-003,173464,2016,Mitsubishi,Lancer,ES,SILVER,140206,No,"",2026-07-29,D,600.0
7,A-361,174483,2015,Mitsubishi,Outlander,SE,WHITE,150203,No,"",2026-07-29,A,1500.0
7,C-006,173610,2013,Mitsubishi,Outlander,SE,SILVER,159950,No,"",2026-07-29,C,1600.0
8,B-067,174266,2012,Mitsubishi,Outlander,SE,WHITE,177229,No,"",2026-07-29,B,1000.0
24,A-120,174032,2021,Mitsubishi,Outlander Sport,ES,WHITE,73580,Yes,"",2026-07-29,A,9800.0
8,A-188,174440,2018,Mitsubishi,Outlander Sport,SE 2,SILVER,137407,No,"",2026-07-29,A,3900.0
32,D-090,173861,2025,Nissan,Altima,S,GRAY,32,Yes,4.9,2026-07-29,D,21400.0
9,D-137,174136,2020,Nissan,Altima,2.5 S,BLACK,253783,No,"",2026-07-29,D,1200.0
38,A-298,174584,2020,Nissan,Altima,2.5 SR,BLACK,87225,Yes,3.5,2026-07-29,A,10200.0
9,B-071,173641,2019,Nissan,Altima,2.5 S,SILVER,176436,No,"",2026-07-29,B,2600.0
7,D-011,174407,2018,Nissan,Altima,2.5 SR,GRAY,185613,No,"",2026-07-29,D,2300.0
9,A-011,174590,2017,Nissan,Altima,2.5 S,WHITE,150023,No,"",2026-07-29,A,3000.0
8,C-374,173831,2015,Nissan,Altima,2.5 S,WHITE,151396,No,"",2026-07-29,C,1600.0
9,A-301,173717,2015,Nissan,Altima,2.5 S,BLACK,169366,No,"",2026-07-29,A,1500.0
25,C-109,173108,2015,Nissan,Altima,2.5 S,SILVER,67542,Yes,"",2026-07-29,C,1100.0
35,D-292,173651,2013,Nissan,Altima,2.5 S,RED,187620,Yes,3.1,2026-07-29,D,1200.0
57,D-006,173423,2012,Nissan,Altima,2.5 S,WHITE,106460,Yes,1.3,2026-07-29,D,1000.0
53,F-007,167898,2012,Nissan,Altima,2.5 S,GRAY,110792,Yes,1.3,2026-07-29,F,500.0
26,C-104,174097,2012,Nissan,Altima,2.5 SL,WHITE,108915,Yes,"",2026-07-29,C,1000.0
8,C-091.8,174743,2009,Nissan,Altima,2.5 S,WHITE,167058,No,"",2026-07-29,C,500.0
7,A-006,174580,2004,Nissan,Altima,SL,SILVER,168579,No,"",2026-07-29,A,500.0
30,D-309,174328,2023,Nissan,Frontier,S,GRAY,23102,Yes,4.5,2026-07-29,D,26200.0
28,A-103,174755,2025,Nissan,Kicks,SV,BLACK,16605,Yes,4.4,2026-07-29,A,19200.0
37,D-207,173881,2021,Nissan,Kicks,SV,WHITE,54055,Yes,2.3,2026-07-29,D,9200.0
22,D-299,172524,2021,Nissan,Maxima,SV,BLACK,66291,Yes,"",2026-07-29,D,14600.0
47,F-025,170992,2017,Nissan,Maxima,PLATINUM,SILVER,113161,Yes,1.3,2026-07-29,F,4300.0
8,C-428,173795,2016,Nissan,Maxima,3.5 SR,BLACK,115383,No,"",2026-07-29,C,4800.0
28,D-127,174003,2023,Nissan,Murano,SL,SILVER,12091,Yes,4.6,2026-07-29,D,25400.0
8,B-051,174173,2016,Nissan,Murano,SV,WHITE,106047,No,"",2026-07-29,B,6000.0
7,C-137,174175,2015,Nissan,Murano,PLATINUM,WHITE,172676,No,"",2026-07-29,C,3400.0
23,C-098,174061,2015,Nissan,Murano,SV,WHITE,122381,Yes,"",2026-07-29,C,3200.0
8,B-053,173300,2017,Nissan,MURANO PLATINUM,"",SILVER,164520,No,"",2026-07-29,B,3000.0
23,C-417,168488,2017,Nissan,MURANO PLATINUM,"",WHITE,104780,Yes,"",2026-07-29,C,6700.0
7,C-426,173774,2016,Nissan,NV 200,S,WHITE,133164,No,"",2026-07-29,C,4600.0
28,A-111,174763,2025,Nissan,Pathfinder,S,WHITE,20341,Yes,4.8,2026-07-29,A,26200.0
30,D-094,171522,2025,Nissan,Pathfinder,SV,BLACK,40331,Yes,4.5,2026-07-29,D,25800.0
30,D-112,173965,2025,Nissan,Pathfinder,SV,SILVER,31303,Yes,4.6,2026-07-29,D,25000.0
31,D-082,173709,2024,Nissan,Pathfinder,Platinum,TAN,32090,Yes,3.3,2026-07-29,D,31800.0
8,A-310,173675,2022,Nissan,Pathfinder,SV,BLACK,102984,No,"",2026-07-29,A,15000.0
8,C-394,174254,2018,Nissan,Pathfinder,SL,BLACK,113659,No,"",2026-07-29,C,4600.0
8,B-452,174726,2014,Nissan,Pathfinder,PLATINUM,GRAY,132959,No,"",2026-07-29,B,1700.0
8,C-298,173565,2014,Nissan,Pathfinder,SV,GRAY,132206,No,"",2026-07-29,C,600.0
8,C-430,173796,2009,Nissan,Pathfinder,S,SILVER,249413,No,"",2026-07-29,C,500.0
28,A-092,174582,2024,Nissan,Rogue,SL,RED,41890,Yes,4.5,2026-07-29,A,20800.0
33,C-398,173686,2023,Nissan,Rogue,S,BLACK,49347,Yes,4.4,2026-07-29,C,15600.0
23,C-070,173852,2023,Nissan,Rogue,S,WHITE,26246,Yes,"",2026-07-29,C,15800.0
29,A-067,173907,2023,Nissan,Rogue,SL,WHITE,32495,Yes,4.7,2026-07-29,A,21300.0
26,B-035,172498,2023,Nissan,Rogue,SV,GRAY,56033,Yes,4.5,2026-07-29,B,15000.0
31,A-104,174666,2022,Nissan,Rogue,S,RED,74573,Yes,4.2,2026-07-29,A,12600.0
30,B-047,174154,2022,Nissan,Rogue,SL,GRAY,33396,Yes,4.6,2026-07-29,B,19200.0
26,A-309,173674,2021,Nissan,Rogue,S,BLACK,76418,Yes,4.6,2026-07-29,A,10500.0
7,B-173,173538,2021,Nissan,Rogue,SL,RED,83490,No,"",2026-07-29,B,13400.0
7,A-116,174769,2021,Nissan,Rogue,SV,BLUE,73623,No,"",2026-07-29,A,13100.0
29,A-115.5,174800,2020,Nissan,Rogue,SL,BLACK,59082,Yes,4.6,2026-07-29,A,13600.0
8,A-305,173715,2020,Nissan,Rogue,SV,BLUE,125282,No,"",2026-07-29,A,5000.0
25,C-095,174633,2020,Nissan,Rogue,SV,BLACK,53888,Yes,"",2026-07-29,C,13400.0
7,A-310.1,174627,2018,Nissan,Rogue,SV,BLACK,117913,No,"",2026-07-29,A,5700.0
27,D-071,173552,2018,Nissan,Rogue,SV,SILVER,87206,Yes,3.8,2026-07-29,D,7600.0
24,A-216,174690,2017,Nissan,Rogue,SL,WHITE,125386,Yes,"",2026-07-29,A,4800.0
7,B-419,173909,2015,Nissan,Rogue,S,GRAY,241191,No,"",2026-07-29,B,700.0
7,C-145.6,174781,2014,Nissan,Rogue,SL,RED,155692,No,"",2026-07-29,C,3800.0
8,B-001,174349,2012,Nissan,Rogue,S,WHITE,156148,No,"",2026-07-29,B,500.0
32,D-091,173864,2020,Nissan,Rogue Sport,S,WHITE,10718,Yes,4.4,2026-07-29,D,14400.0
23,D-001,173554,2020,Nissan,Rogue Sport,S,BLACK,108183,Yes,"",2026-07-29,D,4000.0
35,A-085,174436,2020,Nissan,Rogue Sport,SV,WHITE,39890,Yes,3.6,2026-07-29,A,12200.0
28,B-109.4,174569,2025,Nissan,Sentra,SV,BLUE,26765,Yes,4.6,2026-07-29,B,17000.0
25,D-105,171560,2024,Nissan,Sentra,SR,GRAY,13904,Yes,4.6,2026-07-29,D,19000.0
23,A-300,173724,2023,Nissan,Sentra,SR,BLACK,57821,Yes,"",2026-07-29,A,14000.0
25,A-297,173726,2022,Nissan,Sentra,SV,WHITE,83447,Yes,"",2026-07-29,A,9700.0
35,D-153,173515,2021,Nissan,Sentra,SV,BLUE,87491,Yes,3.8,2026-07-29,D,11800.0
25,C-092.2,174757,2019,Nissan,Sentra,SL,GRAY,84128,Yes,"",2026-07-29,C,3200.0
38,C-283,173439,2018,Nissan,Sentra,SV,GRAY,77439,Yes,2.1,2026-07-29,C,2800.0
23,C-004,173455,2015,Nissan,Sentra,S,BLACK,109864,Yes,"",2026-07-29,C,800.0
8,D-009,173446,2015,Nissan,Sentra,SV,BLACK,123817,No,"",2026-07-29,D,1100.0
8,C-021,173738,2014,Nissan,Sentra,SR,SILVER,142044,No,"",2026-07-29,C,500.0
26,A-003,174502,2014,Nissan,Sentra,SV,GRAY,120866,Yes,"",2026-07-29,A,1900.0
40,D-229,173790,2013,Nissan,Sentra,SR,WHITE,90137,Yes,4.1,2026-07-29,D,2000.0
26,A-029,173587,2018,Nissan,Versa,SEDAN S PLUS,BLACK,63259,Yes,"",2026-07-29,A,1700.0
7,A-134,174322,2017,Nissan,Versa,SEDAN SV,SILVER,147864,No,"",2026-07-29,A,1700.0
8,B-044,174130,2016,Nissan,Versa,S,SILVER,96577,No,"",2026-07-29,B,3500.0
23,A-219,174727,2015,Nissan,Versa,S,BLACK,102218,Yes,"",2026-07-29,A,1500.0
23,C-114,174231,2012,Nissan,Versa,S,WHITE,110962,Yes,"",2026-07-29,C,600.0
10,C-901,166109,2017,Nissan,Versa Note,SV,SILVER,180909,No,"",2026-07-29,C,500.0
8,B-159.9,174495,2010,Nissan,Xterra,X,WHITE,187913,No,"",2026-07-29,B,1400.0
9,A-381,171092,2008,Pontiac,Torrent,4DR,TEAL,140809,No,"",2026-07-29,A,500.0
32,B-081,173454,2019,Porsche,718 Cayman,COUPE,RED,57755,Yes,3.4,2026-07-29,B,38600.0
33,D-255,174678,2013,Porsche,911 CARRERA S,"",BLACK,77050,Yes,3.7,2026-07-29,D,54200.0
27,B-268,174040,2026,Porsche,Cayenne,GTS,GRAY,5633,Yes,4.9,2026-07-29,B,117500.0
23,D-303,174299,2014,Porsche,Cayenne,4DR TIPT,BROWN,123047,Yes,"",2026-07-29,D,3000.0
30,D-230,173806,2021,Porsche,Macan,"",BLACK,67133,Yes,4.4,2026-07-29,D,24000.0
26,D-273,173893,2017,Porsche,Macan,"",BLACK,118868,Yes,"",2026-07-29,D,9500.0
24,D-268,174668,2020,Porsche,Panamera,"",BLUE,61852,Yes,3.6,2026-07-29,D,38200.0
26,D-254,174673,2018,Porsche,Panamera,4 E-Hybrid,GRAY,60651,Yes,4.6,2026-07-29,D,30800.0
8,B-144,174661,2025,Ram,1500,Tradesman,WHITE,37579,No,"",2026-07-29,B,27000.0
7,B-159.5,174410,2022,Ram,1500,Rebel,BLACK,57937,No,"",2026-07-29,B,33000.0
33,B-370,174050,2021,Ram,1500,Limited,SILVER,94066,Yes,4.5,2026-07-29,B,29000.0
31,A-131,174200,2021,Ram,1500,Rebel,RED,84936,Yes,4.0,2026-07-29,A,32000.0
8,B-400.3,174681,2020,Ram,1500,Big Horn,GRAY,59200,No,"",2026-07-29,B,23800.0
8,B-401.7,174634,2020,Ram,1500,Laramie,GRAY,112095,No,"",2026-07-29,B,15500.0
25,A-236,174116,2020,Ram,1500,Laramie,GRAY,88428,Yes,"",2026-07-29,A,16200.0
8,B-375,174251,2019,Ram,1500,BIG HORN/LONE S,WHITE,106355,No,"",2026-07-29,B,23200.0
48,F-048,154378,2024,Ram,1500 ProMaster Vans,"",WHITE,29190,Yes,3.7,2026-07-29,F,26000.0
29,D-069,170596,2026,Ram,2500 ProMaster Vans,"",WHITE,3020,Yes,3.8,2026-07-29,D,31000.0
54,D-017,172563,2019,Ram,3500 ProMaster Vans,"",GRAY,97758,Yes,1.5,2026-07-29,D,6600.0
29,B-367,174010,2023,Subaru,Ascent,ONYX EDITION,GREEN,38708,Yes,"",2026-07-29,B,27100.0
25,A-147,174142,2022,Subaru,Ascent,Touring,GRAY,74149,Yes,"",2026-07-29,A,19400.0
34,B-305,173571,2021,Subaru,Ascent,Limited,SILVER,69161,Yes,4.1,2026-07-29,B,18200.0
25,D-051,172955,2025,Subaru,Crosstrek,Wilderness,BLUE,17247,Yes,4.9,2026-07-29,D,29400.0
9,D-016,173466,2017,Subaru,Crosstrek,Limited,SILVER,123969,No,"",2026-07-29,D,9200.0
8,B-136,174638,2016,Subaru,Crosstrek,Limited,SILVER,144369,No,"",2026-07-29,B,3500.0
32,D-100,172623,2025,Subaru,Forester,LIMITED,GRAY,10494,Yes,2.6,2026-07-29,D,28400.0
28,D-121,172873,2025,Subaru,Forester,PREMIUM,GRAY,28463,Yes,4.5,2026-07-29,D,24700.0
27,B-273,174057,2023,Subaru,Forester,LIMITED,WHITE,22345,Yes,"",2026-07-29,B,23000.0
29,D-131,174044,2023,Subaru,Forester,PREMIUM,WHITE,14214,Yes,3.9,2026-07-29,D,24500.0
28,O-006,173057,2023,Subaru,Forester,SPORT,BLACK,22775,Yes,4.2,2026-07-29,O,23000.0
24,A-265,174166,2019,Subaru,Forester,SPORT,BLACK,71632,Yes,"",2026-07-29,A,14800.0
8,B-302,173569,2019,Subaru,Forester,SPORT,SILVER,84872,No,"",2026-07-29,B,13800.0
8,B-296,173550,2015,Subaru,Forester,2.0XT TOURI,SILVER,130230,No,"",2026-07-29,B,5300.0
23,D-045,173491,2014,Subaru,Impreza,WAGON 2.0I P,SILVER,81863,Yes,"",2026-07-29,D,4800.0
24,D-099,172624,2025,Subaru,Outback,Premium,BLACK,24235,Yes,4.8,2026-07-29,D,24600.0
31,C-131,173302,2025,Subaru,Outback,Wilderness,WHITE,14596,Yes,4.8,2026-07-29,C,33800.0
26,D-053,172953,2024,Subaru,Outback,ONYX EDITION,BLACK,20564,Yes,4.6,2026-07-29,D,27000.0
7,C-146,174553,2019,Subaru,Outback,Limited,WHITE,99612,No,"",2026-07-29,C,12500.0
35,C-303,174206,2019,Subaru,Outback,LIMITED,GRAY,87412,Yes,3.1,2026-07-29,C,14600.0
25,D-134,174092,2018,Subaru,Outback,Limited,GRAY,51283,Yes,"",2026-07-29,D,11900.0
7,B-401.5,174610,2017,Subaru,Outback,LIMITED,BLACK,112149,No,"",2026-07-29,B,7600.0
36,D-042,173424,2021,Tesla,Model 3,STANDARD RAN,RED,62890,Yes,2.5,2026-07-29,D,17600.0
34,B-231,174305,2020,Tesla,Model S,Long Range,GRAY,119419,Yes,3.8,2026-07-29,B,20700.0
34,D-279,173842,2021,Tesla,Model Y,PERFORMANCE,GRAY,62882,Yes,4.0,2026-07-29,D,20000.0
0,X-018,174614,2024,Toyota,4Runner,LIMITED,WHITE,23162,No,"",2026-07-29,X,50500.0
9,B-178,173592,2024,Toyota,4Runner,SR5,WHITE,12974,No,"",2026-07-29,B,37400.0
34,B-048,174155,2023,Toyota,4Runner,SR5 Premium,BLACK,37784,Yes,4.2,2026-07-29,B,38000.0
27,B-024,174631,2021,Toyota,4Runner,SR5 Premium,WHITE,41342,Yes,4.0,2026-07-29,B,33400.0
30,C-143,174194,2020,Toyota,4Runner,SR5,BLACK,44653,Yes,4.0,2026-07-29,C,30800.0
29,D-078,173692,2020,Toyota,4Runner,TRD PRO,GREEN,41280,Yes,4.3,2026-07-29,D,34000.0
39,B-211,173471,2019,Toyota,4Runner,LIMITED NIGH,BLACK,75920,Yes,3.6,2026-07-29,B,30400.0
9,B-171,173534,2017,Toyota,4Runner,SR5 PREMIUM,BLACK,134131,No,"",2026-07-29,B,21200.0
27,B-390,174341,2017,Toyota,4Runner,TRD PRO,GRAY,57496,Yes,4.1,2026-07-29,B,33000.0
25,C-146.8,174712,2016,Toyota,4Runner,LIMITED,GRAY,63823,Yes,"",2026-07-29,C,25000.0
7,B-387,174338,2015,Toyota,4Runner,LIMITED,WHITE,81440,No,"",2026-07-29,B,24400.0
7,C-014,174331,2012,Toyota,4Runner,SR5,GRAY,187622,No,"",2026-07-29,C,8600.0
40,X-005,172601,2019,Toyota,C-HR,XLE,GRAY,53827,Yes,3.2,2026-07-29,X,13200.0
7,B-197,174374,2018,Toyota,C-HR,XLE PREMIUM,RED,98402,No,"",2026-07-29,B,9800.0
8,B-236,174315,2018,Toyota,C-HR,XLE PREMIUM,BLUE,144185,No,"",2026-07-29,B,7200.0
24,C-101,174075,2025,Toyota,Camry,LE,BLUE,58267,Yes,"",2026-07-29,C,16800.0
23,C-127,174524,2025,Toyota,Camry,SE,GRAY,49051,Yes,"",2026-07-29,C,21200.0
29,D-110,173963,2025,Toyota,Camry,SE,GRAY,11462,Yes,4.2,2026-07-29,D,28000.0
0,W-017,174821,2025,Toyota,Camry,SE,WHITE,20961,No,"",2026-07-29,W,26700.0
23,C-128,174540,2025,Toyota,Camry,XSE,GRAY,4641,Yes,"",2026-07-29,C,29500.0
28,C-074,173886,2024,Toyota,Camry,HYBRID XSE,GRAY,4514,Yes,4.7,2026-07-29,C,31700.0
29,C-043,173858,2024,Toyota,Camry,LE,GRAY,34636,Yes,4.5,2026-07-29,C,22600.0
26,C-390,173634,2024,Toyota,Camry,LE,WHITE,21642,Yes,4.6,2026-07-29,C,23200.0
28,C-388,173625,2024,Toyota,Camry,SE,WHITE,26362,Yes,3.7,2026-07-29,C,21800.0
27,C-129.2,174550,2024,Toyota,Camry,XLE,WHITE,31560,Yes,4.5,2026-07-29,C,26400.0
7,B-160.4,174719,2023,Toyota,Camry,SE,WHITE,47315,No,"",2026-07-29,B,20400.0
25,C-057,173602,2023,Toyota,Camry,SE,GRAY,23991,Yes,"",2026-07-29,C,21200.0
23,A-379,173920,2023,Toyota,Camry,SE,GRAY,80419,Yes,"",2026-07-29,A,16800.0
27,B-201,171047,2023,Toyota,Camry,XLE,WHITE,27317,Yes,4.4,2026-07-29,B,20000.0
27,C-905,172803,2023,Toyota,Camry,XSE,WHITE,54631,Yes,4.2,2026-07-29,C,21800.0
37,C-904,173105,2022,Toyota,Camry,SE,SILVER,110486,Yes,3.6,2026-07-29,C,12000.0
7,B-174,173590,2022,Toyota,Camry,SE,WHITE,96227,No,"",2026-07-29,B,12600.0
8,B-172,173537,2022,Toyota,Camry,XLE,BLACK,36645,No,"",2026-07-29,B,21000.0
28,F-040,165032,2022,Toyota,Camry,XSE,BLACK,73392,Yes,2.8,2026-07-29,F,18600.0
8,B-159.7,174491,2022,Toyota,Camry,XSE,SILVER,30121,No,"",2026-07-29,B,23000.0
23,A-135,174325,2021,Toyota,Camry,SE,SILVER,87197,Yes,"",2026-07-29,A,15000.0
7,C-242,173939,2020,Toyota,Camry,SE,BLUE,95415,No,"",2026-07-29,C,14000.0
0,A-391,174819,2018,Toyota,Camry,XSE,WHITE,143008,No,"",2026-07-29,A,2000.0
23,B-015,173122,2018,Toyota,Camry,XSE V6,GRAY,115763,Yes,"",2026-07-29,B,8000.0
24,B-040.2,173820,2016,Toyota,Camry,LE,WHITE,96511,Yes,"",2026-07-29,B,6100.0
8,B-041,173310,2016,Toyota,Camry,SE,BLACK,161070,No,"",2026-07-29,B,4400.0
23,B-086,174157,2016,Toyota,Camry,SE,SILVER,122406,Yes,"",2026-07-29,B,6400.0
43,F-010,169170,2016,Toyota,Camry,XLE,WHITE,175148,Yes,1.3,2026-07-29,F,2800.0
8,B-169,173529,2015,Toyota,Camry,SE,WHITE,133528,No,"",2026-07-29,B,8000.0
7,C-108,174208,2011,Toyota,Camry,LE,WHITE,172761,No,"",2026-07-29,C,700.0
8,B-008,174343,2011,Toyota,Camry,LE,SILVER,217181,No,"",2026-07-29,B,900.0
8,C-007,173786,2011,Toyota,Camry,LE,BLACK,158161,No,"",2026-07-29,C,2400.0
9,A-211,173994,2007,Toyota,Camry,LE,RED,164872,No,"",2026-07-29,A,1200.0
7,B-003,174499,2005,Toyota,Camry,LE,GRAY,288475,No,"",2026-07-29,B,600.0
7,A-136,174327,2005,Toyota,Camry,LE,BEIGE,241725,No,"",2026-07-29,A,1000.0
42,F-108,169182,2003,Toyota,Camry,XLE,BLUE,999999,Yes,1.8,2026-07-29,F,600.0
7,B-116,173671,2004,Toyota,Camry Solara,SE,WHITE,102852,No,"",2026-07-29,B,1800.0
26,C-129.1,174545,2025,Toyota,Corolla,FX,GRAY,17699,Yes,4.5,2026-07-29,C,23500.0
38,C-293,173483,2025,Toyota,Corolla,LE,BLACK,31150,Yes,2.1,2026-07-29,C,15600.0
30,D-040,173444,2024,Toyota,Corolla,LE,WHITE,42352,Yes,4.4,2026-07-29,D,17800.0
24,W-015,173817,2024,Toyota,Corolla,LE,BLACK,29954,Yes,"",2026-07-29,W,18000.0
8,B-170,173532,2024,Toyota,Corolla,LE,GRAY,22692,No,"",2026-07-29,B,17600.0
31,C-072,173859,2024,Toyota,Corolla,LE,WHITE,22846,Yes,3.7,2026-07-29,C,18500.0
8,B-160.7,174752,2024,Toyota,Corolla,NIGHTSHADE E,WHITE,20922,No,"",2026-07-29,B,19500.0
29,C-031,173778,2023,Toyota,Corolla,XSE,WHITE,24708,Yes,3.9,2026-07-29,C,22700.0
8,B-167,173528,2022,Toyota,Corolla,LE,SILVER,41048,No,"",2026-07-29,B,15400.0
10,B-159.8,174492,2022,Toyota,Corolla,LE,SILVER,48645,No,"",2026-07-29,B,11800.0
23,C-090,174272,2022,Toyota,Corolla,LE,WHITE,43493,Yes,"",2026-07-29,C,15000.0
32,C-052,173782,2022,Toyota,Corolla,LE,RED,60161,Yes,4.6,2026-07-29,C,15000.0
10,B-159.3,174395,2022,Toyota,Corolla,SE,SILVER,285827,No,"",2026-07-29,B,6400.0
54,F-015,89016,2021,Toyota,Corolla,HATCHBACK SE,WHITE,110078,Yes,2.5,2026-07-29,F,4600.0
24,C-037,173964,2021,Toyota,Corolla,LE,RED,79272,Yes,"",2026-07-29,C,12400.0
30,A-026,174574,2021,Toyota,Corolla,SE,BLUE,116139,Yes,4.2,2026-07-29,A,11300.0
8,B-183,173833,2020,Toyota,Corolla,HATCHBACK SE,WHITE,79342,No,"",2026-07-29,B,14200.0
7,W-014,173793,2020,Toyota,Corolla,LE,SILVER,107166,No,"",2026-07-29,W,9000.0
8,C-091.3,174724,2018,Toyota,Corolla,LE,BLUE,163228,No,"",2026-07-29,C,4100.0
30,D-308,174321,2018,Toyota,Corolla,SE,SILVER,34189,Yes,3.7,2026-07-29,D,14200.0
8,C-297,173503,2017,Toyota,Corolla,LE,WHITE,112429,No,"",2026-07-29,C,8500.0
11,D-015,174131,2016,Toyota,Corolla,L,SILVER,145969,No,"",2026-07-29,D,3400.0
7,C-003,173257,2016,Toyota,Corolla,LE,SILVER,200968,No,"",2026-07-29,C,4000.0
7,B-191,173890,2015,Toyota,Corolla,LE,BLACK,75627,No,"",2026-07-29,B,6300.0
23,B-453,170270,2015,Toyota,Corolla,LE,WHITE,107329,Yes,"",2026-07-29,B,4700.0
43,F-042,169174,2013,Toyota,Corolla,LE,GRAY,81414,Yes,1.3,2026-07-29,F,3200.0
24,D-321,174658,2013,Toyota,Corolla,S,GRAY,167434,Yes,"",2026-07-29,D,1700.0
23,D-318,174456,2011,Toyota,Corolla,LE,BEIGE,186581,Yes,"",2026-07-29,D,2000.0
9,C-005,173605,2010,Toyota,Corolla,LE,RED,238563,No,"",2026-07-29,C,1300.0
7,A-008,174749,2010,Toyota,Corolla,S,RED,251833,No,"",2026-07-29,A,1300.0
8,C-018,174664,2006,Toyota,Corolla,LE,BLUE,177961,No,"",2026-07-29,C,1400.0
7,B-063,174193,2004,Toyota,Corolla,LE,BLACK,195709,No,"",2026-07-29,B,700.0
7,B-162,173270,2025,Toyota,Corolla Cross,HYBRID,SILVER,10243,No,"",2026-07-29,B,28800.0
29,C-173,173924,2025,Toyota,Corolla Cross,L,WHITE,14365,Yes,4.7,2026-07-29,C,23000.0
0,X-023,174837,2023,Toyota,Corolla Cross,HYBRID,BLACK,25188,No,"",2026-07-29,X,30500.0
7,B-196,174371,2023,Toyota,Corolla Cross,LE,BLUE,19608,No,"",2026-07-29,B,22200.0
30,A-034,173575,2023,Toyota,Corolla Cross,XLE,SILVER,59267,Yes,4.1,2026-07-29,A,22300.0
28,A-089,174515,2023,Toyota,Corolla Cross,XLE,GREEN,42327,Yes,4.6,2026-07-29,A,24000.0
31,C-083,174152,2023,Toyota,Corolla Cross,XLE,BLACK,18223,Yes,4.4,2026-07-29,C,24000.0
8,B-179,173593,2024,Toyota,Crown,Platinum,BEIGE,37948,No,"",2026-07-29,B,34800.0
0,X-011,174224,2025,Toyota,Crown Signia,LIMITED,WHITE,10961,No,"",2026-07-29,X,44500.0
7,C-015,172834,2007,Toyota,FJ Cruiser, 4DR A,BLACK,215950,No,"",2026-07-29,C,5000.0
8,B-160.3,174721,2024,Toyota,Grand Highlander,XLE,SILVER,22878,No,"",2026-07-29,B,36000.0
9,B-018,174620,2024,Toyota,Highlander,XLE,BLACK,145516,No,"",2026-07-29,B,20000.0
0,O-014,174085,2024,Toyota,Highlander,XSE,BLACK,22284,No,"",2026-07-29,O,38300.0
0,W-019,174823,2023,Toyota,Highlander,HYBRID XL,BLUE,122157,No,"",2026-07-29,W,24000.0
7,B-168,173530,2023,Toyota,Highlander,L,WHITE,51622,No,"",2026-07-29,B,26200.0
0,O-013,174079,2023,Toyota,Highlander,XLE,RED,47270,No,"",2026-07-29,O,31300.0
33,C-016,174497,2022,Toyota,Highlander,L,BLACK,64843,Yes,3.7,2026-07-29,C,22400.0
24,C-051,173475,2022,Toyota,Highlander,XLE,GRAY,61847,Yes,"",2026-07-29,C,26600.0
28,B-420,174345,2019,Toyota,Highlander,LE,BROWN,69555,Yes,4.2,2026-07-29,B,17000.0
8,C-145.5,174571,2015,Toyota,Highlander,LIMITED V,BLACK,101632,No,"",2026-07-29,C,12200.0
8,B-227,174276,2014,Toyota,Highlander,LIMITED V,BLUE,169188,No,"",2026-07-29,B,7800.0
7,A-385,173928,2013,Toyota,Highlander,SE V6,BLUE,118592,No,"",2026-07-29,A,9000.0
0,W-006,173603,2010,Toyota,Highlander,LIMITED V,SILVER,239305,No,"",2026-07-29,W,2400.0
31,C-124,174517,2024,Toyota,Land Cruiser,1958,BLACK,17494,Yes,4.0,2026-07-29,C,52800.0
24,A-010,173591,2009,Toyota,Matrix,5DR WGN AUTO,WHITE,189077,Yes,"",2026-07-29,A,1600.0
0,X-010,174218,2023,Toyota,Prius,XLE,WHITE,31837,No,"",2026-07-29,X,28500.0
0,X-012,174243,2023,Toyota,Prius,XLE,RED,25569,No,"",2026-07-29,X,28000.0
27,C-092.4,174692,2025,Toyota,RAV4,HYBRID LE,BLACK,20772,Yes,4.2,2026-07-29,C,29800.0
24,C-075,173906,2025,Toyota,RAV4,Hybrid XSE,WHITE,9515,Yes,4.8,2026-07-29,C,39600.0
0,W-020,174824,2025,Toyota,RAV4,Limited,WHITE,24540,No,"",2026-07-29,W,36500.0
27,O-009,172289,2025,Toyota,RAV4,XLE,WHITE,28002,Yes,4.7,2026-07-29,O,29500.0
24,C-105,174103,2025,Toyota,RAV4,XLE Premium,BLACK,41428,Yes,"",2026-07-29,C,26200.0
30,D-219,174235,2024,Toyota,RAV4,Hybrid Limited,SILVER,21130,Yes,4.8,2026-07-29,D,37200.0
8,B-022,173228,2024,Toyota,RAV4,HYBRID XLE,SILVER,123285,No,"",2026-07-29,B,15600.0
29,D-072,173647,2024,Toyota,RAV4,HYBRID XLE,WHITE,31146,Yes,3.8,2026-07-29,D,28600.0
29,C-092.3,174761,2024,Toyota,RAV4,HYBRID XLE PREM,WHITE,21283,Yes,4.4,2026-07-29,C,35000.0
23,C-126,174523,2024,Toyota,RAV4,Hybrid XSE,WHITE,58056,Yes,"",2026-07-29,C,29600.0
25,C-038,174535,2024,Toyota,RAV4,XLE,WHITE,13574,Yes,4.6,2026-07-29,C,29000.0
32,C-094,174538,2024,Toyota,RAV4,XLE,BLUE,22516,Yes,4.4,2026-07-29,C,28000.0
24,C-118,174507,2024,Toyota,RAV4,XLE,BLUE,22343,Yes,"",2026-07-29,C,27400.0
8,B-164,173524,2024,Toyota,RAV4,XLE,WHITE,46940,No,"",2026-07-29,B,25000.0
33,C-123,174516,2024,Toyota,RAV4,XLE Premium,RED,56466,Yes,3.3,2026-07-29,C,25800.0
7,A-367.1,174561,2023,Toyota,RAV4,XLE,SILVER,130128,No,"",2026-07-29,A,16500.0
0,W-018,174822,2023,Toyota,RAV4,XLE Premium,RED,27631,No,"",2026-07-29,W,30400.0
27,C-407,173704,2022,Toyota,RAV4,LE,BLACK,44884,Yes,4.0,2026-07-29,C,21500.0
24,B-019,171619,2022,Toyota,RAV4,XLE,WHITE,96608,Yes,"",2026-07-29,B,10200.0
27,C-035,173830,2021,Toyota,RAV4,XLE Premium,WHITE,42384,Yes,4.0,2026-07-29,C,23500.0
8,B-181,173650,2020,Toyota,RAV4,LE,WHITE,125927,No,"",2026-07-29,B,13000.0
47,B-119,174039,2020,Toyota,RAV4,LE,SILVER,59827,Yes,3.6,2026-07-29,B,17600.0
30,B-463,174373,2020,Toyota,RAV4,XLE,BLACK,87529,Yes,3.5,2026-07-29,B,15400.0
36,C-429,173078,2019,Toyota,RAV4,XLE,RED,51894,Yes,3.3,2026-07-29,C,16600.0
9,C-235,173449,2018,Toyota,RAV4,LE,BLACK,165649,No,"",2026-07-29,C,6400.0
33,A-382,173926,2018,Toyota,RAV4,XLE,WHITE,63510,Yes,3.8,2026-07-29,A,16000.0
30,C-039,173913,2018,Toyota,RAV4,XLE,SILVER,64672,Yes,4.5,2026-07-29,C,17400.0
30,W-002,172308,2017,Toyota,RAV4,XLE,RED,33503,Yes,4.1,2026-07-29,W,17200.0
23,C-009,173866,2015,Toyota,RAV4,LE,SILVER,109012,Yes,"",2026-07-29,C,8400.0
10,B-238,174434,2015,Toyota,RAV4,Limited,SILVER,133656,No,"",2026-07-29,B,9400.0
10,B-149,174587,2015,Toyota,RAV4,XLE,RED,89635,No,"",2026-07-29,B,9000.0
7,C-091.2,174675,2007,Toyota,RAV4,4DR 4-CYL (,WHITE,205003,No,"",2026-07-29,C,1000.0
26,C-112,174789,2025,Toyota,Sequoia,TRD PRO,GRAY,27468,Yes,"",2026-07-29,C,64200.0
31,D-214,174227,2024,Toyota,Sequoia,CAPSTONE,WHITE,34871,Yes,4.7,2026-07-29,D,64200.0
0,X-001,173478,2025,Toyota,Sienna,XLE 8 PASSENG,BLUE,40700,No,"",2026-07-29,X,41500.0
26,C-042,173631,2022,Toyota,Sienna,LIMITED,WHITE,62144,Yes,"",2026-07-29,C,29600.0
8,A-153,174178,2015,Toyota,Sienna,LE 8 PASSENGE,BEIGE,120672,No,"",2026-07-29,A,9700.0
7,B-050,174161,2014,Toyota,Sienna,LE V6 8 PASSE,GRAY,119746,No,"",2026-07-29,B,10500.0
8,C-261,171437,2013,Toyota,Sienna,LE V6 8 PASSE,SILVER,183395,No,"",2026-07-29,C,4000.0
33,D-098,173892,2025,Toyota,Tacoma,TRD SPORT,BLACK,15037,Yes,4.3,2026-07-29,D,35000.0
0,W-016,174820,2024,Toyota,Tacoma,SR5,WHITE,24856,No,"",2026-07-29,W,34000.0
23,B-160,172506,2024,Toyota,Tacoma,SR5,BLUE,11750,Yes,"",2026-07-29,B,29500.0
31,C-087,174190,2024,Toyota,Tacoma,SR5,SILVER,22606,Yes,3.2,2026-07-29,C,30500.0
27,D-095,173872,2024,Toyota,Tacoma,TRD SPORT,WHITE,27332,Yes,4.7,2026-07-29,D,33600.0
31,C-084,174168,2023,Toyota,Tacoma,SR5 V6,SILVER,40379,Yes,4.5,2026-07-29,C,28400.0
0,O-012,174071,2023,Toyota,Tacoma,SR5 V6,WHITE,40204,No,"",2026-07-29,O,32300.0
22,C-092.7,174771,2023,Toyota,Tacoma,TRD SPORT,WHITE,53105,Yes,"",2026-07-29,C,34200.0
26,C-116,174263,2022,Toyota,Tacoma,SR V6,GRAY,69864,Yes,4.0,2026-07-29,C,20200.0
42,D-118,173983,2021,Toyota,Tacoma,SR5 V6,WHITE,98491,Yes,3.5,2026-07-29,D,19600.0
8,C-029,172545,2018,Toyota,Tacoma,SR,WHITE,218582,No,"",2026-07-29,C,7000.0
7,C-011,173809,2006,Toyota,Tacoma,"ACCESS 127"" A",SILVER,133494,No,"",2026-07-29,C,4200.0
25,C-077,173967,2024,Toyota,Tundra,1794 Edition,SILVER,33781,Yes,4.8,2026-07-29,C,45200.0
28,B-109.3,174556,2022,Toyota,Tundra,SR5,SILVER,97524,Yes,4.6,2026-07-29,B,25200.0
0,B-248,174806,2020,Toyota,Tundra,PLATINUM,BLACK,169924,No,"",2026-07-29,B,25000.0
7,C-119,174277,2018,Toyota,Tundra, SR5,SILVER,191464,No,"",2026-07-29,C,13400.0
28,W-013,174808,2018,Toyota,Tundra,LIMITED 5.7L,BLACK,46985,Yes,3.7,2026-07-29,W,37500.0
41,A-149,174150,2017,Toyota,Tundra,SR5 4.6L V8,BROWN,201723,Yes,3.6,2026-07-29,A,13600.0
8,C-129.4,174225,2016,Toyota,Tundra,SR 5.7L V8,BLACK,160714,No,"",2026-07-29,C,7500.0
8,A-192,174547,2011,Toyota,Tundra,GRADE 4.6L V8,SILVER,179131,No,"",2026-07-29,A,8500.0
28,A-151,174151,2023,Toyota,Venza,LE,GRAY,33247,Yes,4.6,2026-07-29,A,28200.0
31,C-166,173867,2023,Toyota,Venza,XLE,SILVER,69171,Yes,4.5,2026-07-29,C,26800.0
40,F-022,168944,2010,Toyota,Yaris,4DR SDN AUTO (,BLUE,186922,Yes,1.3,2026-07-29,F,2000.0
7,C-291,174087,2008,Toyota,Yaris,4DR SDN AUTO (,RED,219494,No,"",2026-07-29,C,1400.0
7,C-233,173428,2007,Toyota,Yaris,4DR SDN AUTO B,SILVER,225226,No,"",2026-07-29,C,1100.0
25,B-283,173523,2025,Volkswagen,Atlas,2.0T SEL,GRAY,11130,Yes,4.8,2026-07-29,B,33400.0
36,D-041,173417,2024,Volkswagen,Atlas,2.0T SE,BLACK,42814,Yes,3.4,2026-07-29,D,21800.0
32,B-097,174220,2024,Volkswagen,Atlas,2.0T SE W/TECH,WHITE,38220,Yes,3.6,2026-07-29,B,24800.0
26,B-308,173577,2024,Volkswagen,Atlas,2.0T SEL PREMI,RED,62041,Yes,"",2026-07-29,B,27500.0
34,D-088,172559,2023,Volkswagen,Atlas,2.0T SE W/TECH,BLACK,29512,Yes,4.0,2026-07-29,D,23000.0
26,B-402,172296,2023,Volkswagen,Atlas,3.6L V6 SEL R-,RED,16553,Yes,4.8,2026-07-29,B,30800.0
8,B-188,173901,2022,Volkswagen,Atlas,3.6L V6 SE W/T,WHITE,20933,No,"",2026-07-29,B,23200.0
29,B-209,173469,2021,Volkswagen,Atlas,3.6L V6 SE W/T,RED,70523,Yes,4.2,2026-07-29,B,17200.0
32,C-172,173922,2021,Volkswagen,Atlas,3.6L V6 SEL,WHITE,70792,Yes,3.9,2026-07-29,C,17000.0
29,D-026,173734,2019,Volkswagen,Atlas,3.6L V6 SE,GRAY,94382,Yes,3.9,2026-07-29,D,8800.0
31,B-122,172525,2018,Volkswagen,Atlas,3.6L V6 SEL PR,GRAY,78949,Yes,3.8,2026-07-29,B,14800.0
30,X-006,172747,2025,Volkswagen,Atlas Cross Sport,2.,BLUE,11920,Yes,4.2,2026-07-29,X,28200.0
28,D-216,174229,2024,Volkswagen,Atlas Cross Sport,2.,GRAY,31131,Yes,4.6,2026-07-29,D,30800.0
26,D-075,173557,2023,Volkswagen,Atlas Cross Sport,2.,WHITE,54236,Yes,4.5,2026-07-29,D,19800.0
23,C-437,173762,2022,Volkswagen,Atlas Cross Sport,2.,GRAY,71556,Yes,"",2026-07-29,C,13000.0
32,B-267,174017,2021,Volkswagen,Atlas Cross Sport,2.,BLACK,38491,Yes,3.9,2026-07-29,B,23200.0
33,B-235,174314,2020,Volkswagen,Atlas Cross Sport,3.,BLACK,96376,Yes,3.9,2026-07-29,B,14000.0
32,D-134.1,174680,2016,Volkswagen,Beetle,COUPE 1.8T SE,WHITE,68424,Yes,3.5,2026-07-29,D,14400.0
24,C-013,174265,2013,Volkswagen,Beetle,CONVERTIBLE 2,BLACK,129630,Yes,"",2026-07-29,C,2000.0
8,C-091.5,174684,2010,Volkswagen,CC,Sport,GRAY,235855,No,"",2026-07-29,C,500.0
33,C-192,173481,2014,Volkswagen,Golf,TDI W/SUNROOF &,GRAY,63374,Yes,3.8,2026-07-29,C,7600.0
7,C-204,173969,2015,Volkswagen,GTI,"",WHITE,93391,No,"",2026-07-29,C,7200.0
7,C-010,173888,2010,Volkswagen,GTI,2DR HB MAN,BLACK,141004,No,"",2026-07-29,C,2300.0
27,B-405,173854,2025,Volkswagen,Jetta,Sport,BLUE,42044,Yes,4.5,2026-07-29,B,16400.0
30,B-287,173539,2024,Volkswagen,Jetta,SEL,WHITE,34060,Yes,4.2,2026-07-29,B,20400.0
29,D-117,173978,2024,Volkswagen,Jetta,Sport,BLUE,33177,Yes,4.2,2026-07-29,D,17200.0
30,D-085,174070,2022,Volkswagen,Jetta,SE,BLACK,45897,Yes,4.5,2026-07-29,D,15000.0
29,D-064,173499,2022,Volkswagen,Jetta,SE,BLACK,54227,Yes,3.5,2026-07-29,D,13800.0
25,B-369,174009,2019,Volkswagen,Jetta,S,WHITE,94273,Yes,"",2026-07-29,B,5000.0
8,B-129,174183,2013,Volkswagen,Jetta,SEDAN SE,BLUE,140267,No,"",2026-07-29,B,2500.0
8,B-256,174585,2018,Volkswagen,Passat,2.0T SEL PREM,BLACK,173208,No,"",2026-07-29,B,2900.0
7,C-358,173942,2017,Volkswagen,Passat,1.8T S,GRAY,114635,No,"",2026-07-29,C,4200.0
32,D-307,174308,2017,Volkswagen,Passat,1.8T S,GRAY,111564,Yes,4.2,2026-07-29,D,4600.0
8,B-043,173502,2017,Volkswagen,Passat,R-LINE W/COMF,BLACK,105718,No,"",2026-07-29,B,2200.0
8,A-018,174745,2016,Volkswagen,Passat,1.8T S,GRAY,133486,No,"",2026-07-29,A,1700.0
9,A-302,173722,2013,Volkswagen,Passat,SE,BLACK,246053,No,"",2026-07-29,A,500.0
26,B-284,173531,2025,Volkswagen,Taos,SE,SILVER,5875,Yes,4.9,2026-07-29,B,21600.0
26,A-265.2,174698,2024,Volkswagen,Taos,S,BLACK,17888,Yes,4.5,2026-07-29,A,17500.0
0,A-901,174577,2023,Volkswagen,Taos,COMFORTLINE,GRAY,17574,No,"",2026-07-29,A,19305.0
31,D-123,173993,2023,Volkswagen,Taos,S,GRAY,29183,Yes,4.2,2026-07-29,D,16000.0
26,B-351,173582,2023,Volkswagen,Taos,SE,BLACK,29936,Yes,4.7,2026-07-29,B,17600.0
26,A-117,174699,2023,Volkswagen,Taos,SE,GRAY,17577,Yes,"",2026-07-29,A,15000.0
26,B-285,173535,2023,Volkswagen,Taos,SE,SILVER,24616,Yes,4.8,2026-07-29,B,17600.0
38,B-108.4,174447,2022,Volkswagen,Taos,S,WHITE,48159,Yes,3.3,2026-07-29,B,12200.0
28,B-360,173711,2022,Volkswagen,Taos,SE,RED,20068,Yes,4.1,2026-07-29,B,17200.0
32,D-043,173437,2024,Volkswagen,Tiguan,SE,GRAY,30996,Yes,2.5,2026-07-29,D,17000.0
30,C-156,173745,2024,Volkswagen,Tiguan,SE,BLUE,38812,Yes,4.3,2026-07-29,C,17800.0
29,D-131.2,174320,2024,Volkswagen,Tiguan,SE,GRAY,18888,Yes,4.3,2026-07-29,D,18600.0
31,D-063,173459,2024,Volkswagen,Tiguan,SE R-LINE BLA,BLACK,17659,Yes,4.2,2026-07-29,D,23000.0
36,D-119,173988,2023,Volkswagen,Tiguan,S,SILVER,51063,Yes,3.9,2026-07-29,D,14200.0
28,B-359,173719,2023,Volkswagen,Tiguan,S,SILVER,11238,Yes,4.6,2026-07-29,B,18200.0
28,B-406,173669,2023,Volkswagen,Tiguan,SE,GRAY,40406,Yes,4.5,2026-07-29,B,16400.0
31,B-354,173579,2023,Volkswagen,Tiguan,SE,GRAY,15357,Yes,3.6,2026-07-29,B,17600.0
32,B-404,173662,2023,Volkswagen,Tiguan,SE R-LINE BLA,BLACK,46367,Yes,4.0,2026-07-29,B,18900.0
28,D-046,173544,2022,Volkswagen,Tiguan,SE R-LINE BLA,WHITE,70483,Yes,4.1,2026-07-29,D,15800.0
40,A-112,174764,2020,Volkswagen,Tiguan,SE,BLACK,113682,Yes,3.5,2026-07-29,A,7800.0
7,D-132.2,174417,2018,Volkswagen,Tiguan,S,BLUE,122403,No,"",2026-07-29,D,3800.0
25,B-069,174285,2016,Volkswagen,Tiguan,S,BLUE,100261,Yes,"",2026-07-29,B,3500.0
0,B-401.6,174628,2016,Volkswagen,Touareg,SPORT W/TECH,BROWN,69676,No,"",2026-07-29,B,13500.0
8,B-421,174811,2013,Volvo,C30,T5,BLACK,122373,No,"",2026-07-29,B,500.0
23,B-155,166260,2020,Volvo,S60,MOMENTUM,BLUE,60538,Yes,"",2026-07-29,B,13300.0
36,X-015,172228,2019,Volvo,S60,"",SILVER,91982,Yes,3.0,2026-07-29,X,10000.0
28,B-266,173644,2023,Volvo,XC40,PLUS BRIGHT THE,RED,38104,Yes,4.9,2026-07-29,B,21000.0
28,B-292,173542,2023,Volvo,XC60,PLUS BRIGHT THE,GRAY,27985,Yes,4.7,2026-07-29,B,28600.0
8,B-147,174597,2021,Volvo,XC90,MOMENTUM,BLACK,84865,No,"",2026-07-29,B,14000.0
7,B-060,173847,2018,Volvo,XC90,MOMENTUM,GRAY,192429,No,"",2026-07-29,B,4000.0
