Picture Count,Run Number,Stock #,Year,Make,Model,Style,Color,Odometer,CR,Grade,Sale Date,Lane,Price
37,C-319,178292,2020,Acura,ILX,W/PREMIUM PKG,SILVER,71861,Yes,4.0,2026-08-26,C,15400.0
31,C-331,179375,2025,Acura,Integra,W/A-SPEC PAC,RED,22073,Yes,4.4,2026-08-26,C,25800.0
0,X-010,179358,2024,Acura,Integra,W/A-SPEC PAC,SILVER,5754,No,"",2026-08-26,X,27400.0
27,C-329,179327,2025,Acura,MDX,"",SILVER,13466,Yes,4.4,2026-08-26,C,41000.0
34,D-101,179387,2025,Acura,MDX,"",GRAY,17582,Yes,4.2,2026-08-26,D,39000.0
0,O-012,179324,2025,Acura,MDX,"",WHITE,30994,No,"",2026-08-26,O,37800.0
27,D-120,179505,2025,Acura,MDX,W/TECHNOLOGY PAC,BLACK,42747,Yes,4.9,2026-08-26,D,37000.0
25,C-317,179372,2025,Acura,MDX,W/TECHNOLOGY PAC,BLACK,34913,Yes,4.8,2026-08-26,C,39000.0
31,C-316,179371,2024,Acura,MDX,W/TECHNOLOGY PAC,BLACK,39699,Yes,4.4,2026-08-26,C,34600.0
31,C-048,179107,2023,Acura,MDX,W/TECHNOLOGY PAC,WHITE,33383,Yes,4.2,2026-08-26,C,34400.0
30,O-018,177704,2023,Acura,MDX,W/TECHNOLOGY PAC,GRAY,22277,Yes,4.2,2026-08-26,O,35450.0
25,O-002,177842,2023,Acura,MDX,W/TECHNOLOGY PAC,SILVER,30927,Yes,4.6,2026-08-26,O,35500.0
27,O-011,177822,2022,Acura,MDX,"",WHITE,15128,Yes,4.6,2026-08-26,O,35500.0
10,C-378,179032,2022,Acura,MDX,W/TECHNOLOGY PAC,WHITE,114388,No,"",2026-08-26,C,18000.0
29,D-043,178966,2025,Acura,RDX,SH-,BLACK,19981,Yes,4.4,2026-08-26,D,35500.0
27,D-107,179473,2025,Acura,RDX,SH-,WHITE,6581,Yes,4.5,2026-08-26,D,36200.0
25,C-320,177839,2025,Acura,RDX,W/A-SPEC PACKAGE,BLACK,24644,Yes,4.5,2026-08-26,C,36800.0
29,W-002,177854,2025,Acura,RDX,W/TECHNOLOGY PAC,WHITE,14746,Yes,4.3,2026-08-26,W,37800.0
29,D-109,179492,2024,Acura,RDX,SH-,WHITE,24160,Yes,4.6,2026-08-26,D,30600.0
33,C-325,179205,2024,Acura,RDX,W/A-SPEC PACKAGE,BLACK,29456,Yes,2.3,2026-08-26,C,28600.0
36,D-049,176734,2024,Acura,RDX,W/TECHNOLOGY PAC,BLUE,24787,Yes,4.4,2026-08-26,D,32800.0
30,D-068,178967,2023,Acura,RDX,W/TECHNOLOGY PAC,GRAY,25248,Yes,4.3,2026-08-26,D,29000.0
33,B-095,179388,2020,Acura,RDX,W/A-SPEC PKG,GRAY,87652,Yes,3.8,2026-08-26,B,19800.0
8,B-163,179026,2017,Acura,RDX,"",WHITE,129386,No,"",2026-08-26,B,5800.0
9,A-168,178562,2012,Acura,TL,ADVANCE AUTO,SILVER,141282,No,"",2026-08-26,A,1700.0
7,A-367,179945,2007,Acura,TL,TYPE-S,WHITE,118775,No,"",2026-08-26,A,3900.0
0,X-008,179313,2025,Acura,TLX,W/TECHNOLOGY PAC,GRAY,10312,No,"",2026-08-26,X,34800.0
26,C-322,179206,2024,Acura,TLX,W/TECHNOLOGY PAC,WHITE,29167,Yes,4.7,2026-08-26,C,31000.0
29,D-071,177796,2019,Acura,TLX,2.4L,GRAY,35536,Yes,3.2,2026-08-26,D,18800.0
7,C-321,179227,2019,Acura,TLX,W/TECHNOLOGY PKG,BLACK,108819,No,"",2026-08-26,C,11200.0
7,B-411,179076,2016,Acura,TLX,4DR SDN,SILVER,106222,No,"",2026-08-26,B,12000.0
7,B-412,179284,2015,Acura,TLX,4DR SDN,GRAY,188589,No,"",2026-08-26,B,5300.0
31,D-126,179516,2024,Acura,ZDX,W/A-SPEC PACKAGE,RED,12605,Yes,4.3,2026-08-26,D,29000.0
32,A-227,178722,2023,Alfa Romeo,Stelvio,VELOCE,WHITE,31377,Yes,4.9,2026-08-26,A,24500.0
29,A-206,179818,2020,Alfa Romeo,Stelvio,SPORT,RED,60283,Yes,4.3,2026-08-26,A,12400.0
25,B-432,176926,2023,Audi,A3,PREMIUM,BLACK,8895,Yes,4.6,2026-08-26,B,23400.0
27,D-092,179858,2023,Audi,A3,PREMIUM,BLUE,26490,Yes,4.5,2026-08-26,D,21500.0
0,Y-018,180103,2022,Audi,A3,PREMIUM,BLACK,46682,No,"",2026-08-26,Y,17400.0
24,B-011,177106,2015,Audi,A3,1.8T PREMIUM PLUS,BLACK,111909,Yes,"",2026-08-26,B,900.0
25,A-263,177222,2023,Audi,A4,SEDAN PREMIUM PLU,WHITE,34503,Yes,"",2026-08-26,A,16000.0
41,A-108,178363,2021,Audi,A4,SEDAN S LINE PREM,WHITE,99318,Yes,3.5,2026-08-26,A,10200.0
32,B-390,179132,2018,Audi,A4,Premium,GRAY,32383,Yes,4.2,2026-08-26,B,16200.0
8,B-393,178918,2015,Audi,A4,Premium,WHITE,76817,No,"",2026-08-26,B,6200.0
30,D-232,179214,2018,Audi,A5,CABRIOLET PREMIUM,BLACK,36593,Yes,4.6,2026-08-26,D,21400.0
39,D-144.6,179958,2018,Audi,A5,SPORTBACK PREMIUM,BLACK,90023,Yes,2.2,2026-08-26,D,8800.0
23,B-201,177723,2016,Audi,A6,2.0T PREMIUM,BLACK,61200,Yes,"",2026-08-26,B,6000.0
0,Y-015,180094,2023,Audi,Q3 S-Line,PREMIUM PL,WHITE,36951,No,"",2026-08-26,Y,24000.0
34,B-402,178535,2021,Audi,Q5,PREMIUM PLUS,BLACK,79945,Yes,4.5,2026-08-26,B,14600.0
30,B-438,179580,2020,Audi,Q5,Premium Plus,BLUE,86867,Yes,4.2,2026-08-26,B,13000.0
35,A-262,177209,2019,Audi,Q5,Premium Plus,SILVER,73473,Yes,3.9,2026-08-26,A,11000.0
7,A-142,179044,2010,Audi,Q5,Premium Plus,BLACK,134365,No,"",2026-08-26,A,2600.0
28,D-140.9,179769,2022,Audi,Q5 S-Line,"",GRAY,20189,Yes,4.9,2026-08-26,D,28200.0
28,A-202,179808,2022,Audi,Q5 S-Line,PREMIUM,GRAY,71857,Yes,4.8,2026-08-26,A,16000.0
28,B-399,180115,2022,Audi,Q5 S-Line,PREMIUM,BLACK,58968,Yes,4.6,2026-08-26,B,17700.0
25,A-213,180009,2019,Audi,Q7,"",WHITE,58905,Yes,"",2026-08-26,A,17200.0
29,B-397,179912,2017,Audi,Q7,"",WHITE,78755,Yes,4.6,2026-08-26,B,14200.0
27,D-143.7,179829,2023,Audi,SQ5,SPORTBACK PRESTI,WHITE,21668,Yes,4.9,2026-08-26,D,40000.0
30,B-409,179283,2017,Audi,TT,ROADSTER 2.0 TFSI,BLACK,22733,Yes,2.9,2026-08-26,B,21000.0
7,B-433,179057,2010,BMW,1-Series,128i,GOLD,43375,No,"",2026-08-26,B,7600.0
25,D-141.2,179777,2024,BMW,2-Series,M235I XDRIV,WHITE,15165,Yes,4.9,2026-08-26,D,34600.0
25,C-397,179156,2021,BMW,3-Series,330i,GRAY,78467,Yes,"",2026-08-26,C,17800.0
28,C-431,179750,2020,BMW,3-Series,330i,BLACK,70217,Yes,4.4,2026-08-26,C,15500.0
30,A-196,179872,2020,BMW,3-Series,330I XDRIVE,GRAY,33516,Yes,4.2,2026-08-26,A,21200.0
35,A-205,179812,2018,BMW,3-Series,330I XDRIVE,BLACK,97672,Yes,3.6,2026-08-26,A,8500.0
7,B-446,178723,2015,BMW,3-Series,335i,BLACK,126022,No,"",2026-08-26,B,6300.0
23,B-398,179223,2011,BMW,3-Series,328i,WHITE,96671,Yes,"",2026-08-26,B,3900.0
24,A-238,177580,2009,BMW,3-Series,328i,GOLD,107902,Yes,"",2026-08-26,A,1200.0
23,C-430,179780,2019,BMW,4-Series,440I,GRAY,69310,Yes,"",2026-08-26,C,12400.0
36,A-172,179621,2018,BMW,4-Series,430i,WHITE,70773,Yes,3.5,2026-08-26,A,16000.0
24,B-085,179845,2016,BMW,4-Series,435I XDRIVE,BLACK,122512,Yes,"",2026-08-26,B,6400.0
31,D-249,178948,2016,BMW,5-Series,535i,WHITE,116220,Yes,3.7,2026-08-26,D,9000.0
7,A-225,178720,2014,BMW,5-Series,535I XDRIVE,GRAY,117833,No,"",2026-08-26,A,4800.0
8,A-210,179847,2004,BMW,5-Series,525i,GOLD,181973,No,"",2026-08-26,A,1100.0
33,B-436,179582,2025,BMW,X1,XDrive28i,BLACK,38362,Yes,3.9,2026-08-26,B,25000.0
37,F-105,176147,2017,BMW,X1,XDrive28i,GRAY,123077,Yes,3.0,2026-08-26,F,2200.0
27,D-051,177801,2023,BMW,X3,sDrive30i,BLUE,24239,Yes,3.7,2026-08-26,D,26800.0
25,D-202,179537,2023,BMW,X3,XDrive30i,GRAY,35838,Yes,4.8,2026-08-26,D,28800.0
31,D-268,179065,2019,BMW,X4,M40i,BLACK,81359,Yes,4.2,2026-08-26,D,21600.0
25,B-426,179232,2023,BMW,X5,XDrive40i,WHITE,49323,Yes,4.8,2026-08-26,B,37250.0
0,O-001,178842,2022,BMW,X5,xDrive45e,WHITE,41080,No,"",2026-08-26,O,39000.0
30,A-189,179879,2019,BMW,X5,XDrive40i,BLACK,78297,Yes,4.5,2026-08-26,A,18400.0
7,A-230.7,179916,2019,BMW,X5,XDrive40i,BLUE,119809,No,"",2026-08-26,A,15800.0
29,B-391,179125,2011,BMW,X5,35I,WHITE,43439,Yes,3.9,2026-08-26,B,9300.0
32,B-261,180070,2022,BMW,X7,XDrive40i,WHITE,44150,Yes,4.4,2026-08-26,B,40400.0
28,B-408,178753,2020,Buick,Enclave,Premium,WHITE,77106,Yes,4.3,2026-08-26,B,19000.0
7,D-011,179509,2018,Buick,Enclave,Essence,WHITE,126366,No,"",2026-08-26,D,6200.0
39,D-022,179385,2013,Buick,Enclave,Premium,BLACK,111797,Yes,2.0,2026-08-26,D,2000.0
44,F-101,174082,2009,Buick,Enclave,CXL,BROWN,121493,Yes,2.4,2026-08-26,F,500.0
32,A-153,179482,2025,Buick,Encore GX,SPORT TOUR,WHITE,19009,Yes,4.1,2026-08-26,A,20100.0
30,D-141.8,179792,2024,Buick,Encore GX,Avenir,WHITE,15276,Yes,3.7,2026-08-26,D,22600.0
34,C-161,180032,2023,Buick,Encore GX,Select,RED,27800,Yes,4.3,2026-08-26,C,17200.0
32,D-159,178977,2023,Buick,Envision,Essence,WHITE,50261,Yes,4.1,2026-08-26,D,19800.0
30,C-203,178316,2022,Buick,Envision,Preferred,BLACK,67443,Yes,4.1,2026-08-26,C,16000.0
40,F-014,162959,2014,Buick,LaCrosse,Leather,SILVER,124327,Yes,2.5,2026-08-26,F,2000.0
32,C-136,174691,2014,Buick,Verano,PREMIUM GROUP,BLACK,82922,Yes,3.8,2026-08-26,C,4600.0
33,A-124,179414,2012,Buick,Verano,4DR SDN,WHITE,46766,Yes,3.4,2026-08-26,A,3600.0
24,C-171,178222,2017,Cadillac,ATS,SEDAN,WHITE,107163,Yes,"",2026-08-26,C,4800.0
9,B-350,179971,2017,Cadillac,ATS,SEDAN,BLACK,54206,No,"",2026-08-26,B,9000.0
8,C-079.1,180142,2023,Cadillac,CT4,Luxury,GRAY,38966,No,"",2026-08-26,C,22400.0
28,A-161,179951,2020,Cadillac,CT4,Premium Luxury,WHITE,73218,Yes,4.6,2026-08-26,A,18000.0
23,C-156,180022,2024,Cadillac,CT5,Luxury,BLACK,28143,Yes,"",2026-08-26,C,25600.0
7,B-019,179884,2009,Cadillac,CTS,W/1SA,RED,143994,No,"",2026-08-26,B,600.0
26,B-098,179398,2022,Cadillac,Escalade,Luxury,BLACK,118828,Yes,"",2026-08-26,B,38200.0
9,B-312,179834,2020,Cadillac,Escalade,ESV Premium,WHITE,120008,No,"",2026-08-26,B,20200.0
33,B-425,179585,2019,Cadillac,Escalade,Platinum,BLACK,80525,Yes,4.2,2026-08-26,B,30500.0
39,D-238,179915,2014,Cadillac,Escalade,Platinum,WHITE,112121,Yes,2.3,2026-08-26,D,12000.0
8,B-158.1,178601,2012,Cadillac,Escalade,Hybrid,WHITE,162151,No,"",2026-08-26,B,2400.0
28,D-059,179142,2025,Cadillac,XT4,Sport,WHITE,37271,Yes,2.6,2026-08-26,D,29000.0
31,B-091,176720,2024,Cadillac,XT4,Luxury,BROWN,15002,Yes,4.1,2026-08-26,B,26000.0
24,A-165,179940,2022,Cadillac,XT4,PREMIUM LUXU,BLUE,64188,Yes,"",2026-08-26,A,20500.0
0,Y-017,180102,2021,Cadillac,XT4,Sport,SILVER,69410,No,"",2026-08-26,Y,18200.0
8,C-405,179175,2019,Cadillac,XT5,"",SILVER,81426,No,"",2026-08-26,C,12200.0
40,D-205,179579,2018,Cadillac,XT5,"",BLUE,90198,Yes,1.9,2026-08-26,D,10100.0
31,C-165,180039,2017,Cadillac,XT5,"",GRAY,43780,Yes,3.9,2026-08-26,C,12500.0
35,X-015,178527,2024,Cadillac,XT6,Sport,SILVER,29299,Yes,3.4,2026-08-26,X,37000.0
26,B-112,180122,2023,Cadillac,XT6,PREMIUM LUXU,BLACK,42899,Yes,"",2026-08-26,B,29400.0
25,C-157,176107,2021,Cadillac,XT6,Premium Luxury,GRAY,77436,Yes,4.5,2026-08-26,C,22200.0
33,C-153,179972,2020,Cadillac,XT6,PREMIUM LUXU,GRAY,117718,Yes,3.4,2026-08-26,C,13600.0
40,F-017,172057,2017,Cadillac,XTS,PREMIUM LUXURY,WHITE,127917,Yes,1.3,2026-08-26,F,4200.0
49,F-007,175937,2014,Cadillac,XTS,Luxury,BLACK,99614,Yes,2.7,2026-08-26,F,2400.0
30,D-147.1,180068,2024,Chevrolet,Blazer,LT,BLACK,3611,Yes,4.0,2026-08-26,D,25400.0
29,D-121,179506,2024,Chevrolet,Blazer,LT,WHITE,22827,Yes,4.6,2026-08-26,D,22500.0
23,B-241,175505,2023,Chevrolet,Blazer,LT,BLACK,69108,Yes,"",2026-08-26,B,18400.0
23,B-461,178389,2020,Chevrolet,Camaro,1LT,WHITE,79970,Yes,"",2026-08-26,B,13600.0
8,B-132,179295,2017,Chevrolet,Camaro,1LT,RED,113279,No,"",2026-08-26,B,8000.0
39,F-104,174006,2014,Chevrolet,Camaro,LS,BLACK,91500,Yes,1.2,2026-08-26,F,900.0
9,A-013,179420,2010,Chevrolet,Camaro,2LT,SILVER,187206,No,"",2026-08-26,A,2200.0
30,X-007,178276,2025,Chevrolet,Colorado, WORK TR,BLACK,9878,Yes,4.5,2026-08-26,X,27800.0
31,B-100,179455,2025,Chevrolet,Colorado,TRAIL B,WHITE,28294,Yes,4.6,2026-08-26,B,34800.0
22,C-162,180033,2023,Chevrolet,Colorado, LT,RED,34597,Yes,"",2026-08-26,C,23200.0
7,A-154,179498,2019,Chevrolet,Colorado, WORK TR,WHITE,113245,No,"",2026-08-26,A,10000.0
32,D-262,179590,2019,Chevrolet,Colorado,LT,SILVER,25010,Yes,3.1,2026-08-26,D,23200.0
29,A-147,179109,2017,Chevrolet,Corvette,Grand Sport,BLACK,45256,Yes,3.4,2026-08-26,A,43800.0
8,D-020,179201,1989,Chevrolet,Corvette,2DR CONVERT,RED,56161,No,"",2026-08-26,D,3200.0
7,A-230.1,179905,2014,Chevrolet,Cruze,1LT,SILVER,132772,No,"",2026-08-26,A,1100.0
7,C-122,179617,2014,Chevrolet,Cruze,LTZ,SILVER,159519,No,"",2026-08-26,C,600.0
9,C-271,179435,2012,Chevrolet,Cruze,LT W/1LT,BLUE,162076,No,"",2026-08-26,C,600.0
27,C-125,179619,2026,Chevrolet,Equinox,LT,GRAY,3701,Yes,4.6,2026-08-26,C,25000.0
25,C-085,179773,2026,Chevrolet,Equinox,RS,GRAY,4795,Yes,4.7,2026-08-26,C,29600.0
25,D-128,179615,2025,Chevrolet,Equinox,LT,BLACK,22523,Yes,4.8,2026-08-26,D,22800.0
28,B-144,179541,2025,Chevrolet,Equinox,LT,GRAY,21373,Yes,4.5,2026-08-26,B,22200.0
24,A-155,179637,2024,Chevrolet,Equinox,LS,GRAY,5431,Yes,"",2026-08-26,A,18900.0
26,B-284,179012,2024,Chevrolet,Equinox,LS,WHITE,7060,Yes,4.3,2026-08-26,B,18200.0
36,B-128,179635,2024,Chevrolet,Equinox,RS,BLACK,51309,Yes,4.2,2026-08-26,B,19800.0
24,D-023,179746,2022,Chevrolet,Equinox,RS,GRAY,55352,Yes,"",2026-08-26,D,17600.0
48,C-360,179308,2020,Chevrolet,Equinox,LT,BLUE,80581,Yes,1.6,2026-08-26,C,4700.0
9,B-454,179747,2020,Chevrolet,Equinox,Premier,BLUE,114986,No,"",2026-08-26,B,2500.0
34,B-073,179005,2019,Chevrolet,Equinox,LT,GRAY,83138,Yes,3.6,2026-08-26,B,10600.0
24,B-009,179658,2018,Chevrolet,Equinox,LT,RED,104313,Yes,"",2026-08-26,B,4800.0
35,F-019,171910,2016,Chevrolet,Equinox,LT,BLUE,146694,Yes,2.7,2026-08-26,F,2800.0
8,B-226,178298,2015,Chevrolet,Equinox,LT,SILVER,120322,No,"",2026-08-26,B,2300.0
7,B-159.9,180171,2012,Chevrolet,Equinox,LT W/1LT,BLACK,194387,No,"",2026-08-26,B,500.0
26,D-085,178170,2026,Chevrolet,Equinox EV,RS,BLUE,1498,Yes,4.8,2026-08-26,D,27000.0
26,D-146.5,180040,2026,Chevrolet,Equinox EV,RS,BLACK,2719,Yes,4.8,2026-08-26,D,29000.0
9,B-282,179507,2018,Chevrolet,Express Cargo,VAN RW,WHITE,96615,No,"",2026-08-26,B,11200.0
49,F-054,163666,2016,Chevrolet,EXPRESS COMMERCIAL C,"",WHITE,121206,Yes,1.4,2026-08-26,F,2000.0
7,A-321,178914,2016,Chevrolet,G2500 Vans,"",WHITE,130931,No,"",2026-08-26,A,7600.0
25,A-009,179322,2004,Chevrolet,Impala,4DR SDN,TAN,53121,Yes,"",2026-08-26,A,1400.0
32,A-211,179454,2024,Chevrolet,Malibu,LS,WHITE,52235,Yes,3.0,2026-08-26,A,13300.0
25,C-125.3,180045,2017,Chevrolet,Malibu,LS,GRAY,97303,Yes,"",2026-08-26,C,1800.0
46,F-041,175774,2017,Chevrolet,Malibu,LT,WHITE,166118,Yes,1.3,2026-08-26,F,1600.0
48,F-015,174833,2015,Chevrolet,Malibu,LT,WHITE,124702,Yes,1.3,2026-08-26,F,1300.0
49,F-113,174902,2014,Chevrolet,Malibu,LT,BLACK,172647,Yes,0.0,2026-08-26,F,500.0
7,A-331,179705,2008,Chevrolet,Malibu,LT W/1LT,SILVER,103989,No,"",2026-08-26,A,1900.0
26,B-145,179293,2025,Chevrolet,Silverado 1500,CUSTO,BLACK,2457,Yes,4.7,2026-08-26,B,42000.0
29,B-142,179279,2025,Chevrolet,Silverado 1500,HIGH,GRAY,15545,Yes,4.0,2026-08-26,B,46200.0
0,Y-016,180100,2024,Chevrolet,Silverado 1500,CUSTO,GRAY,31675,No,"",2026-08-26,Y,28800.0
27,C-384,179052,2024,Chevrolet,Silverado 1500,CUSTO,BLACK,48214,Yes,4.1,2026-08-26,C,25700.0
27,A-228,178727,2024,Chevrolet,Silverado 1500,LTZ,WHITE,26543,Yes,4.5,2026-08-26,A,39800.0
37,B-102,175504,2023,Chevrolet,Silverado 1500,LT,BLACK,104511,Yes,3.5,2026-08-26,B,17400.0
29,D-133,179697,2023,Chevrolet,Silverado 1500,RST,GRAY,24439,Yes,4.0,2026-08-26,D,33750.0
34,D-083,178275,2021,Chevrolet,Silverado 1500,CUSTO,WHITE,73038,Yes,4.3,2026-08-26,D,15800.0
7,A-140,179479,2021,Chevrolet,Silverado 1500,LT,BLACK,99021,No,"",2026-08-26,A,20000.0
9,C-149,180087,2021,Chevrolet,Silverado 1500,LTZ,WHITE,108762,No,"",2026-08-26,C,23800.0
31,B-373,178619,2021,Chevrolet,Silverado 1500,RST,RED,99261,Yes,4.3,2026-08-26,B,16200.0
44,F-013,173420,2018,Chevrolet,Silverado 1500,CUSTO,RED,123470,Yes,1.3,2026-08-26,F,6200.0
8,B-252,180046,2014,Chevrolet,Silverado 1500,LT,BLUE,110204,Yes,3.8,2026-08-26,B,10800.0
36,A-150,179114,2022,Chevrolet,Silverado 1500 LTD,C,GRAY,70574,Yes,3.8,2026-08-26,A,22000.0
12,B-185,179788,2019,Chevrolet,Sonic,LS,GRAY,90005,No,"",2026-08-26,B,1500.0
45,D-145.8,179997,2018,Chevrolet,Spark,LS,TAN,100449,Yes,2.3,2026-08-26,D,2400.0
32,B-010,179444,2017,Chevrolet,Spark,LS,GRAY,43383,Yes,4.1,2026-08-26,B,1900.0
23,C-403,177862,2017,Chevrolet,Spark,LS,WHITE,64549,Yes,"",2026-08-26,C,2000.0
26,C-125.2,179969,2015,Chevrolet,Spark,LT,WHITE,68589,Yes,"",2026-08-26,C,800.0
29,C-124,179618,2025,Chevrolet,Suburban,LT,GRAY,12424,Yes,4.3,2026-08-26,C,57200.0
24,B-240,175501,2023,Chevrolet,Suburban,LS,BLACK,98604,Yes,"",2026-08-26,B,26000.0
41,W-005,175377,2023,Chevrolet,Suburban,LT,BLACK,104748,Yes,1.8,2026-08-26,W,23300.0
38,D-151,178952,2021,Chevrolet,Suburban,LT,BLACK,101412,Yes,4.1,2026-08-26,D,24200.0
8,B-309,180059,2018,Chevrolet,Suburban,PREMIER,GRAY,125786,No,"",2026-08-26,B,17200.0
7,A-317,179636,2015,Chevrolet,Suburban,LTZ,BLACK,188574,No,"",2026-08-26,A,5100.0
7,B-203,178693,2008,Chevrolet,Suburban,LT W/2LT,BLUE,152931,No,"",2026-08-26,B,1200.0
33,B-065,176714,2023,Chevrolet,Tahoe,LS,BLACK,92256,Yes,3.6,2026-08-26,B,28000.0
29,A-157,179649,2023,Chevrolet,Tahoe,Z71,BLACK,51829,Yes,4.4,2026-08-26,A,51000.0
9,B-297,179986,2022,Chevrolet,Tahoe,LT,BLACK,198454,No,"",2026-08-26,B,16600.0
8,D-111,179494,2021,Chevrolet,Tahoe,LS,BLUE,138598,No,"",2026-08-26,D,18000.0
8,C-201,178312,2019,Chevrolet,Tahoe,LT,WHITE,143803,No,"",2026-08-26,C,10800.0
32,C-160,180029,2017,Chevrolet,Tahoe,LT,BLACK,102555,Yes,4.0,2026-08-26,C,15000.0
8,C-090,179919,2015,Chevrolet,Tahoe,LTZ,SILVER,205128,No,"",2026-08-26,C,5000.0
9,D-019,179148,2010,Chevrolet,Tahoe,LS,WHITE,193630,No,"",2026-08-26,D,1200.0
29,D-093,179342,2025,Chevrolet,Trailblazer,LT,WHITE,31138,Yes,4.5,2026-08-26,D,19200.0
32,D-136,179699,2023,Chevrolet,Trailblazer,LT,WHITE,39487,Yes,4.4,2026-08-26,D,16800.0
8,D-017,176508,2023,Chevrolet,Trailblazer,RS,RED,139896,No,"",2026-08-26,D,11000.0
33,C-056,179170,2025,Chevrolet,Traverse,LT,WHITE,16576,Yes,3.7,2026-08-26,C,31200.0
33,D-144.5,179882,2023,Chevrolet,Traverse,LT CLOTH,BLACK,34335,Yes,2.6,2026-08-26,D,23800.0
24,B-070,178944,2020,Chevrolet,Traverse,RS,WHITE,47730,Yes,"",2026-08-26,B,14300.0
37,C-428,177937,2018,Chevrolet,Traverse,LT CLOTH,WHITE,74105,Yes,3.5,2026-08-26,C,8000.0
7,B-049,179513,2015,Chevrolet,Traverse,LS,GRAY,69039,No,"",2026-08-26,B,1700.0
8,C-070,178795,2014,Chevrolet,Traverse,LS,GRAY,132309,No,"",2026-08-26,C,1500.0
40,A-149,178115,2013,Chevrolet,Traverse,LT,SILVER,184540,Yes,3.5,2026-08-26,A,1500.0
25,B-078,179235,2024,Chevrolet,Traverse Limited,LT,RED,26807,Yes,"",2026-08-26,B,23500.0
25,B-401,178502,2025,Chevrolet,Trax,2RS,RED,13176,Yes,4.5,2026-08-26,B,20400.0
32,C-411,179200,2025,Chevrolet,Trax,LS,BLACK,4561,Yes,3.5,2026-08-26,C,16600.0
34,B-135,179450,2024,Chevrolet,Trax,LT,WHITE,32310,Yes,4.1,2026-08-26,B,16800.0
37,B-075,179019,2019,Chevrolet,Trax,LT,SILVER,40106,Yes,3.2,2026-08-26,B,9200.0
10,C-419,179238,2018,Chevrolet,Trax,LT,BLACK,105343,No,"",2026-08-26,C,1600.0
9,C-004,179185,2009,Chrysler,PT Cruiser,4DR WGN,WHITE,80719,No,"",2026-08-26,C,500.0
43,F-042,175387,2014,Chrysler,Town & Country,TOURI,SILVER,168158,Yes,1.7,2026-08-26,F,1300.0
29,B-097,179394,2023,Chrysler,Voyager,LX,WHITE,41628,Yes,4.6,2026-08-26,B,19800.0
10,B-224,179558,2014,Dodge,Avenger,SE,SILVER,126547,No,"",2026-08-26,B,600.0
25,B-417,180117,2021,Dodge,Challenger,R/T SCAT,BLACK,21313,Yes,4.6,2026-08-26,B,43800.0
23,B-209,179147,2020,Dodge,Challenger,SXT,RED,55621,Yes,"",2026-08-26,B,13400.0
23,B-392,179097,2019,Dodge,Challenger,GT,RED,76374,Yes,"",2026-08-26,B,16600.0
8,B-116,180053,2015,Dodge,Challenger,SXT Plus,RED,135141,No,"",2026-08-26,B,7200.0
7,C-266,179428,2010,Dodge,Challenger,SE,WHITE,161505,No,"",2026-08-26,C,4600.0
23,C-402,179167,2023,Dodge,Charger,GT,GREEN,24770,Yes,"",2026-08-26,C,25600.0
27,A-169.3,180003,2023,Dodge,Charger,SCAT PACK,WHITE,8358,Yes,4.1,2026-08-26,A,49100.0
29,B-086,179844,2023,Dodge,Charger,SXT,GRAY,62140,Yes,4.2,2026-08-26,B,17750.0
10,B-089,179843,2015,Dodge,Charger,ROAD/TRACK,GRAY,91926,No,"",2026-08-26,B,14000.0
44,F-102,173395,2015,Dodge,Charger,SE,GRAY,124790,Yes,1.1,2026-08-26,F,700.0
7,B-467,179401,2012,Dodge,Charger,POLICE,WHITE,123082,No,"",2026-08-26,B,500.0
7,D-116,178453,2020,Dodge,Durango,GT,BLACK,137120,No,"",2026-08-26,D,8500.0
24,C-381,179691,2018,Dodge,Grand Caravan,SE,GRAY,38538,Yes,"",2026-08-26,C,8000.0
25,A-030,177476,2016,Dodge,Grand Caravan,SE PLU,SILVER,99134,Yes,"",2026-08-26,A,4100.0
32,B-134,179257,2024,Dodge,Hornet,GT PLUS,GOLD,35105,Yes,3.5,2026-08-26,B,16600.0
8,A-237,179409,2020,Dodge,Journey,Crossroad,BLACK,121876,No,"",2026-08-26,A,4000.0
32,A-152,179161,2020,Dodge,Journey,SE Value,SILVER,87710,Yes,3.6,2026-08-26,A,7600.0
9,A-017,179316,2018,Dodge,Journey,SE,SILVER,244141,No,"",2026-08-26,A,800.0
7,A-339,179716,2002,Dodge,Stratus,SE,WHITE,129294,No,"",2026-08-26,A,500.0
28,B-090,179841,2023,Ford,Bronco Sport,OUTER B,SILVER,19220,Yes,4.6,2026-08-26,B,24900.0
35,F-058,176611,2014,Ford,E150 Vans,"",WHITE,174421,Yes,2.9,2026-08-26,F,3700.0
7,D-146.2,180019,2007,Ford,E150 Vans,"",WHITE,179871,No,"",2026-08-26,D,600.0
30,B-242,177357,2018,Ford,EcoSport,SE,WHITE,72372,Yes,3.5,2026-08-26,B,2100.0
24,A-175,179624,2019,Ford,Edge,SEL,WHITE,29534,Yes,"",2026-08-26,A,12000.0
8,C-078.1,180047,2010,Ford,Edge,SE,WHITE,129713,No,"",2026-08-26,C,1100.0
8,B-002,179733,2010,Ford,Edge,SEL,BLACK,290205,No,"",2026-08-26,B,500.0
8,A-014,179389,2008,Ford,Edge,Limited,BLACK,295404,No,"",2026-08-26,A,500.0
26,C-117,179486,2025,Ford,Escape,ACTIVE,WHITE,17849,Yes,4.2,2026-08-26,C,17200.0
27,D-135,179698,2022,Ford,Escape,SE,WHITE,10937,Yes,4.9,2026-08-26,D,18200.0
24,B-012,179670,2020,Ford,Escape,SE,GRAY,102944,Yes,"",2026-08-26,B,3000.0
32,D-029,179694,2017,Ford,Escape,Titanium,SILVER,84118,Yes,4.1,2026-08-26,D,7000.0
8,B-274,179478,2016,Ford,Escape,SE,WHITE,156843,No,"",2026-08-26,B,1200.0
30,B-452,177974,2015,Ford,Escape,Titanium,GRAY,1,Yes,"",2026-08-26,B,600.0
8,D-005,179742,2014,Ford,Escape,Titanium,WHITE,169524,No,"",2026-08-26,D,600.0
8,A-328,179188,2010,Ford,Escape,XLT,TAN,181356,No,"",2026-08-26,A,800.0
30,A-198,179868,2023,Ford,Expedition,Limited,WHITE,28756,Yes,4.8,2026-08-26,A,44800.0
7,B-082,179459,2013,Ford,Expedition,KING RANC,GREEN,148557,No,"",2026-08-26,B,2500.0
28,A-160,179944,2026,Ford,Explorer,ACTIVE,BLACK,12133,Yes,4.9,2026-08-26,A,32200.0
27,C-427,179744,2024,Ford,Explorer,XLT,BLACK,28137,Yes,4.7,2026-08-26,C,26200.0
26,A-181,179671,2018,Ford,Explorer,Platinum,WHITE,57060,Yes,"",2026-08-26,A,20000.0
8,A-324,179162,2018,Ford,Explorer,Platinum,WHITE,88477,No,"",2026-08-26,A,15200.0
25,D-293,172494,2017,Ford,Explorer,XLT,WHITE,130375,Yes,"",2026-08-26,D,2600.0
8,A-267,179113,2017,Ford,Explorer,XLT,SILVER,157288,No,"",2026-08-26,A,4600.0
9,B-160.1,180169,2016,Ford,Explorer,XLT,GRAY,125650,No,"",2026-08-26,B,4200.0
36,C-177,178931,2015,Ford,Explorer,XLT,GRAY,89825,Yes,2.1,2026-08-26,C,5200.0
40,D-195,179524,2013,Ford,Explorer,XLT,WHITE,130028,Yes,3.7,2026-08-26,D,6000.0
8,A-008,179530,2002,Ford,Explorer Sport Trac,"",GRAY,214333,No,"",2026-08-26,A,500.0
38,F-110,161098,2017,Ford,F-550 CHASSIS XL,"",WHITE,105015,Yes,1.8,2026-08-26,F,4800.0
24,D-131,179695,2024,Ford,F150,XL,WHITE,1103,Yes,4.8,2026-08-26,D,34000.0
26,B-101,178361,2021,Ford,F150,XLT,WHITE,40496,Yes,4.0,2026-08-26,B,35000.0
40,D-217,179667,2016,Ford,F150,XLT,GRAY,134302,Yes,2.9,2026-08-26,D,10600.0
7,A-217,179960,2011,Ford,F150,LARIAT,WHITE,120333,No,"",2026-08-26,A,8200.0
24,A-275,177695,2010,Ford,F150,FX2 SPORT,WHITE,355905,Yes,"",2026-08-26,A,500.0
37,F-043,171202,2008,Ford,F150,XL,SILVER,188881,Yes,2.3,2026-08-26,F,2700.0
8,A-144,179047,2007,Ford,F150,XLT,GRAY,151594,No,"",2026-08-26,A,2200.0
50,F-108,156125,2016,Ford,F250SD,"",WHITE,304862,Yes,1.3,2026-08-26,F,700.0
7,A-330,179642,2011,Ford,F250SD,"",WHITE,107577,No,"",2026-08-26,A,4500.0
23,A-347,176502,2016,Ford,Fiesta,S,WHITE,59802,Yes,"",2026-08-26,A,2000.0
7,A-319,179641,2014,Ford,Fiesta,SE,RED,102242,No,"",2026-08-26,A,1000.0
9,A-020,180149,2013,Ford,Fiesta,SE,BLACK,154237,No,"",2026-08-26,A,500.0
8,C-233,178887,2013,Ford,Fiesta,SE,GRAY,116200,No,"",2026-08-26,C,800.0
24,B-017,179740,2014,Ford,Focus,SE,WHITE,58304,Yes,"",2026-08-26,B,1000.0
7,B-093,179832,2012,Ford,Focus,SE,BLACK,138734,No,"",2026-08-26,B,500.0
7,A-302,179555,2008,Ford,Focus,S,WHITE,74265,No,"",2026-08-26,A,800.0
7,B-304,180057,2019,Ford,Fusion,SE,BLUE,67188,No,"",2026-08-26,B,9400.0
32,A-044,177930,2018,Ford,Fusion,SE,BLUE,60815,Yes,4.1,2026-08-26,A,7100.0
42,D-142.5,179807,2017,Ford,Fusion,S,SILVER,96834,Yes,2.5,2026-08-26,D,3400.0
27,B-137,179277,2025,Ford,Maverick,XLT,WHITE,4597,Yes,4.9,2026-08-26,B,28300.0
27,D-082,179311,2025,Ford,Mustang,ECOBOOST PRE,BLACK,3358,Yes,4.6,2026-08-26,D,31700.0
33,A-170,179644,2019,Ford,Mustang,ECOBOOST PRE,RED,59391,Yes,3.6,2026-08-26,A,16200.0
7,C-214,179399,1997,Ford,Mustang,GT,BLACK,51997,No,"",2026-08-26,C,600.0
44,C-175,177645,2019,Ford,Transit Connect,XL,WHITE,52899,Yes,1.7,2026-08-26,C,8200.0
42,F-052,174841,2015,Ford,Transit Connect,XLT,WHITE,154648,Yes,1.3,2026-08-26,F,2000.0
30,F-029,179124,2014,Freightliner,Sprinter 3500,"",WHITE,336215,Yes,2.0,2026-08-26,F,5800.0
33,D-143.4,179817,2023,Genesis,G70,2.0T,GRAY,10750,Yes,4.4,2026-08-26,D,26800.0
31,D-072,179172,2023,Genesis,G70,2.0T,WHITE,11365,Yes,4.6,2026-08-26,D,28000.0
31,C-192,179367,2023,Genesis,G70,3.3T,WHITE,47793,Yes,2.2,2026-08-26,C,26400.0
35,C-352,179001,2024,Genesis,GV70,2.5T,BLACK,23642,Yes,2.4,2026-08-26,C,30600.0
0,X-012,179442,2024,Genesis,GV80,2.5T,BLUE,37179,No,"",2026-08-26,X,32500.0
31,B-083,179468,2024,GMC,Acadia,Elevation,WHITE,38425,Yes,4.4,2026-08-26,B,29800.0
24,B-130,177891,2022,GMC,Acadia,SLE,BLACK,56683,Yes,"",2026-08-26,B,14800.0
8,A-207,179815,2017,GMC,Acadia,SLT,WHITE,124153,No,"",2026-08-26,A,9000.0
38,A-036,179432,2016,GMC,Acadia,SLT,SILVER,91316,Yes,3.3,2026-08-26,A,6400.0
7,B-353,180058,2013,GMC,G2500 Vans,"",WHITE,279882,No,"",2026-08-26,B,600.0
28,D-036,179340,2024,GMC,Sierra 1500,AT4X,GRAY,34502,Yes,4.7,2026-08-26,D,58400.0
30,D-055,178924,2023,GMC,Sierra 1500,ELEVATIO,BLACK,57587,Yes,4.6,2026-08-26,D,36800.0
24,D-046,178954,2023,GMC,Sierra 1500,SLT,WHITE,52172,Yes,"",2026-08-26,D,38800.0
30,A-243,180055,2022,GMC,Sierra 1500,SLT,WHITE,74805,Yes,4.1,2026-08-26,A,34000.0
32,B-354,180060,2021,GMC,Sierra 1500,ELEVATIO,WHITE,103968,Yes,4.2,2026-08-26,B,24200.0
33,B-253,179605,2017,GMC,Sierra 1500,SLT,WHITE,73691,Yes,4.6,2026-08-26,B,25000.0
0,W-001,178911,2017,GMC,Sierra 1500,SLT,WHITE,73637,No,"",2026-08-26,W,18500.0
41,F-053,176205,2016,GMC,Sierra 1500,SLE,WHITE,228688,Yes,3.8,2026-08-26,F,5600.0
49,F-103,173954,2016,GMC,Sierra 1500,SLT,WHITE,220060,Yes,0.0,2026-08-26,F,3200.0
44,F-005,173328,2014,GMC,Sierra 1500,SLT,GRAY,47394,Yes,1.7,2026-08-26,F,6200.0
28,B-291,178896,2026,GMC,Terrain,AT4,GRAY,890,Yes,4.6,2026-08-26,B,33000.0
31,D-035,179346,2023,GMC,Terrain,SLE,WHITE,29383,Yes,4.1,2026-08-26,D,20000.0
34,A-033,179321,2020,GMC,Terrain,SLT,RED,63259,Yes,3.7,2026-08-26,A,14800.0
30,B-084,179849,2017,GMC,Terrain,SLE,WHITE,96523,Yes,3.9,2026-08-26,B,8200.0
9,C-426,179709,2016,GMC,Terrain,SLT,GRAY,157584,No,"",2026-08-26,C,1800.0
7,A-158,179653,2015,GMC,Terrain,Denali,BLACK,203269,No,"",2026-08-26,A,2200.0
27,C-142,178159,2025,GMC,Yukon,DENALI ULTIMAT,BLACK,21114,Yes,4.7,2026-08-26,C,87000.0
29,A-221,178716,2024,GMC,Yukon,Denali,BLACK,15649,Yes,4.7,2026-08-26,A,65500.0
35,D-053,178923,2019,GMC,Yukon,SLE,BLACK,49484,Yes,4.1,2026-08-26,D,23000.0
8,B-188,179803,2008,GMC,Yukon,COMMERCIAL,GRAY,237711,No,"",2026-08-26,B,1000.0
8,C-166,180064,2007,GMC,Yukon,SLE,WHITE,140058,No,"",2026-08-26,C,4000.0
7,C-377,179024,2019,GMC,Yukon XL,SLT,WHITE,115255,No,"",2026-08-26,C,15600.0
25,O-017,179369,2025,Honda,Accord,HYBRID SPORT,WHITE,16518,Yes,4.7,2026-08-26,O,26400.0
30,A-073,180016,2025,Honda,Accord,HYBRID SPORT,RED,36501,Yes,4.1,2026-08-26,A,22800.0
29,A-075,180106,2025,Honda,Accord,SEDAN LX,RED,47939,Yes,4.2,2026-08-26,A,19400.0
31,C-280,179668,2025,Honda,Accord,SEDAN LX,GRAY,17383,Yes,4.3,2026-08-26,C,21900.0
30,C-286,178042,2025,Honda,Accord,SEDAN LX,RED,18868,Yes,3.7,2026-08-26,C,20800.0
33,C-231,178854,2025,Honda,Accord,SEDAN SE,BLUE,40412,Yes,3.7,2026-08-26,C,20800.0
28,D-090,179721,2024,Honda,Accord,HYBRID SPORT,GRAY,35151,Yes,3.9,2026-08-26,D,24100.0
30,C-315,179370,2024,Honda,Accord,HYBRID SPORT-,BLACK,27920,Yes,4.3,2026-08-26,C,24000.0
30,A-062,179937,2024,Honda,Accord,HYBRID TOURIN,GRAY,29273,Yes,4.5,2026-08-26,A,28800.0
25,C-284,179680,2024,Honda,Accord,SEDAN EX,SILVER,37014,Yes,4.7,2026-08-26,C,22400.0
30,A-072,180011,2024,Honda,Accord,SEDAN EX,WHITE,9542,Yes,4.8,2026-08-26,A,23000.0
32,D-145,179726,2024,Honda,Accord,SEDAN LX,GRAY,19345,Yes,4.2,2026-08-26,D,22200.0
31,D-143.2,179810,2024,Honda,Accord,SEDAN LX,GRAY,36786,Yes,3.8,2026-08-26,D,20100.0
30,C-273,179461,2024,Honda,Accord,SEDAN LX,GRAY,51553,Yes,4.5,2026-08-26,C,19800.0
30,A-053,178873,2024,Honda,Accord,SEDAN LX,GRAY,25313,Yes,4.5,2026-08-26,A,21000.0
31,C-245,178880,2024,Honda,Accord,SEDAN LX,GRAY,38871,Yes,4.0,2026-08-26,C,20400.0
31,D-143.8,179831,2023,Honda,Accord,HYBRID SPORT-,SILVER,24681,Yes,4.4,2026-08-26,D,25000.0
24,O-005,178804,2023,Honda,Accord,SEDAN EX,RED,6563,Yes,4.8,2026-08-26,O,23000.0
28,C-257,179310,2023,Honda,Accord,SEDAN EX,WHITE,48906,Yes,4.4,2026-08-26,C,20400.0
41,C-229,178850,2023,Honda,Accord,SEDAN LX,BLACK,31995,Yes,2.3,2026-08-26,C,18600.0
33,D-142.9,179809,2022,Honda,Accord,SEDAN SPORT,WHITE,84435,Yes,3.5,2026-08-26,D,21800.0
31,C-277,179652,2021,Honda,Accord,SEDAN SPORT,WHITE,58128,Yes,3.6,2026-08-26,C,19600.0
24,A-028,179939,2020,Honda,Accord,SEDAN SPORT,RED,97169,Yes,"",2026-08-26,A,15100.0
32,B-227,179570,2020,Honda,Accord,SEDAN SPORT,WHITE,98369,Yes,3.3,2026-08-26,B,14000.0
8,C-212,179384,2019,Honda,Accord,SEDAN EX-L 1.,SILVER,118822,No,"",2026-08-26,C,12600.0
8,B-272,179123,2019,Honda,Accord,SEDAN LX 1.5T,BLACK,163992,No,"",2026-08-26,B,7800.0
8,A-344,175012,2017,Honda,Accord,HYBRID SEDAN,WHITE,134034,No,"",2026-08-26,A,7000.0
53,C-900,89460,2017,Honda,Accord,SEDAN EX,BLACK,237437,Yes,"",2026-08-26,C,500.0
7,C-267,179429,2017,Honda,Accord,SEDAN LX,GRAY,106709,No,"",2026-08-26,C,9200.0
7,B-281,179491,2016,Honda,Accord,SEDAN LX,WHITE,217429,No,"",2026-08-26,B,5000.0
10,B-117,179110,2016,Honda,Accord,SEDAN LX,WHITE,196390,No,"",2026-08-26,B,3500.0
7,A-332,179707,2015,Honda,Accord,SEDAN LX,BLACK,148674,No,"",2026-08-26,A,6300.0
7,A-018,180112,2015,Honda,Accord,SEDAN SPORT,RED,155110,No,"",2026-08-26,A,6700.0
25,C-096,179008,2015,Honda,Accord,SEDAN TOURING,WHITE,102142,Yes,"",2026-08-26,C,10900.0
25,C-009,179271,2014,Honda,Accord,SEDAN LX,GREEN,122900,Yes,"",2026-08-26,C,2200.0
7,C-270,179433,2014,Honda,Accord,SEDAN SPORT,WHITE,102293,No,"",2026-08-26,C,9800.0
7,C-429,179745,2012,Honda,Accord,SDN EX-L,GRAY,156442,No,"",2026-08-26,C,1500.0
7,B-120,177056,2012,Honda,Accord,SDN EX-L,BLACK,139180,No,"",2026-08-26,B,1200.0
8,C-250,179073,2011,Honda,Accord,SDN LX,GRAY,193759,No,"",2026-08-26,C,1600.0
11,A-085,180154,2010,Honda,Accord,SDN EX-L,GRAY,93230,No,"",2026-08-26,A,4900.0
8,B-149,179622,2008,Honda,Accord,SDN LX,GRAY,194325,No,"",2026-08-26,B,1600.0
23,D-283,179607,2008,Honda,Accord,SDN LX,WHITE,184714,Yes,"",2026-08-26,D,1300.0
7,A-007,180006,2008,Honda,Accord,SDN LX-P,RED,135475,No,"",2026-08-26,A,1100.0
25,D-144,179725,2026,Honda,Civic,SEDAN HYBRID S,RED,731,Yes,4.9,2026-08-26,D,28400.0
34,A-074,180105,2025,Honda,Civic,HATCHBACK SPOR,GRAY,21781,Yes,3.7,2026-08-26,A,22100.0
32,D-114,179499,2025,Honda,Civic,HATCHBACK SPOR,WHITE,41911,Yes,4.5,2026-08-26,D,22600.0
32,A-040,178860,2025,Honda,Civic,SEDAN LX,GRAY,13957,Yes,3.7,2026-08-26,A,20600.0
36,C-238,178867,2025,Honda,Civic,SEDAN SPORT,GRAY,28413,Yes,2.4,2026-08-26,C,21600.0
10,A-088,180157,2025,Honda,Civic,SEDAN SPORT,GRAY,17944,No,"",2026-08-26,A,22800.0
23,A-057,178865,2025,Honda,Civic,SEDAN SPORT,BLACK,19938,Yes,"",2026-08-26,A,21800.0
33,A-078,180128,2025,Honda,Civic,SEDAN SPORT,BLACK,31926,Yes,4.4,2026-08-26,A,21200.0
24,B-250,178618,2025,Honda,Civic,SEDAN SPORT,WHITE,9301,Yes,"",2026-08-26,B,23000.0
28,C-278,179657,2024,Honda,Civic,SEDAN SPORT,GRAY,27889,Yes,3.6,2026-08-26,C,20600.0
29,A-042,179326,2024,Honda,Civic,SEDAN SPORT,SILVER,42360,Yes,4.2,2026-08-26,A,20600.0
33,C-279,179666,2023,Honda,Civic,SEDAN SPORT,SILVER,25595,Yes,2.6,2026-08-26,C,18800.0
8,A-082,180148,2022,Honda,Civic,HATCHBACK SPOR,RED,42852,No,"",2026-08-26,A,19500.0
8,A-336,179713,2022,Honda,Civic,SEDAN LX,BLUE,125947,No,"",2026-08-26,A,9000.0
42,D-065,178957,2022,Honda,Civic,SEDAN SPORT,GRAY,65315,Yes,1.6,2026-08-26,D,15600.0
30,B-050,179517,2021,Honda,Civic,HATCHBACK EX,BLACK,77971,Yes,3.0,2026-08-26,B,17200.0
30,C-244,178938,2021,Honda,Civic,SEDAN EX,SILVER,88804,Yes,2.7,2026-08-26,C,15600.0
45,C-303,179703,2020,Honda,Civic,SEDAN EX,BLACK,37178,Yes,1.7,2026-08-26,C,12200.0
24,A-023,180021,2019,Honda,Civic,SEDAN LX,GRAY,95194,Yes,"",2026-08-26,A,9900.0
8,C-265,179427,2019,Honda,Civic,SEDAN SPORT,BLUE,98877,No,"",2026-08-26,C,12200.0
9,C-017,179181,2018,Honda,Civic,SEDAN EX,BLUE,144190,No,"",2026-08-26,C,5500.0
46,C-285,180082,2017,Honda,Civic,COUPE EX-L,BLUE,79353,Yes,2.5,2026-08-26,C,10800.0
8,B-146,179548,2017,Honda,Civic,HATCHBACK SPOR,WHITE,111238,No,"",2026-08-26,B,8200.0
24,B-111,179923,2016,Honda,Civic,COUPE LX-P,WHITE,107802,Yes,"",2026-08-26,B,4100.0
33,C-226,178851,2016,Honda,Civic,SEDAN LX,BLUE,89443,Yes,3.2,2026-08-26,C,10400.0
6,C-262,179423,2015,Honda,Civic,COUPE EX,BLUE,137955,No,"",2026-08-26,C,4400.0
9,A-012,180010,2015,Honda,Civic,SEDAN EX-L,GRAY,132306,No,"",2026-08-26,A,4500.0
41,F-011,175861,2014,Honda,Civic,COUPE EX,RED,119118,Yes,1.3,2026-08-26,F,3600.0
7,A-003,179935,2014,Honda,Civic,SEDAN LX,BLUE,146795,No,"",2026-08-26,A,3900.0
41,F-009,176401,2014,Honda,Civic,SEDAN LX,RED,112797,Yes,1.3,2026-08-26,F,2600.0
10,D-142.7,179800,2014,Honda,Civic,SEDAN LX,GRAY,153816,No,"",2026-08-26,D,2600.0
8,C-239,178919,2013,Honda,Civic,SDN LX,SILVER,197595,No,"",2026-08-26,C,1900.0
9,B-465,179345,2012,Honda,Civic,SDN LX,SILVER,168020,No,"",2026-08-26,B,2400.0
10,B-052,180072,2010,Honda,Civic,CPE EX,GRAY,88980,No,"",2026-08-26,B,500.0
7,A-006,180012,2010,Honda,Civic,SDN EX,BLUE,179889,No,"",2026-08-26,A,2900.0
9,B-044,179487,2010,Honda,Civic,SDN LX,WHITE,230035,No,"",2026-08-26,B,600.0
7,B-021,179886,2008,Honda,Civic,CPE LX,SILVER,177443,No,"",2026-08-26,B,700.0
8,C-264,179425,2008,Honda,Civic,SDN LX,TAN,88968,No,"",2026-08-26,C,4100.0
8,C-088,179782,2003,Honda,Civic,LX,WHITE,207589,No,"",2026-08-26,C,600.0
28,D-117,179500,2025,Honda,CR-V,EX-L,RED,26237,Yes,4.6,2026-08-26,D,27600.0
30,D-145.9,179999,2025,Honda,CR-V,EX-L,BLUE,28001,Yes,4.4,2026-08-26,D,27400.0
31,C-235,178852,2025,Honda,CR-V,EX-L,BLUE,30256,Yes,3.3,2026-08-26,C,26700.0
29,D-108,179471,2025,Honda,CR-V,HYBRID SPORT,GRAY,43984,Yes,4.8,2026-08-26,D,28800.0
32,B-143,179529,2025,Honda,CR-V,HYBRID SPORT,WHITE,38080,Yes,4.1,2026-08-26,B,26800.0
30,A-055,178869,2025,Honda,CR-V,HYBRID SPORT,WHITE,34204,Yes,4.6,2026-08-26,A,28600.0
30,D-140.3,179755,2025,Honda,CR-V,HYBRID SPORT-L,WHITE,25222,Yes,4.6,2026-08-26,D,30000.0
32,C-386,179054,2024,Honda,CR-V,EX,BLUE,43954,Yes,3.1,2026-08-26,C,23000.0
31,C-404,179173,2024,Honda,CR-V,EX,BLACK,42563,Yes,3.7,2026-08-26,C,24100.0
31,D-145.1,179965,2024,Honda,CR-V,EX,GRAY,23031,Yes,4.6,2026-08-26,D,26400.0
28,D-037,179330,2024,Honda,CR-V,EX-L,BLUE,7096,Yes,4.9,2026-08-26,D,30600.0
0,X-005,178951,2024,Honda,CR-V,EX-L,BLUE,30492,No,"",2026-08-26,X,29500.0
28,D-125,179514,2024,Honda,CR-V,EX-L,GRAY,28875,Yes,4.8,2026-08-26,D,29200.0
29,C-283,179677,2024,Honda,CR-V,EX-L,RED,13785,Yes,4.7,2026-08-26,C,28400.0
29,D-100,179383,2024,Honda,CR-V,EX-L,GRAY,14039,Yes,4.6,2026-08-26,D,27400.0
0,A-901,180193,2024,Honda,CR-V,EX-L,GRAY,14039,No,"",2026-08-26,A,26000.0
29,C-246,178875,2024,Honda,CR-V,EX-L,BLACK,56124,Yes,4.2,2026-08-26,C,24000.0
33,A-037,178379,2024,Honda,CR-V,EX-L,WHITE,27192,Yes,4.1,2026-08-26,A,29200.0
33,A-061,179031,2024,Honda,CR-V,HYBRID SPORT,GRAY,35132,Yes,4.2,2026-08-26,A,27200.0
26,O-008,177686,2024,Honda,CR-V,HYBRID SPORT TO,BLUE,47586,Yes,4.8,2026-08-26,O,30300.0
40,C-232,178885,2024,Honda,CR-V,HYBRID SPORT-L,GRAY,28872,Yes,1.7,2026-08-26,C,23000.0
8,C-253,179074,2023,Honda,CR-V,EX-L,GRAY,105051,No,"",2026-08-26,C,21500.0
33,D-144.2,179878,2023,Honda,CR-V,HYBRID SPORT TO,BLUE,46621,Yes,4.5,2026-08-26,D,28800.0
8,A-151,179138,2021,Honda,CR-V,SPECIAL EDITION,RED,138082,No,"",2026-08-26,A,14000.0
29,A-335,179712,2021,Honda,CR-V,Touring,SILVER,21883,Yes,3.9,2026-08-26,A,25200.0
30,C-242,178882,2020,Honda,CR-V,EX,BLUE,58575,Yes,2.9,2026-08-26,C,17600.0
36,A-066,179953,2017,Honda,CR-V,EX-L,WHITE,72622,Yes,3.6,2026-08-26,A,15600.0
8,C-217,179436,2015,Honda,CR-V,EX,SILVER,169305,No,"",2026-08-26,C,6800.0
48,F-024,174829,2014,Honda,CR-V,EX-L,BLACK,356090,Yes,1.7,2026-08-26,F,3200.0
7,A-126,179416,2012,Honda,CR-V,EX,BLACK,173155,No,"",2026-08-26,A,5100.0
7,C-005,179051,2012,Honda,CR-V,EX,GREEN,227422,No,"",2026-08-26,C,1700.0
7,C-230,178884,2011,Honda,CR-V,EX-L,GRAY,141937,No,"",2026-08-26,C,4400.0
46,F-022,174853,2011,Honda,CR-V,LX,GRAY,207689,Yes,1.3,2026-08-26,F,600.0
1,A-341,174953,2009,Honda,CR-V,LX,GRAY,192496,No,"",2026-08-26,A,2600.0
8,C-010,179075,2007,Honda,CR-V,EX-L,BLUE,119498,No,"",2026-08-26,C,4000.0
7,B-088,179839,2006,Honda,CR-V,LX,SILVER,163430,No,"",2026-08-26,B,1500.0
9,D-142.8,179802,2004,Honda,CR-V,LX,BLUE,131320,No,"",2026-08-26,D,700.0
8,C-248,179066,2012,Honda,Fit,5DR HB AUTO,BLACK,92444,No,"",2026-08-26,C,5600.0
8,A-089,180156,2025,Honda,HR-V,Sport,GRAY,15215,No,"",2026-08-26,A,23000.0
29,C-227,178853,2024,Honda,HR-V,EX-L,WHITE,37458,Yes,4.4,2026-08-26,C,21800.0
23,C-067,178669,2024,Honda,HR-V,EX-L,GRAY,27483,Yes,"",2026-08-26,C,23200.0
26,D-146.1,180001,2024,Honda,HR-V,LX,WHITE,39377,Yes,4.9,2026-08-26,D,19800.0
32,C-241,178878,2024,Honda,HR-V,Sport,GRAY,13067,Yes,4.2,2026-08-26,C,22600.0
31,X-016,178484,2024,Honda,HR-V,Sport,WHITE,6718,Yes,3.8,2026-08-26,X,23500.0
33,B-081,179287,2023,Honda,HR-V,Sport,WHITE,44624,Yes,3.9,2026-08-26,B,19000.0
34,F-059,156749,2022,Honda,HR-V,Sport,WHITE,32172,Yes,3.6,2026-08-26,F,17000.0
24,D-112,179497,2022,Honda,HR-V,Sport,GRAY,70049,Yes,"",2026-08-26,D,14000.0
27,C-350,178960,2021,Honda,HR-V,Sport,GRAY,83633,Yes,4.0,2026-08-26,C,12500.0
9,C-261,179421,2019,Honda,HR-V,LX,BLACK,118040,No,"",2026-08-26,C,9200.0
27,B-217,179544,2017,Honda,HR-V,EX,GREEN,68533,Yes,"",2026-08-26,B,10300.0
50,C-254,175443,2016,Honda,HR-V,EX,BLACK,91192,Yes,1.4,2026-08-26,C,7600.0
8,C-388,179099,2016,Honda,HR-V,LX,RED,96849,No,"",2026-08-26,C,8300.0
33,A-076,180107,2024,Honda,Odyssey,Elite,WHITE,42058,Yes,3.5,2026-08-26,A,32200.0
29,A-081,180130,2024,Honda,Odyssey,Touring,WHITE,28258,Yes,4.6,2026-08-26,A,34400.0
34,A-031,179029,2023,Honda,Odyssey,EX-L,WHITE,103207,Yes,3.8,2026-08-26,A,21400.0
8,A-084,180152,2023,Honda,Odyssey,Touring,SILVER,35950,No,"",2026-08-26,A,30500.0
31,A-035,179067,2023,Honda,Odyssey,Touring,WHITE,70390,Yes,4.0,2026-08-26,A,28000.0
42,A-024,179859,2019,Honda,Odyssey,EX-L,BLUE,116079,Yes,3.5,2026-08-26,A,15100.0
39,D-123,179511,2019,Honda,Odyssey,EX-L W/NAVI/,WHITE,116166,Yes,2.6,2026-08-26,D,13800.0
7,C-209,179378,2018,Honda,Odyssey,EX,GRAY,119946,No,"",2026-08-26,C,13600.0
7,A-235,179407,2011,Honda,Odyssey,EX-L,GRAY,238590,No,"",2026-08-26,A,2200.0
0,O-014,179352,2024,Honda,Passport,BLACK EDITI,GRAY,30621,No,"",2026-08-26,O,35300.0
32,D-148,179730,2024,Honda,Passport,EX-L,BLACK,31289,Yes,4.2,2026-08-26,D,30000.0
31,D-041,178941,2023,Honda,Passport,Elite,GRAY,15691,Yes,4.0,2026-08-26,D,33400.0
28,A-038,178870,2025,Honda,Pilot,Elite,GRAY,27785,Yes,4.6,2026-08-26,A,42400.0
28,A-070,179955,2024,Honda,Pilot,EX-L 7 PASSENG,BLACK,21586,Yes,4.4,2026-08-26,A,33400.0
29,A-064,179941,2024,Honda,Pilot,Touring,RED,20902,Yes,4.6,2026-08-26,A,35200.0
30,D-118,179501,2023,Honda,Pilot,Touring,WHITE,44348,Yes,4.7,2026-08-26,D,34200.0
9,A-127,179417,2022,Honda,Pilot,SPECIAL EDITIO,BLACK,109997,No,"",2026-08-26,A,16200.0
40,D-143.6,179825,2020,Honda,Pilot,EX-L,BLACK,96720,Yes,2.9,2026-08-26,D,15800.0
24,A-069,179954,2020,Honda,Pilot,EX-L,GRAY,108130,Yes,"",2026-08-26,A,9600.0
7,C-274,179466,2018,Honda,Pilot,LX,GRAY,153871,No,"",2026-08-26,C,8400.0
8,C-399,179155,2017,Honda,Pilot,EX,WHITE,101170,No,"",2026-08-26,C,7500.0
7,A-364,180126,2014,Honda,Pilot,EX-L,BLACK,191510,No,"",2026-08-26,A,1400.0
9,C-326,179301,2009,Honda,Pilot,EX,BLUE,263535,No,"",2026-08-26,C,1200.0
26,D-147,179728,2026,Honda,Ridgeline,RTL,GRAY,1291,Yes,4.9,2026-08-26,D,33000.0
28,D-143,179724,2026,Honda,Ridgeline,RTL,BLACK,820,Yes,4.2,2026-08-26,D,32600.0
28,D-142,179723,2026,Honda,Ridgeline,RTL,GRAY,1536,Yes,4.9,2026-08-26,D,34100.0
26,D-119,179503,2026,Honda,Ridgeline,RTL,BLACK,803,Yes,4.9,2026-08-26,D,33200.0
26,D-115,179485,2026,Honda,Ridgeline,TrailSport,BLACK,1544,Yes,4.9,2026-08-26,D,36600.0
29,B-022.2,179888,2025,Honda,Ridgeline,TrailSport,BLUE,11957,Yes,4.1,2026-08-26,B,30000.0
8,B-171,179264,2017,Hyundai,Accent,SE,BLACK,89289,No,"",2026-08-26,B,2300.0
7,B-007,178904,2017,Hyundai,Accent,SE,BLUE,144632,No,"",2026-08-26,B,900.0
27,D-086,179331,2026,Hyundai,Elantra,SE,RED,5553,Yes,4.7,2026-08-26,D,19200.0
30,D-060,179146,2024,Hyundai,Elantra,Limited,WHITE,37984,Yes,4.8,2026-08-26,D,19200.0
36,C-342,178922,2024,Hyundai,Elantra,N LINE,BLACK,37723,Yes,2.8,2026-08-26,C,15000.0
30,C-219,179441,2024,Hyundai,Elantra,SEL,BLACK,48277,Yes,3.2,2026-08-26,C,15200.0
33,C-237,178861,2024,Hyundai,Elantra,SEL,WHITE,29982,Yes,2.5,2026-08-26,C,14600.0
30,C-415,179225,2023,Hyundai,Elantra,SEL,GRAY,65499,Yes,4.2,2026-08-26,C,13800.0
7,C-380,179034,2021,Hyundai,Elantra,SEL,BLACK,80992,No,"",2026-08-26,C,10100.0
42,D-012,179307,2018,Hyundai,Elantra,SE,BLUE,68472,Yes,1.3,2026-08-26,D,800.0
7,C-417,179706,2018,Hyundai,Elantra,SEL,BLUE,152037,No,"",2026-08-26,C,3500.0
33,D-142.1,179789,2018,Hyundai,Elantra,VALUE EDITIO,BLUE,87632,Yes,3.7,2026-08-26,D,7600.0
24,D-282,179604,2017,Hyundai,Elantra,LIMITED,GRAY,145200,Yes,"",2026-08-26,D,4400.0
32,B-216,179526,2017,Hyundai,Elantra,LIMITED,WHITE,107702,Yes,4.2,2026-08-26,B,6000.0
25,D-027,179207,2017,Hyundai,Elantra,LIMITED,SILVER,85606,Yes,"",2026-08-26,D,6600.0
24,C-097,179027,2017,Hyundai,Elantra,SE,SILVER,80740,Yes,"",2026-08-26,C,4600.0
35,B-102.2,179848,2016,Hyundai,Elantra,SE,BROWN,114783,Yes,3.7,2026-08-26,B,4300.0
8,A-005,178859,2013,Hyundai,Elantra,GLS,GRAY,172442,No,"",2026-08-26,A,1300.0
43,C-183,179318,2011,Hyundai,Genesis,4DR SDN V8,WHITE,27407,Yes,2.2,2026-08-26,C,2200.0
9,D-001,178905,2009,Hyundai,Genesis,4DR SDN 3.8L,BLUE,158580,No,"",2026-08-26,D,600.0
30,D-144.3,179874,2025,Hyundai,Kona,N LINE S,BLACK,6409,Yes,4.6,2026-08-26,D,22200.0
24,D-044,179153,2024,Hyundai,Kona,SEL,GREEN,25368,Yes,4.6,2026-08-26,D,18400.0
26,A-138,179458,2024,Hyundai,Kona,SEL,YELLOW,22381,Yes,4.6,2026-08-26,A,18200.0
0,X-011,179434,2023,Hyundai,Kona,Limited,WHITE,66727,No,"",2026-08-26,X,17500.0
29,D-143.5,179821,2023,Hyundai,Kona,Limited,BLACK,19127,Yes,4.7,2026-08-26,D,21000.0
35,D-142.4,179804,2023,Hyundai,Kona,SEL,BLACK,39480,Yes,4.3,2026-08-26,D,16600.0
30,B-138,179296,2023,Hyundai,Kona,SEL,GRAY,19290,Yes,4.5,2026-08-26,B,17800.0
28,C-382,179696,2022,Hyundai,Kona,N LINE,BLACK,47013,Yes,4.4,2026-08-26,C,16200.0
35,C-190,179364,2022,Hyundai,Kona,N LINE,WHITE,67610,Yes,2.8,2026-08-26,C,13400.0
30,D-042,178964,2018,Hyundai,Kona,SE,WHITE,99294,Yes,3.6,2026-08-26,D,6800.0
27,C-159,180026,2025,Hyundai,Palisade,Calligraphy,GREEN,3194,Yes,4.6,2026-08-26,C,39500.0
27,D-074,179174,2024,Hyundai,Palisade,XRT,GRAY,31022,Yes,4.0,2026-08-26,D,31000.0
33,A-244,180075,2020,Hyundai,Palisade,SEL,WHITE,95819,Yes,4.3,2026-08-26,A,15200.0
28,D-076,179177,2026,Hyundai,Santa Fe,SEL,RED,1926,Yes,4.9,2026-08-26,D,29800.0
26,C-087,179776,2026,Hyundai,Santa Fe,SEL,GRAY,6234,Yes,"",2026-08-26,C,25200.0
29,C-172,178252,2025,Hyundai,Santa Fe,SE,GRAY,33744,Yes,3.8,2026-08-26,C,21000.0
27,D-024,179743,2024,Hyundai,Santa Fe,SEL,GRAY,26068,Yes,4.6,2026-08-26,D,25000.0
32,D-144.4,179875,2024,Hyundai,Santa Fe,XRT,RED,21759,Yes,4.7,2026-08-26,D,28200.0
0,X-014,179489,2021,Hyundai,Santa Fe,SE,BLUE,108189,No,"",2026-08-26,X,12100.0
9,C-022,179892,2018,Hyundai,Santa Fe,SE,BLUE,170516,No,"",2026-08-26,C,3700.0
10,D-006,179770,2011,Hyundai,Santa Fe,Limited,GRAY,138934,No,"",2026-08-26,D,1100.0
9,D-002,179164,2009,Hyundai,Santa Fe,LIMITED,SILVER,180800,No,"",2026-08-26,D,600.0
0,A-800,180191,2009,Hyundai,Santa Fe,LIMITED,GOLD,158461,No,"",2026-08-26,A,500.0
9,B-182,179767,2009,Hyundai,Santa Fe,LIMITED,GOLD,158461,No,"",2026-08-26,B,700.0
28,A-265,178879,2018,Hyundai,Santa Fe Sport,2.4L,GRAY,120277,Yes,"",2026-08-26,A,5600.0
34,D-169,178992,2018,Hyundai,Santa Fe Sport,2.4L,WHITE,129476,Yes,3.9,2026-08-26,D,7600.0
9,B-080,179252,2014,Hyundai,Santa Fe Sport,4,WHITE,169538,No,"",2026-08-26,B,2800.0
7,B-047,179502,2013,Hyundai,Santa Fe Sport,"",BROWN,130664,No,"",2026-08-26,B,2100.0
26,C-119,179545,2026,Hyundai,Sonata,HYBRID BLUE,WHITE,4593,Yes,4.8,2026-08-26,C,21000.0
28,D-050,163389,2025,Hyundai,Sonata,SE,GRAY,9203,Yes,4.4,2026-08-26,D,20200.0
31,D-025,179741,2024,Hyundai,Sonata,N LINE,WHITE,25952,Yes,4.3,2026-08-26,D,24600.0
7,A-083,180150,2020,Hyundai,Sonata,SE,WHITE,53681,No,"",2026-08-26,A,11100.0
25,A-050,178912,2020,Hyundai,Sonata,SEL Plus,BLACK,62425,Yes,"",2026-08-26,A,12900.0
43,C-272,179438,2018,Hyundai,Sonata,SE,BLUE,74538,Yes,2.0,2026-08-26,C,4600.0
44,D-007,178910,2018,Hyundai,Sonata,SEL,WHITE,78876,Yes,1.8,2026-08-26,D,3400.0
44,F-018,174694,2017,Hyundai,Sonata,LIMITED,BLACK,137724,Yes,1.3,2026-08-26,F,2900.0
8,C-236,178909,2013,Hyundai,Sonata,GLS,GRAY,164376,No,"",2026-08-26,C,1100.0
7,A-002,179068,2011,Hyundai,Sonata,GLS,RED,159777,No,"",2026-08-26,A,550.0
24,C-127,179682,2026,Hyundai,Tucson,SE,WHITE,4452,Yes,4.8,2026-08-26,C,23500.0
30,D-099,177147,2026,Hyundai,Tucson,SEL,WHITE,3963,Yes,4.1,2026-08-26,D,19000.0
26,C-396,179136,2025,Hyundai,Tucson,SEL,GRAY,7927,Yes,4.8,2026-08-26,C,21600.0
34,D-069,179151,2025,Hyundai,Tucson,SEL,WHITE,29183,Yes,4.4,2026-08-26,D,20400.0
31,C-364,178958,2024,Hyundai,Tucson,SE,SILVER,55730,Yes,3.3,2026-08-26,C,14500.0
32,D-047,179145,2024,Hyundai,Tucson,SE,GRAY,18935,Yes,3.7,2026-08-26,D,18600.0
31,D-146.3,180020,2024,Hyundai,Tucson,SE,BLUE,29704,Yes,4.4,2026-08-26,D,18400.0
30,D-150,179731,2023,Hyundai,Tucson,SEL,WHITE,26138,Yes,4.5,2026-08-26,D,19000.0
38,D-140.4,179753,2022,Hyundai,Tucson,SE,GRAY,58515,Yes,3.6,2026-08-26,D,13000.0
40,B-102.1,179850,2022,Hyundai,Tucson,SEL,GRAY,83132,Yes,4.0,2026-08-26,B,13200.0
8,B-290,179981,2021,Hyundai,Tucson,Value,WHITE,149776,No,"",2026-08-26,B,7800.0
8,B-124.4,179127,2020,Hyundai,Tucson,SPORT,WHITE,169076,No,"",2026-08-26,B,6600.0
8,B-164,179217,2020,Hyundai,Tucson,Value,WHITE,73222,No,"",2026-08-26,B,7800.0
26,C-130,178207,2017,Hyundai,Tucson,SE,WHITE,136349,Yes,"",2026-08-26,C,4400.0
9,C-299,179357,2016,Hyundai,Tucson,SE,SILVER,100871,No,"",2026-08-26,C,5400.0
7,A-214,180051,2016,Hyundai,Tucson,SPORT,BLACK,174647,No,"",2026-08-26,A,4300.0
24,A-285,178447,2016,Hyundai,Tucson,SPORT,GRAY,124381,Yes,"",2026-08-26,A,3300.0
9,B-166,179231,2015,Hyundai,Tucson,GLS,GRAY,167598,No,"",2026-08-26,B,2000.0
35,C-351,178962,2015,Hyundai,Tucson,SE,SILVER,82346,Yes,2.1,2026-08-26,C,3400.0
8,B-234,178310,2014,Hyundai,Tucson,LIMITED,WHITE,172130,No,"",2026-08-26,B,2400.0
0,X-020,180189,2022,Hyundai,Veloster,N DCT,RED,72998,No,"",2026-08-26,X,17500.0
7,B-403,179275,2014,Hyundai,Veloster,3DR CPE MAN,BLACK,130196,No,"",2026-08-26,B,800.0
9,C-256,179191,2012,Hyundai,Veloster,W/BLACK INT,YELLOW,113093,No,"",2026-08-26,C,600.0
28,D-039,179861,2024,Hyundai,Venue,SEL,GREEN,7957,Yes,4.4,2026-08-26,D,17300.0
23,B-072,179000,2021,Hyundai,Venue,SE,SILVER,59500,Yes,"",2026-08-26,B,6400.0
7,C-359,179306,2007,Hyundai,Veracruz,GLS,BEIGE,110807,No,"",2026-08-26,C,1000.0
8,C-108,179211,2011,INFINITI,G37,SEDAN JOURNEY,WHITE,195365,No,"",2026-08-26,C,1700.0
25,A-223,179903,2022,INFINITI,Q50,RED SPORT 400,WHITE,62763,Yes,"",2026-08-26,A,19400.0
8,C-354,179003,2018,INFINITI,Q50,3.0T LUXE,SILVER,92129,No,"",2026-08-26,C,7600.0
48,F-066,175979,2015,INFINITI,Q50,4DR SDN,SILVER,143137,Yes,1.9,2026-08-26,F,4800.0
7,A-193.1,179883,2014,INFINITI,Q50,4DR SDN,BLACK,148116,No,"",2026-08-26,A,3400.0
0,O-007,178895,2019,INFINITI,QX50,ESSENTIAL,SILVER,66047,No,"",2026-08-26,O,13800.0
67,F-107,90279,2023,INFINITI,QX60,Sensory,RED,2456,Yes,1.2,2026-08-26,F,21000.0
26,A-185,178435,2018,INFINITI,QX60,"",WHITE,52166,Yes,"",2026-08-26,A,10000.0
38,F-036,90273,2023,INFINITI,QX80,PREMIUM SELECT,BLUE,17909,Yes,3.3,2026-08-26,F,38800.0
8,C-079.9,180167,2021,INFINITI,QX80,Luxe,WHITE,79771,No,"",2026-08-26,C,22800.0
25,A-230.5,179914,2018,Jaguar,F-Pace,"",GRAY,79803,Yes,"",2026-08-26,A,7500.0
26,D-288,179609,2017,Jaguar,F-Pace,"",BLACK,134941,Yes,"",2026-08-26,D,4300.0
7,C-260,179412,2012,Jaguar,XJ,4DR SDN,BLUE,102864,No,"",2026-08-26,C,2000.0
10,B-265,178898,2017,Jeep,All New Compass,"",WHITE,105415,No,"",2026-08-26,B,5600.0
8,A-159,179661,2018,Jeep,All-New Wrangler,"",RED,137350,No,"",2026-08-26,A,12600.0
37,A-107,177821,2019,Jeep,Cherokee,Trailhawk,RED,66035,Yes,3.9,2026-08-26,A,12000.0
9,D-141.9,179793,2018,Jeep,Cherokee,Limited,BLUE,186583,No,"",2026-08-26,D,4000.0
29,D-103,177155,2025,Jeep,Compass,Trailhawk,WHITE,35370,Yes,4.1,2026-08-26,D,19400.0
36,C-440,178649,2019,Jeep,Compass,Sport,SILVER,89793,Yes,4.1,2026-08-26,C,5500.0
7,C-341,178916,2014,Jeep,Compass,Latitude,RED,156082,No,"",2026-08-26,C,600.0
7,B-001,179676,2012,Jeep,Compass,Sport,BLACK,156720,No,"",2026-08-26,B,900.0
35,A-177,178677,2023,Jeep,Gladiator,WILLYS,GRAY,38858,Yes,3.9,2026-08-26,A,24800.0
8,B-169,179248,2021,Jeep,Gladiator,WILLYS,BLACK,131022,No,"",2026-08-26,B,14200.0
24,C-418,179229,2025,Jeep,Grand Cherokee,LARED,WHITE,3022,Yes,4.8,2026-08-26,C,26200.0
26,B-141,179451,2024,Jeep,Grand Cherokee,OVERL,WHITE,17,Yes,4.7,2026-08-26,B,41000.0
32,A-121,178972,2021,Jeep,Grand Cherokee,80TH,RED,85696,Yes,3.7,2026-08-26,A,16400.0
35,A-209,179846,2021,Jeep,Grand Cherokee,LIMIT,BLUE,67373,Yes,3.7,2026-08-26,A,17000.0
9,C-400,177859,2020,Jeep,Grand Cherokee,ALTIT,WHITE,98976,No,"",2026-08-26,C,9500.0
10,C-258,179411,2020,Jeep,Grand Cherokee,LIMIT,WHITE,120506,No,"",2026-08-26,C,10400.0
8,C-306,179701,2019,Jeep,Grand Cherokee,ALTIT,GRAY,109878,No,"",2026-08-26,C,9000.0
8,B-013,179735,2013,Jeep,Grand Cherokee,LARED,SILVER,175722,No,"",2026-08-26,B,1700.0
32,B-356,180061,2022,Jeep,Grand Cherokee L,LIM,RED,108759,Yes,4.3,2026-08-26,B,14500.0
0,X-009,179328,2022,Jeep,Grand Cherokee L,LIM,GRAY,61828,No,"",2026-08-26,X,23200.0
38,F-039,176583,2018,Jeep,Renegade,Latitude,GREEN,101378,Yes,2.9,2026-08-26,F,5200.0
32,D-026,179521,2017,Jeep,Renegade,ALTITUDE,SILVER,90750,Yes,3.7,2026-08-26,D,5400.0
26,A-027,178778,2026,Jeep,Wrangler,Rubicon,WHITE,13613,Yes,4.7,2026-08-26,A,37400.0
8,B-355,180083,2015,Jeep,Wrangler,Sahara,WHITE,141928,No,"",2026-08-26,B,5800.0
8,C-414,179212,2014,Jeep,Wrangler,UNLIMITED S,WHITE,111717,No,"",2026-08-26,C,7600.0
9,A-329,180000,2011,Jeep,Wrangler,UNLIMITED S,ORANGE,105248,No,"",2026-08-26,A,10000.0
42,D-081,179204,2023,Kia,Carnival,LX,WHITE,54903,Yes,1.9,2026-08-26,D,18600.0
31,D-137,179685,2025,Kia,EV6,Light,BLUE,48063,Yes,4.3,2026-08-26,D,18200.0
30,B-136,179267,2024,Kia,EV9,Land,SILVER,13508,Yes,4.4,2026-08-26,B,37000.0
34,C-180,178939,2024,Kia,Forte,GT,WHITE,43993,Yes,2.4,2026-08-26,C,14800.0
33,D-143.1,179813,2024,Kia,Forte,GT-Line,WHITE,18772,Yes,2.5,2026-08-26,D,16600.0
29,A-063,179852,2024,Kia,Forte,GT-Line,WHITE,30095,Yes,4.5,2026-08-26,A,18200.0
31,C-406,179184,2023,Kia,Forte,GT-Line,GRAY,31929,Yes,3.9,2026-08-26,C,16200.0
38,C-218,179437,2023,Kia,Forte,LXS,GRAY,32623,Yes,2.8,2026-08-26,C,13400.0
9,C-407,179189,2022,Kia,Forte,LXS,GRAY,80351,No,"",2026-08-26,C,8000.0
25,B-124.2,179137,2019,Kia,Forte,FE,GRAY,61272,Yes,"",2026-08-26,B,8200.0
7,C-312,179720,2018,Kia,Forte,LX,GRAY,95179,No,"",2026-08-26,C,6400.0
8,C-234,178889,2015,Kia,Forte,5-DOOR EX,BLACK,101836,No,"",2026-08-26,C,3800.0
10,B-006,179655,2010,Kia,Forte,EX,BEIGE,94004,No,"",2026-08-26,B,500.0
27,D-077,179186,2025,Kia,K5,GT-LINE,BLUE,31947,Yes,4.2,2026-08-26,D,22800.0
25,D-080,179203,2024,Kia,K5,GT-LINE,GRAY,53956,Yes,"",2026-08-26,D,20000.0
7,C-206,177725,2022,Kia,K5,GT-LINE,BLACK,139054,No,"",2026-08-26,C,7500.0
32,D-045,179168,2022,Kia,K5,LXS,GRAY,44442,Yes,4.2,2026-08-26,D,15000.0
0,O-013,179349,2024,Kia,Niro,EV WIND,BLUE,24662,No,"",2026-08-26,O,17000.0
24,B-123,178726,2017,Kia,Niro,Touring,BLACK,106296,Yes,"",2026-08-26,B,4700.0
33,D-113,179495,2020,Kia,Optima,S,GRAY,66020,Yes,2.7,2026-08-26,D,9500.0
36,D-009,179305,2015,Kia,Optima,HYBRID 4DR SD,GRAY,88073,Yes,3.3,2026-08-26,D,3000.0
7,B-286,179827,2012,Kia,Optima,EX,RED,187410,No,"",2026-08-26,B,700.0
9,D-003,179210,2017,Kia,Rio,LX,SILVER,154710,No,"",2026-08-26,D,600.0
24,D-008,179796,2013,Kia,Rio,EX,RED,63032,Yes,"",2026-08-26,D,2000.0
33,C-432,179748,2021,Kia,Sedona,EX,GRAY,51687,Yes,3.7,2026-08-26,C,16000.0
7,C-208,179374,2015,Kia,Sedona,SX-L,BLUE,96334,No,"",2026-08-26,C,1600.0
25,D-078,179190,2026,Kia,Seltos,EX,BLACK,3916,Yes,5.0,2026-08-26,D,22800.0
30,D-104,177156,2026,Kia,Seltos,EX,GRAY,1941,Yes,4.4,2026-08-26,D,20000.0
28,D-098,177145,2026,Kia,Seltos,LX,BLACK,1157,Yes,4.6,2026-08-26,D,20400.0
26,C-389,179089,2025,Kia,Sorento,S,SILVER,22365,Yes,4.5,2026-08-26,C,25700.0
0,O-015,179356,2025,Kia,Sorento,S,GRAY,24230,No,"",2026-08-26,O,26000.0
31,A-059,179030,2023,Kia,Sorento,S,SILVER,64435,Yes,4.4,2026-08-26,A,20200.0
31,C-216,179410,2022,Kia,Sorento,SX,WHITE,54379,Yes,4.8,2026-08-26,C,22600.0
9,A-313,180004,2020,Kia,Sorento,EX V6,BLACK,54221,No,"",2026-08-26,A,13000.0
9,D-145.6,179996,2019,Kia,Sorento,EX V6,WHITE,122049,No,"",2026-08-26,D,5000.0
37,C-211,179382,2017,Kia,Sorento,SXL V6,WHITE,85881,Yes,4.0,2026-08-26,C,7400.0
7,C-297,178240,2012,Kia,Sorento,LX,BURGUNDY,279974,No,"",2026-08-26,C,900.0
29,A-056,179863,2025,Kia,Soul,EX,GRAY,12241,Yes,4.5,2026-08-26,A,21200.0
36,A-183,177555,2023,Kia,Soul,LX,WHITE,30299,Yes,3.8,2026-08-26,A,12800.0
7,C-215,179408,2020,Kia,Soul,GT-Line Turbo,GRAY,125532,No,"",2026-08-26,C,3400.0
8,B-041,177762,2020,Kia,Soul,X-LINE,RED,104733,No,"",2026-08-26,B,5200.0
8,B-015,179739,2017,Kia,Soul,+,SILVER,142623,No,"",2026-08-26,B,1200.0
23,B-256,179963,2015,Kia,Soul,Base,GRAY,110695,Yes,"",2026-08-26,B,4000.0
10,B-180,179764,2013,Kia,Soul,Base,RED,162674,No,"",2026-08-26,B,1300.0
28,D-056,178039,2026,Kia,Sportage,X-Line,BLUE,3426,Yes,4.9,2026-08-26,D,29000.0
30,D-146,179727,2025,Kia,Sportage,LX,GRAY,41508,Yes,4.7,2026-08-26,D,18600.0
29,C-058,179178,2023,Kia,Sportage,HYBRID LX,GRAY,50875,Yes,4.2,2026-08-26,C,18000.0
30,D-142.2,179801,2023,Kia,Sportage,X-Line,GREEN,28172,Yes,4.6,2026-08-26,D,23600.0
36,A-281,177922,2017,Kia,Sportage,LX,WHITE,109584,Yes,3.6,2026-08-26,A,3700.0
33,C-343,173952,2023,Kia,Stinger,GT-LINE,GRAY,58713,Yes,2.9,2026-08-26,C,21000.0
38,D-061,178937,2021,Kia,Stinger,GT-LINE,SILVER,77633,Yes,2.2,2026-08-26,D,16000.0
26,C-409,179196,2024,Kia,Telluride,EX,BLACK,27061,Yes,"",2026-08-26,C,27300.0
30,D-096,177809,2024,Kia,Telluride,S,GRAY,7429,Yes,4.2,2026-08-26,D,30600.0
34,B-079,179245,2021,Kia,Telluride,S,BLACK,58767,Yes,4.6,2026-08-26,B,20000.0
0,O-016,179402,2021,Kia,Telluride,S,GREEN,42521,No,"",2026-08-26,O,21000.0
26,C-163,180034,2024,Land Rover,Defender,"",WHITE,31220,Yes,4.6,2026-08-26,C,52500.0
32,B-103,179463,2018,Land Rover,Discovery,"",GRAY,109520,Yes,3.2,2026-08-26,B,7800.0
37,B-423,175323,2019,Land Rover,Range Rover,"",BLACK,103674,Yes,2.9,2026-08-26,B,15000.0
39,B-359,178342,2019,Land Rover,Range Rover,"",BLACK,63043,Yes,3.7,2026-08-26,B,21800.0
7,B-277,177987,2017,Land Rover,Range Rover,"",BLUE,92986,No,"",2026-08-26,B,13000.0
28,D-129,179693,2022,Land Rover,Range Rover Evoque,R,WHITE,25966,Yes,4.3,2026-08-26,D,25800.0
7,B-287,179835,2022,Land Rover,Range Rover Evoque,R,BLACK,83382,No,"",2026-08-26,B,16400.0
34,D-265,179059,2020,Land Rover,Range Rover Evoque,S,RED,92886,Yes,3.7,2026-08-26,D,10600.0
34,B-420,179243,2024,Land Rover,Range Rover Sport,"",GRAY,43254,Yes,4.0,2026-08-26,B,55900.0
32,D-260.2,180123,2021,Land Rover,Range Rover Sport,"",RED,44660,Yes,4.6,2026-08-26,D,30800.0
24,C-100,178707,2020,Land Rover,Range Rover Sport,"",GRAY,91518,Yes,"",2026-08-26,C,10200.0
40,B-429,179603,2018,Land Rover,Range Rover Sport,"",WHITE,128985,Yes,4.3,2026-08-26,B,12900.0
29,D-252,179131,2018,Land Rover,Range Rover Sport,"",WHITE,85455,Yes,4.6,2026-08-26,D,20200.0
44,F-037,167896,2009,Land Rover,Range Rover Sport,"",WHITE,122187,Yes,1.7,2026-08-26,F,2000.0
33,D-235,179221,2008,Land Rover,Range Rover Sport,HS,GRAY,134109,Yes,3.6,2026-08-26,D,2300.0
41,D-218,179669,2016,Lexus,ES 300h,4DR SDN HYBR,GRAY,110180,Yes,2.3,2026-08-26,D,13000.0
8,C-075,179756,2014,Lexus,ES 300h,4DR SDN HYBR,BLUE,142762,No,"",2026-08-26,C,7400.0
32,D-170,178993,2023,Lexus,ES 350,ES 350,GRAY,46233,Yes,4.4,2026-08-26,D,33000.0
40,D-193,179520,2021,Lexus,ES 350,ES 350,WHITE,30996,Yes,2.2,2026-08-26,D,26800.0
25,C-047,179140,2021,Lexus,ES 350,F Sport,WHITE,35468,Yes,4.6,2026-08-26,C,32200.0
34,D-191,179469,2020,Lexus,ES 350,ES 350,GREEN,34909,Yes,2.5,2026-08-26,D,26200.0
43,D-208,179597,2019,Lexus,ES 350,F SPORT,BLUE,88960,Yes,2.6,2026-08-26,D,19800.0
35,D-175,179013,2019,Lexus,ES 350,F SPORT,SILVER,144278,Yes,3.0,2026-08-26,D,13600.0
30,C-131,179975,2018,Lexus,ES 350,ES 350,WHITE,33809,Yes,4.6,2026-08-26,C,25800.0
23,B-107,179039,2017,Lexus,ES 350,ES 350,WHITE,100074,Yes,"",2026-08-26,B,16000.0
36,C-169,179616,2011,Lexus,ES 350,4DR SDN,WHITE,68433,Yes,3.2,2026-08-26,C,8500.0
48,F-115,174895,2011,Lexus,ES 350,4DR SDN,BLACK,170198,Yes,0.0,2026-08-26,F,1000.0
28,D-105,179465,2025,Lexus,ES-Series,"",WHITE,11881,Yes,4.8,2026-08-26,D,43600.0
30,D-214,179632,2025,Lexus,ES-Series,"",BEIGE,4747,Yes,4.6,2026-08-26,D,45000.0
27,D-171,178995,2025,Lexus,ES-Series,"",SILVER,13136,Yes,4.5,2026-08-26,D,42000.0
28,D-168,178991,2025,Lexus,ES-Series,"",BLACK,24802,Yes,4.7,2026-08-26,D,40000.0
32,D-204,179539,2024,Lexus,ES-Series,"",BLUE,21298,Yes,3.6,2026-08-26,D,34000.0
27,D-212,179629,2024,Lexus,ES-Series,"",RED,21302,Yes,4.1,2026-08-26,D,36000.0
32,D-187,179193,2024,Lexus,ES-Series,"",BLACK,23780,Yes,4.4,2026-08-26,D,37800.0
29,D-182,179094,2024,Lexus,ES-Series,"",WHITE,10672,Yes,4.3,2026-08-26,D,41600.0
36,D-296,179957,2014,Lexus,GS 350,4DR SDN,WHITE,136383,Yes,3.1,2026-08-26,D,8400.0
54,D-177,179017,2007,Lexus,GS 350,4DR SDN,GRAY,120931,Yes,1.3,2026-08-26,D,600.0
30,X-006,176897,2023,Lexus,GX 460,PREMIUM,BLACK,24104,Yes,4.4,2026-08-26,X,52500.0
0,Y-012,180086,2020,Lexus,GX 460,PREMIUM,BLUE,77360,No,"",2026-08-26,Y,33300.0
36,D-183,179092,2017,Lexus,GX 460,GX 460 PREMIU,GRAY,115821,Yes,3.1,2026-08-26,D,17600.0
47,D-161,178979,2011,Lexus,GX 460,PREMIUM,BLACK,114525,Yes,2.0,2026-08-26,D,10000.0
50,F-114,174534,2005,Lexus,GX 470,4DR SUV,SILVER,214498,Yes,1.1,2026-08-26,F,1500.0
29,D-199,179533,2023,Lexus,IS 300,IS 300,SILVER,15278,Yes,4.7,2026-08-26,D,32800.0
31,C-050,179072,2021,Lexus,IS 300,IS 300,WHITE,52599,Yes,4.3,2026-08-26,C,25200.0
32,D-166,178989,2023,Lexus,IS 350,F SPORT,RED,11691,Yes,4.1,2026-08-26,D,39800.0
34,D-079,179202,2021,Lexus,IS 350,F Sport,WHITE,70658,Yes,3.7,2026-08-26,D,29800.0
25,D-196,179527,2025,Lexus,IS-Series,"",OTHER,10384,Yes,4.7,2026-08-26,D,40000.0
31,D-163,178981,2025,Lexus,IS-Series,"",BLACK,13366,Yes,2.6,2026-08-26,D,35000.0
26,D-124,179512,2025,Lexus,IS-Series,"",OTHER,11631,Yes,4.9,2026-08-26,D,42000.0
25,C-044,179093,2025,Lexus,IS-Series,"",OTHER,21336,Yes,4.3,2026-08-26,C,37000.0
29,D-176,179014,2025,Lexus,IS-Series,"",BLACK,13798,Yes,4.7,2026-08-26,D,39500.0
29,D-210,179627,2025,Lexus,IS-Series,"",RED,19362,Yes,4.6,2026-08-26,D,35000.0
27,D-215,179633,2024,Lexus,IS-Series,"",GRAY,17607,Yes,4.7,2026-08-26,D,41800.0
29,D-164,178986,2024,Lexus,IS-Series,"",RED,33564,Yes,4.5,2026-08-26,D,29700.0
28,D-162,178980,2024,Lexus,IS-Series,"",SILVER,8342,Yes,4.8,2026-08-26,D,38400.0
28,D-197,179528,2024,Lexus,IS-Series,"",WHITE,7164,Yes,4.8,2026-08-26,D,34200.0
27,D-213,179631,2024,Lexus,IS-Series,"",WHITE,13832,Yes,4.5,2026-08-26,D,37800.0
8,A-364.1,180121,2018,Lexus,LC 500,LC 500,WHITE,13031,No,"",2026-08-26,A,83500.0
25,C-027,179104,2017,Lexus,NX 200t,NX TURBO,GRAY,83363,Yes,"",2026-08-26,C,15000.0
36,D-154,178970,2022,Lexus,NX 350,F SPORT HANDL,SILVER,45417,Yes,3.6,2026-08-26,D,31800.0
29,D-190,179467,2025,Lexus,NX-Series,"",WHITE,8003,Yes,4.7,2026-08-26,D,45200.0
31,D-192,179519,2025,Lexus,NX-Series,"",WHITE,35096,Yes,4.3,2026-08-26,D,34000.0
25,C-054,179087,2025,Lexus,NX-Series,"",SILVER,26075,Yes,4.6,2026-08-26,C,37400.0
32,C-060,179101,2025,Lexus,NX-Series,"",SILVER,37974,Yes,3.6,2026-08-26,C,32800.0
30,D-198,179532,2024,Lexus,NX-Series,"",SILVER,28539,Yes,4.3,2026-08-26,D,36500.0
30,X-003,178323,2024,Lexus,NX-Series,"",GREEN,13961,Yes,3.8,2026-08-26,X,36100.0
30,D-179,179081,2024,Lexus,NX-Series,"",GRAY,34634,Yes,4.4,2026-08-26,D,44000.0
30,C-065,179088,2024,Lexus,NX-Series,"",GRAY,23024,Yes,4.1,2026-08-26,C,37200.0
0,X-019,180175,2024,Lexus,NX-Series,"",GRAY,28580,No,"",2026-08-26,X,32700.0
27,C-074,179606,2021,Lexus,RC 300,RC 300,WHITE,46859,Yes,4.3,2026-08-26,C,27000.0
7,C-098,179133,2005,Lexus,RX 330,4DR SUV,GRAY,232031,No,"",2026-08-26,C,1900.0
7,B-022,179887,2005,Lexus,RX 330,4DR SUV,WHITE,208532,No,"",2026-08-26,B,1200.0
34,D-172,178996,2023,Lexus,RX 350,RX 350,BLACK,58348,Yes,4.2,2026-08-26,D,32000.0
10,A-195,179853,2022,Lexus,RX 350,RX 350,BLACK,55593,No,"",2026-08-26,A,34800.0
26,A-054,179862,2021,Lexus,RX 350,RX 350,WHITE,48951,Yes,4.7,2026-08-26,A,34200.0
33,D-207,179595,2021,Lexus,RX 350,RX 350,WHITE,64161,Yes,3.6,2026-08-26,D,30800.0
27,D-156,178974,2019,Lexus,RX 350,RX 350,BLACK,80604,Yes,4.2,2026-08-26,D,23000.0
28,D-188,179457,2019,Lexus,RX 350,RX 350,SILVER,101602,Yes,4.7,2026-08-26,D,21800.0
33,C-036,179766,2018,Lexus,RX 350,RX 350,SILVER,46663,Yes,3.3,2026-08-26,C,26000.0
37,D-160,178978,2015,Lexus,RX 350,4DR,RED,91090,Yes,3.2,2026-08-26,D,15600.0
7,D-015,174430,2009,Lexus,RX 350,4DR,GRAY,107272,No,"",2026-08-26,D,1900.0
26,D-259,179278,2020,Lexus,RX 450h,RX 450H,WHITE,65766,Yes,4.7,2026-08-26,D,34000.0
7,C-361,179315,2012,Lexus,RX 450h,4DR HYBR,GRAY,117411,No,"",2026-08-26,C,7200.0
32,D-157,178976,2018,Lexus,RX 450hL,PREMIUM,RED,37726,Yes,4.3,2026-08-26,D,32200.0
27,C-076,179763,2026,Lexus,RX-Series,"",GREEN,8419,Yes,4.9,2026-08-26,C,51000.0
25,D-201,179535,2026,Lexus,RX-Series,"",BLUE,2848,Yes,4.9,2026-08-26,D,56250.0
24,D-180,179084,2025,Lexus,RX-Series,"",BLACK,10551,Yes,4.8,2026-08-26,D,47200.0
26,D-152,178953,2025,Lexus,RX-Series,"",WHITE,14621,Yes,4.7,2026-08-26,D,46250.0
30,D-155,177592,2025,Lexus,RX-Series,"",RED,7775,Yes,4.2,2026-08-26,D,52250.0
28,D-158,178975,2025,Lexus,RX-Series,"",WHITE,8036,Yes,4.6,2026-08-26,D,49200.0
31,D-174,179009,2025,Lexus,RX-Series,"",BLACK,8189,Yes,4.0,2026-08-26,D,50800.0
28,D-189,179464,2025,Lexus,RX-Series,"",RED,10974,Yes,4.9,2026-08-26,D,53800.0
26,D-181,179080,2025,Lexus,RX-Series,"",WHITE,5971,Yes,4.8,2026-08-26,D,47200.0
27,D-185,179079,2025,Lexus,RX-Series,"",GRAY,9139,Yes,4.5,2026-08-26,D,54800.0
27,D-167,178990,2024,Lexus,RX-Series,"",BLUE,15366,Yes,4.7,2026-08-26,D,43400.0
27,D-194,179522,2024,Lexus,RX-Series,"",GREEN,20834,Yes,4.5,2026-08-26,D,41600.0
26,D-184,179078,2024,Lexus,RX-Series,"",WHITE,5755,Yes,4.9,2026-08-26,D,44800.0
0,Y-014,180089,2024,Lexus,RX-Series,"",BLUE,20644,No,"",2026-08-26,Y,40700.0
22,C-059,179095,2024,Lexus,RX-Series,"",BLUE,51929,Yes,"",2026-08-26,C,33200.0
30,D-153,178968,2024,Lexus,RX-Series,"",WHITE,23412,Yes,4.2,2026-08-26,D,42000.0
30,D-240,179922,2024,Lexus,RX-Series,"",WHITE,13516,Yes,4.8,2026-08-26,D,47200.0
34,D-203,178285,2024,Lexus,RX-Series,"",BLUE,26085,Yes,3.3,2026-08-26,D,45600.0
28,D-034,178021,2026,Lexus,TX-Series,"",WHITE,6278,Yes,4.9,2026-08-26,D,53100.0
24,A-193,179880,2020,Lexus,UX 200,F Sport,SILVER,78425,Yes,"",2026-08-26,A,15600.0
27,D-206,179587,2025,Lexus,UX-Series,"",RED,13127,Yes,4.9,2026-08-26,D,34800.0
30,D-178,179083,2024,Lexus,UX-Series,"",GRAY,20508,Yes,4.4,2026-08-26,D,30600.0
30,A-166,178551,2023,Lincoln,Aviator,Reserve,BLACK,45854,Yes,4.3,2026-08-26,A,33800.0
31,A-184,179683,2023,Lincoln,Aviator,Reserve,WHITE,1734,Yes,4.2,2026-08-26,A,40000.0
30,D-260,179288,2020,Lincoln,Aviator,Reserve,BLACK,61754,Yes,4.7,2026-08-26,D,22200.0
32,A-171,178172,2023,Lincoln,Corsair,Reserve,BLACK,32092,Yes,4.0,2026-08-26,A,23800.0
27,B-357,176741,2023,Lincoln,Corsair,Reserve,SILVER,31505,Yes,4.7,2026-08-26,B,26500.0
26,A-180,179660,2020,Lincoln,Corsair,Standard,WHITE,32812,Yes,"",2026-08-26,A,16600.0
8,A-326,179179,2007,Lincoln,Mark LT, SUPERCRE,SILVER,163925,No,"",2026-08-26,A,1100.0
23,C-901,177857,2017,Lincoln,MKC,Select,SILVER,73619,Yes,"",2026-08-26,C,4000.0
8,A-204,177194,2016,Lincoln,MKX,Reserve,SILVER,123687,No,"",2026-08-26,A,3300.0
24,D-143.9,179368,2026,Lincoln,Nautilus,RESERVE,WHITE,710,Yes,"",2026-08-26,D,43000.0
30,A-167,178559,2025,Lincoln,Nautilus,PREMIERE,RED,9492,Yes,4.4,2026-08-26,A,42400.0
31,A-199,179896,2023,Lincoln,Nautilus,STANDARD,BLUE,23800,Yes,4.2,2026-08-26,A,25000.0
31,C-051,179098,2023,Lincoln,Navigator,Reserve,WHITE,35707,Yes,4.5,2026-08-26,C,49300.0
38,B-430,178518,2019,Lincoln,Navigator,BLACK LABE,BLACK,61673,Yes,3.8,2026-08-26,B,24500.0
7,B-363,180081,2023,Lincoln,Navigator L,"",WHITE,65587,No,"",2026-08-26,B,51500.0
29,B-295,179984,2022,Lincoln,Navigator L,"",WHITE,57852,Yes,4.2,2026-08-26,B,39000.0
25,A-230.4,179911,2018,Maserati,Ghibli,3.0L,BLUE,34648,Yes,"",2026-08-26,A,14000.0
29,C-358,179285,2023,Maserati,Grecale,"",GRAY,45385,Yes,4.5,2026-08-26,C,27000.0
30,D-145.5,180066,2025,Mazda,CX-30,2.5 S CARBON E,GRAY,28367,Yes,4.2,2026-08-26,D,20800.0
7,B-159.2,179929,2024,Mazda,CX-30,2.5 S PREFERRE,WHITE,9926,No,"",2026-08-26,B,21200.0
28,D-106,178401,2023,Mazda,CX-30,2.5 S CARBON E,GRAY,8991,Yes,4.6,2026-08-26,D,22400.0
0,X-017,179946,2023,Mazda,CX-30,2.5 S PREMIUM,BLUE,20208,No,"",2026-08-26,X,20700.0
30,B-118,179115,2022,Mazda,CX-30,2.5 TURBO,WHITE,34661,Yes,4.6,2026-08-26,B,18600.0
8,A-148,179111,2021,Mazda,CX-30,Preferred,SILVER,100796,No,"",2026-08-26,A,13400.0
8,A-291,180159,2025,Mazda,CX-5,2.5 S PREFERRED,BLUE,18298,No,"",2026-08-26,A,24000.0
30,C-251,176257,2025,Mazda,CX-5,2.5 S PREFERRED,BLUE,12237,Yes,4.3,2026-08-26,C,20000.0
25,A-266,179106,2024,Mazda,CX-5,2.5 S PREMIUM P,GRAY,4673,Yes,4.8,2026-08-26,A,27000.0
29,D-102,179393,2024,Mazda,CX-5,2.5 S PREMIUM P,BLUE,15589,Yes,4.3,2026-08-26,D,25400.0
36,B-129,179640,2021,Mazda,CX-5,CARBON EDITION,GRAY,52551,Yes,4.2,2026-08-26,B,19400.0
8,B-173,179297,2021,Mazda,CX-5,TOURING,RED,74194,No,"",2026-08-26,B,13000.0
24,B-114,180129,2021,Mazda,CX-5,TOURING,BLUE,30687,Yes,"",2026-08-26,B,21200.0
23,B-121,177073,2020,Mazda,CX-5,Grand Touring,BLUE,63060,Yes,"",2026-08-26,B,11400.0
8,B-273,179169,2018,Mazda,CX-5,Touring,GRAY,111911,No,"",2026-08-26,B,9500.0
8,B-151,176884,2015,Mazda,CX-5,Touring,BLACK,70216,No,"",2026-08-26,B,7200.0
26,D-095,179351,2025,Mazda,CX-50,2.5 S PREFERRE,WHITE,44248,Yes,4.9,2026-08-26,D,21000.0
23,B-108,179040,2024,Mazda,CX-50,2.5 S PREFERRE,WHITE,43605,Yes,"",2026-08-26,B,12000.0
9,A-278,177698,2011,Mazda,CX-7,i SV,SILVER,148608,No,"",2026-08-26,A,800.0
29,A-270,179120,2025,Mazda,CX-70,3.3 TURBO PREM,GRAY,7516,Yes,4.3,2026-08-26,A,32000.0
29,A-279,179183,2025,Mazda,CX-70,3.3 TURBO PREM,WHITE,13582,Yes,4.5,2026-08-26,A,32000.0
9,C-091,179964,2011,Mazda,CX-9,Touring,BLACK,202661,No,"",2026-08-26,C,1000.0
29,A-283,179246,2025,Mazda,Mazda3,SEDAN 2.5 S S,SILVER,25241,Yes,4.5,2026-08-26,A,19500.0
24,B-087,178429,2023,Mazda,Mazda3,HATCHBACK 2.5,BLUE,51097,Yes,"",2026-08-26,B,16500.0
34,D-219,179678,2017,Mazda,Mazda3,4-DOOR TOURIN,RED,106087,Yes,4.0,2026-08-26,D,8000.0
7,B-168,179244,2015,Mazda,Mazda3,i Sport,BLUE,136067,No,"",2026-08-26,B,3100.0
8,A-288,179588,2013,Mazda,Mazda3,I SV,SILVER,163185,No,"",2026-08-26,A,1100.0
10,D-010,179687,2012,Mazda,Mazda3,I GRAND TOURI,BLUE,98932,No,"",2026-08-26,D,3600.0
7,B-022.1,179889,2011,Mazda,Mazda3,i Sport,BLACK,150231,No,"",2026-08-26,B,600.0
8,B-223,179557,2007,Mazda,Mazda3,I TOURING,RED,147945,No,"",2026-08-26,B,600.0
0,A-801,180192,2007,Mazda,Mazda3,I TOURING,RED,147945,No,"",2026-08-26,A,500.0
25,C-098.1,179028,2018,Mazda,Mazda6,Touring,BLUE,80678,Yes,"",2026-08-26,C,7000.0
24,A-269,179560,2014,Mazda,Mazda6,i Sport,BLUE,102818,Yes,"",2026-08-26,A,3500.0
7,A-001,179063,2009,Mazda,Mazda6,I TOURING,WHITE,136256,No,"",2026-08-26,A,500.0
29,A-365,178514,2021,Mercedes-Benz,A-Class,"",SILVER,35759,Yes,4.7,2026-08-26,A,19200.0
8,B-307,180077,2019,Mercedes-Benz,A-Class,"",BLACK,139053,No,"",2026-08-26,B,7700.0
25,D-255,178866,2024,Mercedes-Benz,C-Class,"",SILVER,33239,Yes,4.6,2026-08-26,D,30600.0
24,A-118,178963,2020,Mercedes-Benz,C-Class,"",BLUE,67735,Yes,"",2026-08-26,A,14400.0
8,A-186,179877,2018,Mercedes-Benz,C-Class,"",WHITE,136497,No,"",2026-08-26,A,11200.0
7,B-308,180079,2018,Mercedes-Benz,C-Class,"",WHITE,114298,No,"",2026-08-26,B,8200.0
37,F-051,174570,2018,Mercedes-Benz,C-Class,"",GRAY,104877,Yes,2.0,2026-08-26,F,8200.0
32,A-194,178547,2018,Mercedes-Benz,C-Class,"",WHITE,63271,Yes,4.4,2026-08-26,A,18000.0
7,C-355,179254,2016,Mercedes-Benz,CLA,250 4DR SDN CLA,BLACK,225968,No,"",2026-08-26,C,1300.0
54,F-063,170523,2016,Mercedes-Benz,CLA,250 4DR SDN CLA,RED,103131,Yes,1.3,2026-08-26,F,3800.0
27,F-111,171058,2015,Mercedes-Benz,CLA Class,"",WHITE,130112,Yes,3.7,2026-08-26,F,1200.0
9,A-226,178767,2008,Mercedes-Benz,CLK Class,3.5L,GRAY,50266,No,"",2026-08-26,A,8000.0
41,D-254.3,180125,2014,Mercedes-Benz,E Class,E 350 LUXURY,SILVER,129537,Yes,4.1,2026-08-26,D,8000.0
29,B-056,179900,2014,Mercedes-Benz,E Class,E 350 SPORT,BLACK,60326,Yes,3.9,2026-08-26,B,8100.0
7,A-026,180017,2010,Mercedes-Benz,E Class,E 350 LUXURY,GOLD,163336,No,"",2026-08-26,A,2600.0
26,D-254.1,180116,2023,Mercedes-Benz,E-Class,"",SILVER,13216,Yes,4.4,2026-08-26,D,35200.0
33,D-230,179209,2020,Mercedes-Benz,E-Class,"",BLUE,47621,Yes,3.9,2026-08-26,D,33200.0
19,C-132,178202,2019,Mercedes-Benz,E-Class,"",WHITE,82418,Yes,"",2026-08-26,C,14700.0
8,B-016,179656,2017,Mercedes-Benz,E-Class,"",WHITE,139461,No,"",2026-08-26,B,6200.0
27,B-055,180088,2017,Mercedes-Benz,E-Class,"",SILVER,26230,Yes,3.5,2026-08-26,B,15000.0
29,B-407,179281,2016,Mercedes-Benz,E-Class,"",GRAY,64007,Yes,4.6,2026-08-26,B,11800.0
28,D-254,179547,2024,Mercedes-Benz,GLB,250 GLB 250 SUV,WHITE,16807,Yes,4.6,2026-08-26,D,28900.0
25,D-245,177710,2023,Mercedes-Benz,GLB,250 4MATIC,BLACK,19160,Yes,4.2,2026-08-26,D,27200.0
28,D-254.2,180119,2022,Mercedes-Benz,GLB,250 4MATIC,WHITE,25030,Yes,4.4,2026-08-26,D,24000.0
9,A-139,179470,2021,Mercedes-Benz,GLB,250 GLB 250 SUV,BLACK,130164,No,"",2026-08-26,A,11400.0
28,D-239,179918,2024,Mercedes-Benz,GLC,300 4MATIC SUV,WHITE,15547,Yes,4.6,2026-08-26,D,39000.0
34,D-234,179219,2021,Mercedes-Benz,GLE,350 GLE 350 SUV,BLACK,74821,Yes,3.9,2026-08-26,D,23500.0
32,A-370,180025,2020,Mercedes-Benz,GLE,350 GLE 350 SUV,WHITE,74145,Yes,3.7,2026-08-26,A,21800.0
29,D-241,179594,2020,Mercedes-Benz,GLE,450 4MATIC,WHITE,92475,Yes,4.1,2026-08-26,D,26000.0
24,D-299,178341,2010,Mercedes-Benz,GLK Class,GLK 350,WHITE,117786,Yes,"",2026-08-26,D,500.0
27,C-077,179795,2020,Mercedes-Benz,GLS,450 4MATIC,WHITE,68457,Yes,"",2026-08-26,C,24800.0
10,A-327,179187,2018,Mercedes-Benz,GLS,450 4MATIC,GRAY,113428,No,"",2026-08-26,A,8000.0
30,D-251,179096,2017,Mercedes-Benz,GLS,450 4MATIC,SILVER,95155,Yes,3.9,2026-08-26,D,13400.0
24,D-237,177798,2014,Mercedes-Benz,M Class,ML 350,WHITE,74071,Yes,"",2026-08-26,D,9500.0
8,C-412,179220,2015,Mercedes-Benz,S Class,"",SILVER,114349,No,"",2026-08-26,C,10300.0
29,D-250,178519,2022,Mercedes-Benz,S-Class,"",BLACK,67193,Yes,3.8,2026-08-26,D,42800.0
28,D-253,179540,2019,Mercedes-Benz,S-Class,"",WHITE,77214,Yes,4.6,2026-08-26,D,49000.0
31,D-260.1,179910,2017,Mercedes-Benz,S-Class,"",WHITE,19229,Yes,4.4,2026-08-26,D,54600.0
8,C-393,179122,2020,Mercedes-Benz,Sprinter 2500,HIGH R,WHITE,164599,No,"",2026-08-26,C,17100.0
8,C-422,179272,2014,Mercedes-Benz,Sprinter 2500,"",BLACK,232188,No,"",2026-08-26,C,4500.0
32,B-122,175372,2015,Mini,Cooper,HARDTOP 4 DOO,ORANGE,131951,Yes,4.1,2026-08-26,B,2400.0
25,D-281,179602,2017,Mitsubishi,Lancer,ES,GRAY,159610,Yes,"",2026-08-26,D,2100.0
7,C-187,179359,2018,Mitsubishi,Outlander,SE,BLACK,100741,No,"",2026-08-26,C,5200.0
7,A-106,177680,2021,Mitsubishi,Outlander Sport,ES,GRAY,54886,No,"",2026-08-26,A,9800.0
41,F-010,176222,2015,Mitsubishi,Outlander Sport,SE,SILVER,116670,Yes,1.4,2026-08-26,F,1700.0
8,C-416,179226,2013,Mitsubishi,Outlander Sport,SE,WHITE,100184,No,"",2026-08-26,C,2200.0
7,B-119,177675,2007,Nissan,350Z,TOURING,BLACK,90643,No,"",2026-08-26,B,4600.0
39,A-048,179860,2021,Nissan,Altima,2.5 SL,BLUE,21567,Yes,3.6,2026-08-26,A,18000.0
41,F-057,175936,2020,Nissan,Altima,2.5 S,GRAY,124125,Yes,2.6,2026-08-26,F,5300.0
24,A-077,180120,2020,Nissan,Altima,2.5 S,WHITE,57201,Yes,"",2026-08-26,A,10500.0
7,C-139,179983,2019,Nissan,Altima,2.5 S,WHITE,147007,No,"",2026-08-26,C,5900.0
7,B-305,178322,2018,Nissan,Altima,2.5 SL,BLACK,111072,No,"",2026-08-26,B,3200.0
7,A-004,179942,2015,Nissan,Altima,2.5,WHITE,148297,No,"",2026-08-26,A,700.0
9,C-202,178314,2015,Nissan,Altima,2.5 S,RED,114288,No,"",2026-08-26,C,3400.0
8,B-292,179823,2014,Nissan,Altima,2.5 S,TAN,168394,No,"",2026-08-26,B,2200.0
9,A-021,180151,2014,Nissan,Altima,2.5 SV,SILVER,158207,No,"",2026-08-26,A,1800.0
8,B-162,179025,2013,Nissan,Altima,2.5 S,BLUE,174101,No,"",2026-08-26,B,1000.0
28,D-144.1,179867,2026,Nissan,Frontier,PRO-X,GREEN,4805,Yes,4.5,2026-08-26,D,30000.0
28,A-131,179552,2023,Nissan,Frontier,SV,GRAY,30225,Yes,4.5,2026-08-26,A,27800.0
28,D-122,179508,2023,Nissan,Frontier,SV,WHITE,35734,Yes,4.6,2026-08-26,D,23200.0
8,B-053,180073,2020,Nissan,Frontier,SV,GRAY,146711,No,"",2026-08-26,B,7400.0
8,B-026,179567,2014,Nissan,JUKE,S,SILVER,142161,No,"",2026-08-26,B,1800.0
35,B-042,179477,2023,Nissan,Kicks,SV,WHITE,55162,Yes,3.6,2026-08-26,B,13000.0
23,B-043,179484,2020,Nissan,Kicks,SV,WHITE,43191,Yes,"",2026-08-26,B,8900.0
32,A-034,179422,2019,Nissan,Kicks,SV,GRAY,74693,Yes,4.6,2026-08-26,A,7000.0
24,D-294,179626,2017,Nissan,Maxima,SL,GRAY,96394,Yes,"",2026-08-26,D,2800.0
26,D-018,179751,2023,Nissan,Murano,SL,SILVER,11890,Yes,4.7,2026-08-26,D,26000.0
33,W-004,178498,2023,Nissan,Murano,SV,WHITE,9205,Yes,4.3,2026-08-26,W,22000.0
38,D-057,178927,2020,Nissan,Murano,S,GRAY,80663,Yes,1.9,2026-08-26,D,9800.0
8,B-028,179576,2020,Nissan,Murano,SV,GRAY,130284,No,"",2026-08-26,B,6000.0
8,B-255,179904,2019,Nissan,Murano,PLATINUM,GRAY,100957,No,"",2026-08-26,B,13500.0
38,A-065,179950,2016,Nissan,Murano,S,WHITE,99511,Yes,3.6,2026-08-26,A,5700.0
30,B-115,180049,2017,Nissan,MURANO SL,"",SILVER,58643,Yes,3.4,2026-08-26,B,4800.0
8,C-184,179320,2017,Nissan,MURANO SV,"",GRAY,171951,No,"",2026-08-26,C,2400.0
24,B-124.1,179141,2017,Nissan,NV 200,COMPACT CARGO,WHITE,91425,Yes,"",2026-08-26,B,6000.0
30,D-033,179335,2025,Nissan,Pathfinder,SV,BLUE,39435,Yes,4.7,2026-08-26,D,25800.0
29,B-048,179510,2022,Nissan,Pathfinder,SL,BLACK,72797,Yes,3.7,2026-08-26,B,17800.0
11,B-023,178913,2013,Nissan,Pathfinder,SL,GRAY,62154,No,"",2026-08-26,B,4000.0
8,A-086,180155,2013,Nissan,Pathfinder,SL,GRAY,119633,No,"",2026-08-26,A,1300.0
27,D-298,179974,2013,Nissan,Pathfinder,SV,SILVER,124733,Yes,"",2026-08-26,D,1600.0
9,A-316,179634,2008,Nissan,Pathfinder,SE,SILVER,164293,No,"",2026-08-26,A,1100.0
27,D-094,179348,2025,Nissan,Rogue,SV,TAN,38977,Yes,3.8,2026-08-26,D,18800.0
30,B-046,179490,2025,Nissan,Rogue,SV,GRAY,23539,Yes,3.7,2026-08-26,B,17600.0
27,C-210,179673,2023,Nissan,Rogue,S,WHITE,34615,Yes,4.3,2026-08-26,C,15400.0
30,D-146.9,180065,2023,Nissan,Rogue,S,GRAY,25583,Yes,4.5,2026-08-26,D,16200.0
38,C-252,175611,2023,Nissan,Rogue,SL,GRAY,144107,Yes,3.5,2026-08-26,C,9400.0
31,B-447,178586,2023,Nissan,Rogue,SV,WHITE,36548,Yes,4.4,2026-08-26,B,16000.0
0,O-004,178871,2021,Nissan,Rogue,Platinum,WHITE,83307,No,"",2026-08-26,O,15800.0
32,A-080,180132,2021,Nissan,Rogue,S,GRAY,115859,Yes,3.6,2026-08-26,A,6800.0
9,B-453,177970,2018,Nissan,Rogue,SV,BLACK,106125,No,"",2026-08-26,B,4200.0
8,C-152,179966,2018,Nissan,Rogue,SV,GRAY,71124,No,"",2026-08-26,C,8000.0
9,B-005,179447,2017,Nissan,Rogue,SV,WHITE,169654,No,"",2026-08-26,B,2500.0
24,D-284,179608,2017,Nissan,Rogue,SV,BLACK,116991,Yes,"",2026-08-26,D,3500.0
9,C-348,178930,2016,Nissan,Rogue,SV,WHITE,108631,No,"",2026-08-26,C,3800.0
9,B-113,179309,2014,Nissan,Rogue,S,WHITE,210829,No,"",2026-08-26,B,900.0
24,D-300,179980,2013,Nissan,Rogue,S,SILVER,106317,Yes,"",2026-08-26,D,2200.0
24,D-301,179987,2014,Nissan,Rogue Select,S,RED,93041,Yes,"",2026-08-26,D,1200.0
0,O-006,178888,2022,Nissan,Rogue Sport,SV,WHITE,46377,No,"",2026-08-26,O,17200.0
8,A-022,180023,2021,Nissan,Rogue Sport,S,BLACK,157150,No,"",2026-08-26,A,4800.0
30,B-051,180071,2020,Nissan,Rogue Sport,SV,BLACK,48017,Yes,3.4,2026-08-26,B,11500.0
23,C-379,179033,2021,Nissan,Sentra,SR,WHITE,34955,Yes,"",2026-08-26,C,13800.0
7,B-159.1,179930,2019,Nissan,Sentra,S,WHITE,96350,No,"",2026-08-26,B,3700.0
10,B-159.6,180099,2017,Nissan,Sentra,S,BLACK,103659,No,"",2026-08-26,B,1900.0
23,B-054,180074,2017,Nissan,Sentra,SR,RED,72131,Yes,"",2026-08-26,B,3900.0
8,B-154,179439,2016,Nissan,Sentra,SV,BLUE,134513,No,"",2026-08-26,B,2100.0
7,B-045,179488,2015,Nissan,Sentra,SL,BLUE,39304,No,"",2026-08-26,B,3200.0
10,C-006,179121,2013,Nissan,Sentra,SV,BLACK,156171,No,"",2026-08-26,C,600.0
9,C-037,180031,2010,Nissan,Sentra,2.0 SR,ORANGE,124754,No,"",2026-08-26,C,1000.0
24,D-297,179970,2010,Nissan,Titan,LE,BLACK,228741,Yes,"",2026-08-26,D,1700.0
7,A-208,179822,2008,Nissan,Titan,XE,BLUE,177105,No,"",2026-08-26,A,3700.0
26,D-143.3,179816,2025,Nissan,Versa,S,GRAY,31,Yes,4.8,2026-08-26,D,16600.0
36,C-301,179365,2020,Nissan,Versa,SV,RED,79885,Yes,2.8,2026-08-26,C,6100.0
7,D-013,179472,2017,Nissan,Versa,SEDAN SV,GRAY,131466,No,"",2026-08-26,D,1100.0
7,B-003,179738,2016,Nissan,Versa,S,SILVER,146089,No,"",2026-08-26,B,500.0
7,A-268,179543,2015,Nissan,Versa,S,GRAY,138653,No,"",2026-08-26,A,600.0
9,C-293,178055,2014,Nissan,Versa,SV,WHITE,134278,No,"",2026-08-26,C,600.0
7,C-001,178902,2014,Nissan,Versa Note,S,WHITE,178661,No,"",2026-08-26,C,500.0
8,C-176,177989,2014,Nissan,Versa Note,SV,BLUE,163224,No,"",2026-08-26,C,500.0
7,B-004,179675,2014,Nissan,Versa Note,SV,WHITE,176276,No,"",2026-08-26,B,500.0
24,D-242,180114,2025,Porsche,718 Cayman,COUPE,YELLOW,5247,Yes,4.5,2026-08-26,D,76750.0
8,B-434,179060,2007,Porsche,Boxster,S,RED,30129,No,"",2026-08-26,B,26000.0
26,F-048,165037,2019,Porsche,Cayenne,Turbo,BLACK,160570,Yes,3.8,2026-08-26,F,20800.0
30,A-369,179948,2014,Porsche,Cayenne,"",WHITE,119321,Yes,3.8,2026-08-26,A,4000.0
40,B-437,177909,2016,Porsche,Macan,Turbo,GRAY,42991,Yes,2.2,2026-08-26,B,16200.0
9,D-256,178915,2021,Porsche,Taycan,4S,BLACK,7381,No,"",2026-08-26,D,58000.0
27,A-114,178894,2020,Ram,1500,Laramie,GRAY,64821,Yes,"",2026-08-26,A,28100.0
10,A-193.2,179885,2019,Ram,1500,Rebel,BLACK,124478,No,"",2026-08-26,A,17600.0
8,B-469,179350,2017,Ram,1500,EXPRESS,GRAY,141437,No,"",2026-08-26,B,7000.0
9,B-243,180160,2017,Ram,1500,Tradesman,WHITE,86854,No,"",2026-08-26,B,11000.0
8,C-425,179261,2014,Ram,1500,EXPRESS,SILVER,140006,No,"",2026-08-26,C,6000.0
8,B-270,179010,2014,Ram,1500,LONGHORN LIMITE,BLACK,152522,No,"",2026-08-26,B,5200.0
9,C-394,179152,2014,Ram,1500,Sport,RED,132511,No,"",2026-08-26,C,7300.0
30,B-351,179481,2017,Ram,2500,Tradesman,WHITE,76947,Yes,3.4,2026-08-26,B,16800.0
25,B-147,179612,2025,Ram,2500 ProMaster Vans,"",SILVER,18,Yes,4.5,2026-08-26,B,27000.0
50,F-056,176221,1989,ROLLS ROYCE,SILVER SPUR NULL,"",BLACK,63647,Yes,1.3,2026-08-26,F,6800.0
8,B-191,179897,2008,Saturn,VUE,XE,ORANGE,132952,No,"",2026-08-26,B,600.0
7,B-157,179525,2013,Scion,FR-S,2DR CPE MAN (NA,WHITE,169985,No,"",2026-08-26,B,2500.0
26,A-134,179565,2024,Subaru,Crosstrek,Premium,WHITE,24707,Yes,4.7,2026-08-26,A,21000.0
31,D-141.3,179779,2024,Subaru,Crosstrek,Premium,BLUE,13203,Yes,4.6,2026-08-26,D,22000.0
33,D-058,178935,2024,Subaru,Crosstrek,SPORT,GRAY,13411,Yes,4.1,2026-08-26,D,23600.0
29,D-062,178940,2022,Subaru,Crosstrek,Sport,GRAY,59428,Yes,4.6,2026-08-26,D,19600.0
23,B-268,178994,2021,Subaru,Crosstrek,Limited,WHITE,93076,Yes,"",2026-08-26,B,10000.0
8,C-282,179674,2019,Subaru,Crosstrek,Limited,GRAY,156382,No,"",2026-08-26,C,6600.0
42,D-016,179798,2018,Subaru,Crosstrek,2.0I CVT,BLACK,114185,Yes,1.9,2026-08-26,D,4000.0
29,D-084,178277,2026,Subaru,Forester,LIMITED,GRAY,2057,Yes,4.8,2026-08-26,D,32800.0
26,B-352,176740,2025,Subaru,Forester,Limited Hyb,WHITE,2890,Yes,4.6,2026-08-26,B,33800.0
35,X-004,178463,2020,Subaru,Forester,CVT,GRAY,44801,Yes,3.6,2026-08-26,X,17200.0
9,B-288,179976,2020,Subaru,Forester,LIMITED,WHITE,36456,No,"",2026-08-26,B,17500.0
24,A-178,179648,2020,Subaru,Forester,PREMIUM,GREEN,78850,Yes,"",2026-08-26,A,14400.0
8,B-302,179842,2019,Subaru,Forester,SPORT,WHITE,119934,No,"",2026-08-26,B,11000.0
26,B-077,179233,2018,Subaru,Forester,2.5I CVT,SILVER,110580,Yes,"",2026-08-26,B,7200.0
25,C-026,179266,2016,Subaru,Forester,2.5I LIMITE,BLUE,102558,Yes,"",2026-08-26,C,7800.0
23,D-014,178926,2012,Subaru,Forester,2.5X LIMITE,SILVER,119029,Yes,"",2026-08-26,D,1600.0
7,D-004,179249,2011,Subaru,Forester,2.5X,BLACK,136017,No,"",2026-08-26,D,1200.0
25,C-129,179689,2025,Subaru,Legacy,Touring XT,GRAY,6385,Yes,4.7,2026-08-26,C,29000.0
33,A-241,179873,2024,Subaru,Outback,Premium,WHITE,60005,Yes,4.1,2026-08-26,A,19400.0
35,F-049,175394,2022,Subaru,Outback,Premium,WHITE,18730,Yes,4.0,2026-08-26,F,20800.0
23,D-229,178752,2020,Subaru,Outback,Premium,GRAY,26552,Yes,"",2026-08-26,D,17200.0
33,A-137.2,179599,2019,Subaru,Outback,TOURING,WHITE,41051,Yes,4.6,2026-08-26,A,21200.0
38,C-247,178864,2018,Subaru,Outback,Limited,GREEN,39466,Yes,2.7,2026-08-26,C,14600.0
25,A-234,178943,2017,Subaru,Outback,Touring,BLUE,27218,Yes,"",2026-08-26,A,17800.0
35,C-304,179700,2015,Subaru,XV Crosstrek,Limited,ORANGE,66095,Yes,3.7,2026-08-26,C,10800.0
28,C-062,179149,2025,Tesla,Model 3,Long Range,BLACK,24272,Yes,4.4,2026-08-26,C,34200.0
37,D-231,179213,2019,Tesla,Model 3,STANDARD RAN,BLUE,103773,Yes,3.8,2026-08-26,D,10800.0
9,A-087,180153,2017,Tesla,Model S,75D,GRAY,58353,No,"",2026-08-26,A,20200.0
34,D-263,179589,2019,Tesla,Model X,75D,BLUE,61009,Yes,3.9,2026-08-26,D,27400.0
32,D-091,179337,2026,Tesla,Model Y,PREMIUM,BLACK,2980,Yes,3.8,2026-08-26,D,40900.0
24,C-089,179734,2025,Toyota,4Runner,SR5,BLACK,7128,Yes,4.7,2026-08-26,C,42000.0
24,C-120,179553,2025,Toyota,4Runner,SR5,WHITE,4678,Yes,4.8,2026-08-26,C,41800.0
33,C-094,179692,2024,Toyota,4Runner,SR5 PREMIUM,SILVER,47154,Yes,4.5,2026-08-26,C,40800.0
8,B-159.8,180113,2022,Toyota,4Runner,SR5,BLUE,43927,No,"",2026-08-26,B,29600.0
9,C-038,180036,2017,Toyota,4Runner,SR5 PREMIUM,GRAY,239795,No,"",2026-08-26,C,12200.0
8,C-902,177814,2013,Toyota,4Runner,SR5,WHITE,136972,No,"",2026-08-26,C,10600.0
25,X-018,177750,2026,Toyota,bZ,XLE PLUS,GRAY,5193,Yes,4.8,2026-08-26,X,29200.0
23,X-002,177768,2026,Toyota,bZ,XLE PLUS,WHITE,3079,Yes,4.8,2026-08-26,X,29200.0
0,X-013,179456,2021,Toyota,C-HR,NIGHTSHADE EDIT,BLACK,40660,No,"",2026-08-26,X,20000.0
7,C-186,179347,2020,Toyota,C-HR,LE,SILVER,91465,No,"",2026-08-26,C,11400.0
9,A-016,179426,2020,Toyota,C-HR,LE,SILVER,160757,No,"",2026-08-26,A,6300.0
8,B-172,179274,2026,Toyota,Camry,SE,BLACK,7635,No,"",2026-08-26,B,29000.0
37,F-027,178698,2026,Toyota,Camry,SE,BLUE,18747,Yes,3.9,2026-08-26,F,25200.0
7,B-186,179790,2026,Toyota,Camry,SE,GRAY,148,No,"",2026-08-26,B,29400.0
8,B-170,179250,2026,Toyota,Camry,SE,GRAY,3217,No,"",2026-08-26,B,29400.0
29,D-141,179722,2025,Toyota,Camry,LE,WHITE,15272,Yes,4.5,2026-08-26,D,24400.0
7,B-155,179443,2025,Toyota,Camry,LE,BLACK,37527,No,"",2026-08-26,B,21600.0
25,C-034,179891,2025,Toyota,Camry,SE,WHITE,20260,Yes,4.4,2026-08-26,C,26600.0
25,C-123,179568,2025,Toyota,Camry,XSE,BLUE,51105,Yes,4.2,2026-08-26,C,27800.0
7,C-079.2,180141,2025,Toyota,Camry,XSE,BLUE,14220,No,"",2026-08-26,C,31500.0
7,B-197,179926,2024,Toyota,Camry,SE,RED,35587,No,"",2026-08-26,B,23000.0
27,A-233,179405,2024,Toyota,Camry,SE,GRAY,11430,Yes,4.7,2026-08-26,A,26200.0
8,F-026,177876,2024,Toyota,Camry,SE,GRAY,39323,No,"",2026-08-26,F,22600.0
37,D-064,178955,2023,Toyota,Camry,LE,SILVER,30280,Yes,2.1,2026-08-26,D,17000.0
35,C-024,179895,2023,Toyota,Camry,SE,BLACK,27366,Yes,3.9,2026-08-26,C,24000.0
29,C-413,179216,2023,Toyota,Camry,XSE,RED,25435,Yes,4.2,2026-08-26,C,27000.0
23,B-207,179103,2022,Toyota,Camry,LE,BLACK,38637,Yes,"",2026-08-26,B,17000.0
24,C-068,179289,2021,Toyota,Camry,LE,GRAY,39625,Yes,"",2026-08-26,C,16800.0
8,B-159.4,179931,2021,Toyota,Camry,SE,WHITE,220359,No,"",2026-08-26,B,7400.0
33,F-046,22,2021,Toyota,Camry,SE,BLUE,93862,Yes,1.5,2026-08-26,F,10400.0
24,C-032,177926,2021,Toyota,Camry,SE,BLACK,96329,Yes,"",2026-08-26,C,12800.0
8,B-183,179778,2020,Toyota,Camry,LE,BROWN,89084,No,"",2026-08-26,B,14200.0
23,C-903,177759,2020,Toyota,Camry,SE,SILVER,91567,Yes,"",2026-08-26,C,10000.0
7,A-120,178971,2019,Toyota,Camry,SE,WHITE,106250,No,"",2026-08-26,A,13800.0
11,B-451,177963,2018,Toyota,Camry,SE,SILVER,163125,No,"",2026-08-26,B,5600.0
8,D-140.7,179760,2018,Toyota,Camry,SE,GRAY,129835,No,"",2026-08-26,D,9700.0
8,C-019,179299,2018,Toyota,Camry,SE,GRAY,133319,No,"",2026-08-26,C,7200.0
42,F-045,157047,2018,Toyota,Camry,SE,SILVER,262881,Yes,1.4,2026-08-26,F,3700.0
10,C-125.4,180048,2014,Toyota,Camry,SE,BLACK,219501,No,"",2026-08-26,C,2400.0
8,C-104,179192,2013,Toyota,Camry,SE,GRAY,159402,No,"",2026-08-26,C,2800.0
7,B-159.3,179938,2012,Toyota,Camry,L,GRAY,97350,No,"",2026-08-26,B,7000.0
7,C-083,179736,2012,Toyota,Camry,LE,GRAY,200556,No,"",2026-08-26,C,1700.0
7,C-078.3,180108,2011,Toyota,Camry,4DR SDN I4 AUT,WHITE,221490,No,"",2026-08-26,C,1400.0
8,C-103,179171,2010,Toyota,Camry,LE,GRAY,176314,No,"",2026-08-26,C,1700.0
10,C-002,179046,2007,Toyota,Camry,CE,BEIGE,182291,No,"",2026-08-26,C,1000.0
7,A-137.4,179704,2007,Toyota,Camry,HYBRID 4DR SDN,GRAY,174884,No,"",2026-08-26,A,2300.0
9,C-114,179298,2007,Toyota,Camry,LE,SILVER,217571,No,"",2026-08-26,C,900.0
10,C-018,179775,2007,Toyota,Camry,XLE V6,SILVER,157408,No,"",2026-08-26,C,1000.0
8,C-015,179445,2005,Toyota,Camry,XLE V6,SILVER,1,No,"",2026-08-26,C,500.0
7,B-071,178998,2002,Toyota,Camry,LE,SILVER,310502,No,"",2026-08-26,B,500.0
7,B-376,178626,2007,Toyota,Camry Solara,SLE,BLACK,107035,No,"",2026-08-26,B,1000.0
29,D-088,179334,2026,Toyota,Corolla,HYBRID HYBRI,GRAY,13052,Yes,4.7,2026-08-26,D,25000.0
24,C-118,179542,2026,Toyota,Corolla,HYBRID HYBRI,BLACK,4105,Yes,4.8,2026-08-26,C,23600.0
7,B-196,179921,2026,Toyota,Corolla,LE,BLACK,6830,No,"",2026-08-26,B,20400.0
23,C-061,179112,2026,Toyota,Corolla,LE,SILVER,7921,Yes,"",2026-08-26,C,18200.0
24,A-133,179563,2025,Toyota,Corolla,LE,SILVER,15359,Yes,4.9,2026-08-26,A,20200.0
29,D-087,179332,2025,Toyota,Corolla,LE,SILVER,17249,Yes,4.5,2026-08-26,D,19800.0
26,A-137.1,179601,2025,Toyota,Corolla,LE,BLACK,8632,Yes,4.7,2026-08-26,A,20200.0
8,C-078.9,180140,2025,Toyota,Corolla,LE,SILVER,2797,No,"",2026-08-26,C,20800.0
25,B-464,179344,2024,Toyota,Corolla,HYBRID XLE,SILVER,53933,Yes,"",2026-08-26,B,16600.0
32,C-173,177623,2024,Toyota,Corolla,LE,SILVER,63083,Yes,3.6,2026-08-26,C,15000.0
35,D-075,179176,2024,Toyota,Corolla,LE,SILVER,45447,Yes,3.2,2026-08-26,D,16600.0
28,A-051,178877,2024,Toyota,Corolla,LE,SILVER,19477,Yes,4.4,2026-08-26,A,18500.0
7,B-178,179395,2024,Toyota,Corolla,LE,GRAY,56523,No,"",2026-08-26,B,16200.0
36,B-264,178897,2024,Toyota,Corolla,SE,SILVER,21814,Yes,4.0,2026-08-26,B,20200.0
9,B-167,179242,2023,Toyota,Corolla,LE,BLACK,29147,No,"",2026-08-26,B,15200.0
8,B-160,179018,2022,Toyota,Corolla,HYBRID LE,WHITE,88873,No,"",2026-08-26,B,14600.0
8,B-174,179381,2022,Toyota,Corolla,LE,SILVER,20936,No,"",2026-08-26,B,15000.0
38,C-269,179431,2022,Toyota,Corolla,LE,WHITE,78561,Yes,2.5,2026-08-26,C,11200.0
7,B-198,179927,2021,Toyota,Corolla,LE,GRAY,61696,No,"",2026-08-26,B,11000.0
8,B-175,177929,2021,Toyota,Corolla,LE,WHITE,97029,No,"",2026-08-26,B,9600.0
23,A-137,179574,2020,Toyota,Corolla,LE,GRAY,50712,Yes,"",2026-08-26,A,12200.0
8,C-033,179925,2020,Toyota,Corolla,LE,RED,165753,No,"",2026-08-26,C,5800.0
42,F-062,168513,2020,Toyota,Corolla,LE,BLUE,89888,Yes,1.6,2026-08-26,F,6200.0
8,F-025,177422,2018,Toyota,Corolla,LE,WHITE,162630,No,"",2026-08-26,F,4800.0
8,B-189,179806,2018,Toyota,Corolla,LE,SILVER,96561,No,"",2026-08-26,B,8800.0
53,D-031,179373,2017,Toyota,Corolla,LE,GRAY,121362,Yes,1.3,2026-08-26,D,4800.0
24,A-191,178541,2016,Toyota,Corolla,LE,BLACK,82319,Yes,"",2026-08-26,A,8500.0
7,B-195,179913,2016,Toyota,Corolla,LE,BLACK,139562,No,"",2026-08-26,B,4000.0
9,A-015,179851,2015,Toyota,Corolla,S PLUS,BLUE,170728,No,"",2026-08-26,A,4300.0
8,A-274,179159,2014,Toyota,Corolla,S PLUS,SILVER,147140,No,"",2026-08-26,A,5500.0
9,C-014,177921,2014,Toyota,Corolla,S PLUS,GRAY,166286,No,"",2026-08-26,C,3800.0
8,B-159.7,180109,2012,Toyota,Corolla,LE,SILVER,140348,No,"",2026-08-26,B,4000.0
7,C-112,179263,2011,Toyota,Corolla,LE,GRAY,182819,No,"",2026-08-26,C,2000.0
8,C-128,179684,2010,Toyota,Corolla,LE,BLACK,330266,No,"",2026-08-26,C,800.0
8,A-123,179413,2010,Toyota,Corolla,LE,BEIGE,100704,No,"",2026-08-26,A,2000.0
8,B-190,179890,2010,Toyota,Corolla,S,SILVER,136973,No,"",2026-08-26,B,600.0
7,C-003,179126,2007,Toyota,Corolla,CE,GREEN,162891,No,"",2026-08-26,C,1100.0
7,B-161,179023,2004,Toyota,Corolla,CE,OTHER,194128,No,"",2026-08-26,B,600.0
7,B-008,178890,2004,Toyota,Corolla,S,SILVER,148323,No,"",2026-08-26,B,600.0
9,C-110,179236,2003,Toyota,Corolla,S,SILVER,214788,No,"",2026-08-26,C,600.0
7,B-027,179572,2001,Toyota,Corolla,LE,GRAY,141637,No,"",2026-08-26,B,1000.0
27,C-408,179195,2026,Toyota,Corolla Cross,XLE,RED,3672,Yes,4.9,2026-08-26,C,32200.0
30,C-042,179102,2025,Toyota,Corolla Cross,HYBRID,WHITE,41737,Yes,3.5,2026-08-26,C,25600.0
31,A-047,178862,2025,Toyota,Corolla Cross,L,GRAY,68739,Yes,4.4,2026-08-26,A,21200.0
23,B-303,180052,2024,Toyota,Corolla Cross,LE,RED,40916,Yes,"",2026-08-26,B,21800.0
26,C-240,178876,2023,Toyota,Corolla Cross,XLE,SILVER,46771,Yes,4.5,2026-08-26,C,22200.0
7,B-251,180165,2008,Toyota,FJ Cruiser,4DR A,RED,217092,No,"",2026-08-26,B,8000.0
30,A-052,179419,2023,Toyota,GR86,PREMIUM,BLACK,29265,Yes,4.4,2026-08-26,A,29000.0
32,A-125,179415,2025,Toyota,Grand Highlander,HYB,GRAY,31051,Yes,4.5,2026-08-26,A,52600.0
29,C-121,179564,2024,Toyota,Grand Highlander,XLE,SILVER,23939,Yes,4.1,2026-08-26,C,39200.0
8,B-187,179799,2024,Toyota,Highlander,XLE,WHITE,21011,No,"",2026-08-26,B,35400.0
31,D-142.6,179805,2023,Toyota,Highlander,PLATINUM,GRAY,49095,Yes,4.4,2026-08-26,D,34800.0
8,B-177,179390,2023,Toyota,Highlander,XLE,GRAY,27198,No,"",2026-08-26,B,30000.0
9,B-184,179783,2021,Toyota,Highlander,LE,RED,57946,No,"",2026-08-26,B,24800.0
30,A-032,179062,2021,Toyota,Highlander,LIMITED,WHITE,64446,Yes,4.6,2026-08-26,A,30600.0
10,B-194,177677,2021,Toyota,Highlander,XLE,BLACK,36033,No,"",2026-08-26,B,24200.0
8,B-159.5,179933,2020,Toyota,Highlander,L,GRAY,59098,No,"",2026-08-26,B,19400.0
29,B-260,178863,2020,Toyota,Highlander,L,WHITE,131444,Yes,3.9,2026-08-26,B,15600.0
0,O-003,178855,2020,Toyota,Highlander,Limited,SILVER,70237,No,"",2026-08-26,O,25800.0
33,B-205,179011,2019,Toyota,Highlander,LE,WHITE,70894,Yes,3.4,2026-08-26,B,17600.0
37,B-140,179303,2019,Toyota,Highlander,SE,SILVER,64098,Yes,4.2,2026-08-26,B,24400.0
7,A-137.3,179592,2014,Toyota,Highlander,LE PLUS V,SILVER,164869,No,"",2026-08-26,A,6800.0
8,B-179,179396,2024,Toyota,Land Cruiser,(NA,YELLOW,21612,No,"",2026-08-26,B,57800.0
7,B-221,178133,2024,Toyota,Prius,LE,WHITE,122101,No,"",2026-08-26,B,16200.0
37,A-116,178961,2022,Toyota,Prius,LE,BLACK,71416,Yes,3.3,2026-08-26,A,16400.0
44,F-106,174862,2016,Toyota,Prius,THREE TOURING,WHITE,130040,Yes,1.8,2026-08-26,F,3200.0
23,B-219,179550,2013,Toyota,Prius V,FIVE,RED,91973,Yes,"",2026-08-26,B,8200.0
9,B-125,179118,2013,Toyota,Prius V,THREE,SILVER,140724,No,"",2026-08-26,B,5400.0
28,D-141.4,179781,2025,Toyota,RAV4,LE,WHITE,18238,Yes,4.6,2026-08-26,D,27200.0
24,C-421,179241,2025,Toyota,RAV4,LE,WHITE,10582,Yes,4.8,2026-08-26,C,27600.0
24,C-055,179119,2025,Toyota,RAV4,XLE,WHITE,14086,Yes,4.8,2026-08-26,C,31400.0
30,C-395,179154,2025,Toyota,RAV4,XLE,RED,28086,Yes,4.6,2026-08-26,C,29400.0
24,C-069,179300,2025,Toyota,RAV4,XLE,GRAY,30886,Yes,4.5,2026-08-26,C,29200.0
28,C-116,179480,2024,Toyota,RAV4,HYBRID XLE PREM,BLUE,48822,Yes,4.4,2026-08-26,C,31400.0
7,C-079.6,180143,2024,Toyota,RAV4,LE,RED,19666,No,"",2026-08-26,C,26400.0
8,B-193,179899,2024,Toyota,RAV4,XLE,GRAY,29161,No,"",2026-08-26,B,26200.0
31,D-070,179158,2024,Toyota,RAV4,XLE,WHITE,38827,Yes,4.6,2026-08-26,D,26500.0
26,C-080,179893,2024,Toyota,RAV4,XLE,BLUE,38180,Yes,4.4,2026-08-26,C,26800.0
8,B-192,179898,2023,Toyota,RAV4,LE,GRAY,4989,No,"",2026-08-26,B,24200.0
36,D-142.3,179797,2023,Toyota,RAV4,LE,GRAY,39429,Yes,3.9,2026-08-26,D,21000.0
27,D-097,179377,2023,Toyota,RAV4,XLE,WHITE,28469,Yes,4.6,2026-08-26,D,27000.0
8,C-079.8,180173,2023,Toyota,RAV4,XLE Premium,SILVER,26247,No,"",2026-08-26,C,26800.0
26,C-064,179255,2021,Toyota,RAV4,HYBRID XLE PREM,BLUE,49684,Yes,4.5,2026-08-26,C,28500.0
7,C-228,178883,2021,Toyota,RAV4,LE,BLUE,136081,No,"",2026-08-26,C,14400.0
36,B-124,178739,2021,Toyota,RAV4,XLE,SILVER,57341,Yes,4.0,2026-08-26,B,21300.0
7,C-111,179259,2020,Toyota,RAV4,LE,SILVER,140059,No,"",2026-08-26,C,11500.0
8,C-079.5,180145,2020,Toyota,RAV4,XLE,WHITE,42234,No,"",2026-08-26,C,22000.0
7,C-011,179260,2019,Toyota,RAV4,Hybrid XSE,SILVER,134523,No,"",2026-08-26,C,17200.0
23,C-031,178983,2018,Toyota,RAV4,LE,GRAY,77257,Yes,"",2026-08-26,C,10000.0
54,F-023,174825,2018,Toyota,RAV4,LE,BLUE,228228,Yes,1.4,2026-08-26,F,4900.0
32,B-110,179070,2018,Toyota,RAV4,XLE,GRAY,72724,Yes,3.5,2026-08-26,B,16400.0
8,A-010,180015,2018,Toyota,RAV4,XLE,GRAY,166751,No,"",2026-08-26,A,7700.0
25,C-007,179262,2018,Toyota,RAV4,XLE,WHITE,83850,Yes,"",2026-08-26,C,13200.0
38,C-346,177911,2017,Toyota,RAV4,XLE,SILVER,88190,Yes,3.7,2026-08-26,C,13800.0
23,C-041,178982,2016,Toyota,RAV4,XLE,SILVER,66534,Yes,"",2026-08-26,C,14200.0
8,C-078.5,180135,2016,Toyota,RAV4,XLE,RED,109070,No,"",2026-08-26,C,9800.0
24,A-188,178479,2015,Toyota,RAV4,Limited,GRAY,60939,Yes,"",2026-08-26,A,13600.0
33,A-338,179715,2013,Toyota,RAV4,Limited,GRAY,77354,Yes,3.7,2026-08-26,A,12500.0
45,F-040,173780,2006,Toyota,RAV4,LIMITED V6,GREEN,133358,Yes,1.3,2026-08-26,F,1800.0
24,D-280,179593,2018,Toyota,Sienna,XLE 8 PASSENG,RED,90350,Yes,"",2026-08-26,D,16500.0
35,A-067,179949,2015,Toyota,Sienna,LE 8 PASSENGE,BLACK,88854,Yes,3.7,2026-08-26,A,11900.0
8,C-092,179917,2015,Toyota,Sienna,XLE 8 PASSENG,BEIGE,160078,No,"",2026-08-26,C,6400.0
8,B-214,179392,2015,Toyota,Sienna,XLE 8 PASSENG,WHITE,144117,No,"",2026-08-26,B,11400.0
9,B-275,179483,2006,Toyota,Sienna,LE,BLUE,277552,No,"",2026-08-26,B,800.0
10,D-145.7,179998,2009,Toyota,SIENNA CE 8 PASSENGE,"",SILVER,254238,No,"",2026-08-26,D,800.0
0,O-009,179314,2026,Toyota,Tacoma,HYBRID LIMITE,BLACK,10,No,"",2026-08-26,O,54500.0
28,C-086,179774,2023,Toyota,Tacoma,Limited,SILVER,13871,Yes,4.9,2026-08-26,C,40800.0
29,C-081,179729,2023,Toyota,Tacoma,Limited,BLACK,28534,Yes,3.5,2026-08-26,C,35800.0
36,C-078.4,180110,2023,Toyota,Tacoma,SR V6,BLACK,24246,Yes,3.6,2026-08-26,C,28400.0
25,C-115,179475,2023,Toyota,Tacoma,SR5 V6,BLUE,40439,Yes,"",2026-08-26,C,28800.0
28,B-211,179270,2023,Toyota,Tacoma,TRD OFF ROAD,GRAY,64692,Yes,4.6,2026-08-26,B,33400.0
8,C-079.7,180147,2021,Toyota,Tacoma,TRD SPORT,WHITE,66525,No,"",2026-08-26,C,27200.0
24,A-029,179864,2017,Toyota,Tacoma,SR5 V6,BLUE,116595,Yes,"",2026-08-26,A,16800.0
36,D-173,179004,2016,Toyota,Tacoma,SR5 V6,SILVER,72687,Yes,4.0,2026-08-26,D,19600.0
23,B-222,179015,2014,Toyota,Tacoma,BASE V6,BLACK,94760,Yes,"",2026-08-26,B,19400.0
8,B-306,180056,2014,Toyota,Tacoma,PRERUNNER V6,WHITE,114549,No,"",2026-08-26,B,7800.0
9,B-279,179504,2014,Toyota,Tacoma,PRERUNNER V6,WHITE,107080,No,"",2026-08-26,B,9200.0
9,B-285,179518,2014,Toyota,Tacoma,PRERUNNER V6,BLUE,102182,No,"",2026-08-26,B,10500.0
21,C-093,179771,2024,Toyota,Tundra,SR5,GRAY,76899,Yes,"",2026-08-26,C,28800.0
23,B-106,179830,2018,Toyota,Tundra,SR5 5.7L V8,RED,71552,Yes,"",2026-08-26,B,19800.0
7,B-276,179474,2017,Toyota,Tundra,LIMITED 5.7L,GRAY,146262,No,"",2026-08-26,B,17200.0
7,C-423,179247,2012,Toyota,Tundra,GRADE 4.6L V8,WHITE,300830,No,"",2026-08-26,C,3700.0
7,C-008,179268,2011,Toyota,Tundra,GRADE 5.7L V8,BLACK,204896,No,"",2026-08-26,C,5000.0
8,A-900,179045,2005,Toyota,Tundra,SR5 V8,BLACK,1,No,"",2026-08-26,A,500.0
9,C-012,179128,2015,Toyota,Yaris,L,BLUE,132352,No,"",2026-08-26,C,3600.0
31,B-313,159115,2024,Volkswagen,Atlas,2.0T PEAK EDIT,WHITE,20367,Yes,4.1,2026-08-26,B,31200.0
29,D-110,179493,2024,Volkswagen,Atlas,2.0T SE,WHITE,27448,Yes,4.9,2026-08-26,D,24200.0
30,D-140.2,179754,2024,Volkswagen,Atlas,2.0T SE W/TECH,WHITE,25642,Yes,4.6,2026-08-26,D,26000.0
32,D-140.6,179757,2023,Volkswagen,Atlas,3.6L V6 SE W/T,WHITE,44938,Yes,3.4,2026-08-26,D,21400.0
8,A-112,178886,2021,Volkswagen,Atlas,2.0T SE W/TECH,WHITE,122739,No,"",2026-08-26,A,13000.0
40,B-404,179276,2019,Volkswagen,Atlas,3.6L V6 SE W/T,BLACK,70397,Yes,3.7,2026-08-26,B,17000.0
34,B-427,179598,2019,Volkswagen,Atlas,3.6L V6 SEL PR,WHITE,89230,Yes,3.8,2026-08-26,B,14200.0
28,D-127,179611,2025,Volkswagen,Atlas Cross Sport,2.,GRAY,13282,Yes,4.5,2026-08-26,D,32000.0
37,C-249,179071,2022,Volkswagen,Atlas Cross Sport,2.,GRAY,39153,Yes,2.1,2026-08-26,C,18800.0
24,C-101,179160,2021,Volkswagen,Atlas Cross Sport,3.,BLUE,64516,Yes,"",2026-08-26,C,12800.0
7,B-269,178997,2016,Volkswagen,Golf,SPORTWAGEN TSI,SILVER,95960,No,"",2026-08-26,B,4600.0
9,A-216,179961,2016,Volkswagen,GTI,"",SILVER,109959,No,"",2026-08-26,A,7400.0
39,B-206,179016,2020,Volkswagen,Jetta,S,BLUE,68648,Yes,3.9,2026-08-26,B,10800.0
33,D-141.5,179791,2019,Volkswagen,Jetta,S,BLACK,62066,Yes,4.2,2026-08-26,D,11000.0
8,A-197,179870,2017,Volkswagen,Jetta,1.4T S,RED,123010,No,"",2026-08-26,A,4100.0
23,B-266,178903,2021,Volkswagen,Passat,2.0T R-LINE,WHITE,71971,Yes,"",2026-08-26,B,15000.0
7,C-385,179053,2017,Volkswagen,Passat,1.8T SE,WHITE,89149,No,"",2026-08-26,C,5600.0
7,C-310,179717,2017,Volkswagen,Passat,R-LINE W/COMF,BLUE,90979,No,"",2026-08-26,C,8000.0
24,B-395,179215,2015,Volkswagen,Passat,1.8T S,SILVER,124873,Yes,"",2026-08-26,B,3500.0
8,C-178,178932,2010,Volkswagen,Routan,SE,GRAY,131320,No,"",2026-08-26,C,1000.0
28,D-146.6,180041,2025,Volkswagen,Taos,S,GRAY,4615,Yes,4.6,2026-08-26,D,19000.0
30,D-146.7,180042,2025,Volkswagen,Taos,S,BLACK,4207,Yes,4.7,2026-08-26,D,18000.0
28,D-141.6,179787,2025,Volkswagen,Taos,SE,WHITE,4797,Yes,4.7,2026-08-26,D,21400.0
26,D-140.1,179752,2025,Volkswagen,Taos,SE,BLACK,4978,Yes,4.6,2026-08-26,D,21600.0
31,D-140,179665,2025,Volkswagen,Taos,SE,BLACK,3630,Yes,4.4,2026-08-26,D,20600.0
28,D-149,179654,2025,Volkswagen,Taos,SE,BLACK,3465,Yes,4.8,2026-08-26,D,20800.0
25,D-141.1,179772,2025,Volkswagen,Taos,SE,BLACK,5667,Yes,4.9,2026-08-26,D,21200.0
18,D-089,178297,2025,Volkswagen,Taos,SE,GRAY,12366,Yes,4.9,2026-08-26,D,20700.0
28,D-030,179646,2025,Volkswagen,Taos,SE,BLUE,4816,Yes,4.9,2026-08-26,D,21600.0
28,D-146.4,180035,2025,Volkswagen,Taos,SE,BLACK,4246,Yes,4.6,2026-08-26,D,20000.0
26,D-132,179651,2025,Volkswagen,Taos,SE,GRAY,469,Yes,4.9,2026-08-26,D,22000.0
28,D-138,179688,2025,Volkswagen,Taos,SE,GREEN,5259,Yes,4.4,2026-08-26,D,20000.0
29,D-140.8,179761,2025,Volkswagen,Taos,SE Black,GREEN,4214,Yes,4.6,2026-08-26,D,23200.0
23,D-130,179647,2025,Volkswagen,Taos,SE Black,GREEN,5536,Yes,5.0,2026-08-26,D,23000.0
24,D-052,179679,2025,Volkswagen,Taos,SE Black,GREEN,6116,Yes,5.0,2026-08-26,D,21400.0
26,D-145.3,179973,2025,Volkswagen,Taos,SE Black,GREEN,848,Yes,4.9,2026-08-26,D,24000.0
27,D-144.9,179962,2025,Volkswagen,Taos,SE Black,GREEN,5278,Yes,4.7,2026-08-26,D,22800.0
29,D-040,179650,2025,Volkswagen,Taos,SE Black,GREEN,5199,Yes,4.9,2026-08-26,D,23600.0
25,D-146.8,180043,2025,Volkswagen,Taos,SE Black,WHITE,3771,Yes,4.9,2026-08-26,D,22400.0
26,D-134,179662,2025,Volkswagen,Taos,SE Black,GREEN,4884,Yes,4.9,2026-08-26,D,22800.0
28,D-145.4,179990,2025,Volkswagen,Taos,SE Black,BLACK,4781,Yes,4.1,2026-08-26,D,22000.0
33,D-144.8,179967,2024,Volkswagen,Taos,S,GRAY,29950,Yes,2.2,2026-08-26,D,14900.0
33,C-079,179820,2022,Volkswagen,Taos,SE,RED,58272,Yes,3.3,2026-08-26,C,13600.0
26,C-305,179718,2025,Volkswagen,Tiguan,SEL R-Line,GREEN,8726,Yes,4.5,2026-08-26,C,33000.0
33,B-133,179251,2024,Volkswagen,Tiguan,SE,WHITE,40106,Yes,4.4,2026-08-26,B,18000.0
32,D-144.7,179959,2024,Volkswagen,Tiguan,SE R-LINE BLA,WHITE,52283,Yes,3.9,2026-08-26,D,20400.0
0,O-019,180180,2023,Volkswagen,Tiguan,SE R-LINE BLA,BLACK,37878,No,"",2026-08-26,O,19000.0
29,B-283,178900,2023,Volkswagen,Tiguan,SE R-LINE BLA,WHITE,19173,Yes,4.3,2026-08-26,B,21800.0
32,B-396,179108,2022,Volkswagen,Tiguan,S,GRAY,76495,Yes,2.8,2026-08-26,B,10200.0
30,D-032,179379,2022,Volkswagen,Tiguan,SE,BLACK,67677,Yes,4.5,2026-08-26,D,14100.0
28,B-262,178881,2022,Volkswagen,Tiguan,SEL R-Line,WHITE,34798,Yes,4.8,2026-08-26,B,23000.0
28,B-099,175014,2021,Volkswagen,Tiguan,SE,WHITE,85184,Yes,"",2026-08-26,B,9000.0
34,A-156,179639,2020,Volkswagen,Tiguan,S,WHITE,70053,Yes,3.4,2026-08-26,A,8000.0
35,C-071,179302,2019,Volkswagen,Tiguan,SE,GRAY,94125,Yes,4.3,2026-08-26,C,7800.0
33,D-028,179100,2019,Volkswagen,Tiguan,SE,WHITE,90268,Yes,4.5,2026-08-26,D,7800.0
31,B-057,178987,2018,Volkswagen,Tiguan,SEL,WHITE,113797,Yes,3.7,2026-08-26,B,8400.0
34,B-450,179620,2017,Volkswagen,Tiguan,S,WHITE,58029,Yes,2.9,2026-08-26,B,6400.0
8,B-148,179623,2013,Volkswagen,Tiguan,S,SILVER,147000,No,"",2026-08-26,B,2100.0
7,C-424,176729,2006,Volkswagen,Touareg,4.2L V8,BLACK,118004,No,"",2026-08-26,C,500.0
38,D-216,179638,2019,Volvo,S60,MOMENTUM,GRAY,62975,Yes,3.3,2026-08-26,D,13000.0
35,B-061,179901,2017,Volvo,S60,DYNAMIC,SILVER,91484,Yes,3.0,2026-08-26,B,4600.0
34,C-391,179139,2019,Volvo,XC60,MOMENTUM,BLACK,73832,Yes,3.6,2026-08-26,C,13000.0
24,A-141,179042,2018,Volvo,XC60,R-DESIGN,WHITE,83793,Yes,"",2026-08-26,A,13200.0
8,B-254,179291,2023,Volvo,XC90,PLUS,BLACK,101670,No,"",2026-08-26,B,19200.0
35,D-141.7,179786,2021,Volvo,XC90,"",BLUE,43665,Yes,3.9,2026-08-26,D,25600.0
10,B-152,178761,2018,Volvo,XC90,"",GRAY,85286,No,"",2026-08-26,B,11800.0
33,C-113.1,179269,2017,Volvo,XC90,"",WHITE,107542,Yes,3.1,2026-08-26,C,7800.0
