Picture Count,Run Number,Stock #,Year,Make,Model,Style,Color,Odometer,CR,Grade,Sale Date,Lane,Price
41,D-143,175682,2022,Acura,ILX,W/PREMIUM/A-SPEC,WHITE,99823,Yes,3.0,2026-08-05,D,14400.0
25,A-117,175032,2021,Acura,ILX,W/PREMIUM PACKAG,GRAY,55658,Yes,"",2026-08-05,A,16500.0
30,C-252,175257,2021,Acura,ILX,W/PREMIUM PACKAG,GRAY,74030,Yes,4.3,2026-08-05,C,17900.0
0,O-005,175057,2025,Acura,Integra,CVT,SILVER,14074,No,"",2026-08-05,O,25000.0
27,A-221,172814,2025,Acura,Integra,Type S,BLACK,10293,Yes,4.8,2026-08-05,A,45400.0
32,D-056,174995,2024,Acura,Integra,W/A-SPEC TEC,WHITE,19869,Yes,4.0,2026-08-05,D,27500.0
0,W-007,175535,2025,Acura,MDX,W/A-SPEC PACKAGE,BLACK,35475,No,"",2026-08-05,W,42800.0
26,W-012,173980,2025,Acura,MDX,W/TECHNOLOGY PAC,BLACK,8906,Yes,4.8,2026-08-05,W,47000.0
25,C-262,175755,2024,Acura,MDX,"",SILVER,16460,Yes,4.6,2026-08-05,C,36000.0
35,D-041,175593,2024,Acura,MDX,SH-,WHITE,24532,Yes,4.0,2026-08-05,D,34200.0
29,D-145.2,175726,2024,Acura,MDX,W/TECHNOLOGY PAC,BLACK,17340,Yes,4.8,2026-08-05,D,38600.0
24,B-018,175976,2024,Acura,MDX,W/TECHNOLOGY PAC,BLACK,44084,Yes,"",2026-08-05,B,30600.0
31,C-253,175214,2023,Acura,MDX,W/TECHNOLOGY PAC,BLACK,66400,Yes,3.9,2026-08-05,C,28000.0
29,C-290,172921,2019,Acura,MDX,W/TECHNOLOGY PKG,BROWN,42897,Yes,4.2,2026-08-05,C,22600.0
9,B-420,175249,2010,Acura,MDX,TECHNOLOGY PKG,BURGUNDY,141618,No,"",2026-08-05,B,3600.0
25,C-257,175231,2025,Acura,RDX,SH-,BLACK,14713,Yes,4.9,2026-08-05,C,36300.0
0,X-018,176152,2025,Acura,RDX,W/A-SPEC PACKAGE,BLACK,15236,No,"",2026-08-05,X,39500.0
27,C-250,175213,2024,Acura,RDX,SH-,RED,8205,Yes,4.3,2026-08-05,C,32200.0
26,W-006,173984,2024,Acura,RDX,W/A-SPEC ADVANCE,GRAY,24811,Yes,4.7,2026-08-05,W,36500.0
0,X-007,175374,2024,Acura,RDX,W/A-SPEC PACKAGE,GRAY,45020,No,"",2026-08-05,X,32600.0
33,A-129,175404,2021,Acura,RDX,W/ADVANCE PACKAG,WHITE,98793,Yes,4.0,2026-08-05,A,20400.0
30,B-417,175049,2020,Acura,RDX,W/A-SPEC PKG,BLACK,50923,Yes,4.2,2026-08-05,B,24000.0
8,D-142,172241,2020,Acura,RDX,W/A-SPEC PKG,BLACK,102333,No,"",2026-08-05,D,17800.0
38,D-151,175150,2019,Acura,RDX,W/ADVANCE PKG,GRAY,80994,Yes,4.4,2026-08-05,D,19000.0
27,B-416,175045,2019,Acura,RDX,W/TECHNOLOGY PKG,RED,47392,Yes,4.4,2026-08-05,B,23100.0
30,D-222.7,175712,2019,Acura,RDX,W/TECHNOLOGY PKG,WHITE,74066,Yes,4.6,2026-08-05,D,19000.0
8,A-020,174903,2013,Acura,RDX,TECH PKG,BLACK,221552,No,"",2026-08-05,A,2400.0
36,D-222.6,175717,2008,Acura,RL,TECH PKG,BLACK,140208,Yes,2.4,2026-08-05,D,2300.0
40,A-123,175392,2013,Acura,TL,Advance,BURGUNDY,90379,Yes,3.6,2026-08-05,A,7700.0
8,B-423,175344,2012,Acura,TL,TECH AUTO,BLACK,155093,No,"",2026-08-05,B,2300.0
8,A-349,174957,2012,Acura,TL,TECH AUTO,GRAY,128954,No,"",2026-08-05,A,5000.0
7,C-210,175084,2015,Acura,TLX,V6,WHITE,121372,No,"",2026-08-05,C,7200.0
28,B-083,174928,2023,Alfa Romeo,Giulia,"",WHITE,60208,Yes,4.3,2026-08-05,B,14600.0
0,O-002,174937,2022,Alfa Romeo,Giulia,VELOCE,BLACK,56469,No,"",2026-08-05,O,19750.0
28,D-130,172894,2022,Alfa Romeo,Giulia,VELOCE,WHITE,17357,Yes,4.3,2026-08-05,D,24000.0
31,C-168,175009,2019,Alfa Romeo,Giulia,"",RED,69959,Yes,4.2,2026-08-05,C,11400.0
9,C-169,175547,2019,Alfa Romeo,Giulia,SPORT,BLUE,113063,No,"",2026-08-05,C,6600.0
28,B-436,175283,2021,Alfa Romeo,Stelvio,TI,RED,33213,Yes,4.5,2026-08-05,B,19800.0
8,A-136,175584,2018,Audi,A3,SEDAN PREMIUM,WHITE,107166,No,"",2026-08-05,A,7600.0
40,D-193,173776,2018,Audi,A3,SEDAN PREMIUM,GRAY,74951,Yes,2.2,2026-08-05,D,6000.0
35,C-428,175557,2016,Audi,A3,1.8T PREMIUM,WHITE,80151,Yes,2.1,2026-08-05,C,6000.0
9,B-354,175153,2016,Audi,A3,2.0T PREMIUM,GRAY,44834,No,"",2026-08-05,B,9000.0
8,D-022,175940,2016,Audi,A3,E-TRON PREMIUM PL,BLACK,174148,No,"",2026-08-05,D,2800.0
28,B-404,175306,2015,Audi,A3,1.8T PREMIUM PLUS,BLACK,102021,Yes,2.8,2026-08-05,B,5000.0
0,A-006,175617,2007,Audi,A3,4DR HB MANUAL FRO,WHITE,180395,No,"",2026-08-05,A,600.0
37,F-157,170525,2021,Audi,A4,SEDAN S LINE PREM,WHITE,99306,Yes,4.6,2026-08-05,F,11400.0
36,A-216.2,173367,2021,Audi,A4,SEDAN S LINE PREM,BLACK,39032,Yes,3.7,2026-08-05,A,17400.0
34,B-443,174102,2018,Audi,A4,Premium Plus,BLUE,85404,Yes,4.2,2026-08-05,B,8000.0
23,B-139,176033,2016,Audi,A4,Premium,BLACK,106790,Yes,"",2026-08-05,B,4200.0
30,C-273,175418,2023,Audi,A5,SPORTBACK PREMIUM,WHITE,55346,Yes,4.3,2026-08-05,C,22200.0
38,B-440,175288,2019,Audi,A5,SPORTBACK PREMIUM,GRAY,51493,Yes,3.7,2026-08-05,B,17800.0
32,B-408,175300,2018,Audi,A5,COUPE PREMIUM,WHITE,96948,Yes,4.2,2026-08-05,B,12000.0
27,A-208,175925,2012,Audi,A5,2.0T PREMIUM PLUS,GRAY,39327,Yes,4.9,2026-08-05,A,10600.0
29,B-399,175054,2013,Audi,A6,"",SILVER,56766,Yes,3.2,2026-08-05,B,9200.0
8,C-306,175206,2013,Audi,A6,2.0T PREMIUM PLUS,BLACK,158091,No,"",2026-08-05,C,3000.0
36,B-435,170006,2012,Audi,A7,"",BLACK,103308,Yes,4.3,2026-08-05,B,2800.0
30,A-128,175402,2025,Audi,All-New Q5,"",GREEN,2317,Yes,4.5,2026-08-05,A,39800.0
8,D-093,175879,2019,Audi,e-tron,Prestige,WHITE,97662,No,"",2026-08-05,D,13400.0
27,C-067,172815,2024,Audi,Q3,S LINE PREMIUM,WHITE,47578,Yes,4.5,2026-08-05,C,21600.0
10,A-163,175715,2015,Audi,Q3,2.0T PREMIUM PLUS,BLACK,126556,No,"",2026-08-05,A,2600.0
32,C-271,175396,2023,Audi,Q3 S-Line,Premium,BLACK,20808,Yes,4.5,2026-08-05,C,24400.0
27,B-444,175512,2020,Audi,Q3 S-Line,Prestige,WHITE,31844,Yes,4.5,2026-08-05,B,22800.0
26,C-106,175280,2021,Audi,Q5,PREMIUM,BLACK,114125,Yes,"",2026-08-05,C,9200.0
35,A-206,174775,2020,Audi,Q5,PREMIUM,BLUE,79239,Yes,3.7,2026-08-05,A,10000.0
0,X-014,175877,2023,Audi,Q5 S-Line,PREMIUM PL,WHITE,33250,No,"",2026-08-05,X,24200.0
29,B-406,175309,2022,Audi,Q7,PREMIUM PLUS,WHITE,45531,Yes,4.5,2026-08-05,B,27100.0
30,A-207,175917,2020,Audi,Q7,Premium,WHITE,48345,Yes,3.6,2026-08-05,A,17000.0
27,B-438,175246,2019,Audi,Q7,"",BLACK,29665,Yes,4.5,2026-08-05,B,25000.0
9,B-118,175927,2018,Audi,Q7,Premium Plus,BLACK,120668,No,"",2026-08-05,B,8400.0
29,C-272,175411,2023,Audi,SQ5,SPORTBACK PRESTI,SILVER,34774,Yes,3.8,2026-08-05,C,37200.0
26,X-012,174110,2021,Audi,SQ5,Premium Plus,WHITE,58061,Yes,4.6,2026-08-05,X,26500.0
24,C-047,173903,2018,Audi,SQ5,Premium Plus,WHITE,94532,Yes,"",2026-08-05,C,14000.0
30,B-441,175285,2018,Audi,TTS,2.0 TFSI,BLUE,51806,Yes,4.0,2026-08-05,B,29400.0
36,D-223.1,175735,2014,Bentley,CONTINENTAL GT 2DR C,"",BLUE,25294,Yes,4.5,2026-08-05,D,66500.0
23,A-010,174881,2013,BMW,1-Series,128i,BLACK,107098,Yes,"",2026-08-05,A,3300.0
24,C-077,175234,2025,BMW,2-Series,230i,WHITE,3129,Yes,4.8,2026-08-05,C,34200.0
29,B-100,174356,2025,BMW,3-Series,330i xDrive,BLACK,26216,Yes,4.3,2026-08-05,B,29800.0
31,C-340,175328,2021,BMW,3-Series,330i,WHITE,28309,Yes,4.4,2026-08-05,C,23900.0
37,D-053,175727,2020,BMW,3-Series,330i,BLUE,56840,Yes,3.6,2026-08-05,D,19400.0
37,F-202,166469,2017,BMW,3-Series,330I XDRIVE,BLUE,98083,Yes,1.9,2026-08-05,F,1900.0
7,B-393.6,175601,2017,BMW,3-Series,330I XDRIVE,WHITE,93416,No,"",2026-08-05,B,7400.0
8,A-200,175915,2016,BMW,3-Series,328i,WHITE,155058,No,"",2026-08-05,A,3300.0
25,B-085,174931,2015,BMW,3-Series,320i,BLACK,118263,Yes,"",2026-08-05,B,2800.0
47,D-020,175583,2015,BMW,3-Series,328I XDRIVE,GRAY,108468,Yes,3.1,2026-08-05,D,3500.0
45,C-320,175688,2012,BMW,3-Series,328i,WHITE,51285,Yes,1.3,2026-08-05,C,4000.0
11,B-242.4,175908,2007,BMW,3-Series,328i,SILVER,186603,No,"",2026-08-05,B,1000.0
0,X-019,176198,2024,BMW,4-Series,430i,BLACK,55678,No,"",2026-08-05,X,29000.0
5,D-033,174415,2019,BMW,4-Series,430i,WHITE,119644,No,"",2026-08-05,D,8300.0
25,B-244,175777,2017,BMW,4-Series,440I,BLACK,71334,Yes,4.5,2026-08-05,B,13450.0
30,D-100,175944,2021,BMW,5-Series,530i,GRAY,73196,Yes,4.4,2026-08-05,D,19800.0
30,D-252,175253,2019,BMW,5-Series,530i,BLUE,51231,Yes,4.6,2026-08-05,D,18400.0
23,C-396,175164,2019,BMW,5-Series,540I XDRIVE,WHITE,68308,Yes,"",2026-08-05,C,15000.0
9,B-107.5,175844,2014,BMW,5-Series,535i,BLUE,131103,No,"",2026-08-05,B,2300.0
42,F-205,170493,2014,BMW,5-Series,535i,WHITE,107949,Yes,2.7,2026-08-05,F,800.0
28,B-027,175515,2011,BMW,5-Series,550i,BLACK,108146,Yes,2.6,2026-08-05,B,2300.0
31,B-447,173851,2018,BMW,6-Series,640I,WHITE,49284,Yes,3.9,2026-08-05,B,25500.0
27,B-221,175125,2019,BMW,7-Series,740i,WHITE,98418,Yes,4.1,2026-08-05,B,14200.0
7,B-279,169063,2019,BMW,7-Series,M760I XDRIV,BLACK,54647,No,"",2026-08-05,B,31800.0
30,D-255,175970,2024,BMW,i5,M60,BLACK,11967,Yes,4.6,2026-08-05,D,57400.0
8,C-366,176165,2020,BMW,X1,sDrive28i,BLACK,81819,No,"",2026-08-05,C,11600.0
47,B-141,175974,2017,BMW,X1,sDrive28i,WHITE,77005,Yes,3.5,2026-08-05,B,6800.0
29,B-394.1,175634,2020,BMW,X2,sDrive28i,BLACK,65501,Yes,4.2,2026-08-05,B,13900.0
24,X-004,174344,2024,BMW,X3,sDrive30i,GRAY,17665,Yes,5.0,2026-08-05,X,33200.0
39,C-421,175445,2022,BMW,X3,sDrive30i,WHITE,48458,Yes,3.5,2026-08-05,C,19400.0
38,F-017,166452,2022,BMW,X3,XDrive30i,WHITE,53733,Yes,2.9,2026-08-05,F,19500.0
40,F-109,166458,2021,BMW,X3,sDrive30i,SILVER,57979,Yes,1.4,2026-08-05,F,15400.0
27,B-306,175134,2021,BMW,X3,sDrive30i,BLACK,38848,Yes,4.1,2026-08-05,B,22000.0
40,A-225.2,176089,2020,BMW,X3,sDrive30i,BLACK,77825,Yes,3.5,2026-08-05,A,12600.0
38,A-146,174984,2018,BMW,X3,XDrive30i,GRAY,65553,Yes,3.6,2026-08-05,A,12800.0
44,B-108.4,175892,2013,BMW,X3,XDrive28i,BLACK,95567,Yes,3.5,2026-08-05,B,3400.0
26,C-162,176142,2024,BMW,X4,M SPORTS ACTIVITY,GRAY,35991,Yes,4.4,2026-08-05,C,57500.0
31,A-150,172945,2024,BMW,X4,XDrive30i,BLACK,34614,Yes,3.7,2026-08-05,A,33000.0
26,D-251,175055,2025,BMW,X5,sDrive40i,GREEN,19441,Yes,4.7,2026-08-05,D,54000.0
34,B-210,173470,2021,BMW,X5,M50i,BLUE,40861,Yes,3.8,2026-08-05,B,39400.0
8,B-395.6,176141,2017,BMW,X5,XDrive35i,BLACK,136822,No,"",2026-08-05,B,6200.0
38,A-048,175030,2016,BMW,X5,EDRIVE XDRIVE40E,SILVER,72435,Yes,3.8,2026-08-05,A,8600.0
39,D-238,175095,2016,BMW,X5,XDrive35i,WHITE,139934,Yes,4.3,2026-08-05,D,7200.0
28,B-098,175247,2016,BMW,X5,XDrive35i,SILVER,117577,Yes,4.2,2026-08-05,B,8000.0
30,C-069,175347,2015,BMW,X5,XDrive35i,BLUE,42423,Yes,"",2026-08-05,C,10000.0
8,B-421,175336,2015,BMW,X5,XDrive35i,BLACK,138746,No,"",2026-08-05,B,5200.0
7,B-469,175823,2006,BMW,X5,3.0I,GRAY,215523,No,"",2026-08-05,B,500.0
28,F-011,171048,2025,Buick,Enclave,SPORT TOURIN,BLACK,15089,Yes,4.6,2026-08-05,F,35600.0
34,A-196,176119,2023,Buick,Enclave,Avenir,GRAY,50441,Yes,4.1,2026-08-05,A,30000.0
31,B-298,172319,2023,Buick,Enclave,Essence,BLUE,34337,Yes,3.9,2026-08-05,B,24700.0
36,D-102.2,175987,2016,Buick,Enclave,Leather,BROWN,112329,Yes,2.1,2026-08-05,D,4200.0
28,B-296,175092,2022,Buick,Encore,Preferred,SILVER,15436,Yes,4.5,2026-08-05,B,16900.0
34,F-145,171841,2021,Buick,Encore,Preferred,BLUE,36781,Yes,2.3,2026-08-05,F,11600.0
28,D-046,175016,2019,Buick,Encore,Essence,BLACK,91828,Yes,3.3,2026-08-05,D,5500.0
24,B-126,175366,2018,Buick,Encore,Preferred,WHITE,79241,Yes,"",2026-08-05,B,6800.0
24,C-095,174866,2015,Buick,Encore,4DR,WHITE,106266,Yes,"",2026-08-05,C,1600.0
28,A-079,175626,2025,Buick,Encore GX,Preferred,WHITE,30821,Yes,4.5,2026-08-05,A,17700.0
27,C-163.1,176156,2023,Buick,Encore GX,Select,BLUE,8341,Yes,4.2,2026-08-05,C,18000.0
27,C-159,176127,2023,Buick,Encore GX,Select,BLACK,20144,Yes,4.2,2026-08-05,C,17800.0
9,B-274,174971,2010,Buick,LaCrosse,CXL,WHITE,100445,No,"",2026-08-05,B,1700.0
26,B-465,173935,2013,Buick,Regal,TURBO PREMIUM,BLUE,153386,Yes,"",2026-08-05,B,700.0
56,D-025,174988,2016,Cadillac,ATS,SEDAN STANDARD R,WHITE,109627,Yes,1.8,2026-08-05,D,2200.0
7,A-381,176125,2013,Cadillac,CTS,SEDAN LUXURY,BLACK,121490,No,"",2026-08-05,A,1700.0
27,A-148,174991,2024,Cadillac,Escalade,ESV PRE,WHITE,44986,Yes,"",2026-08-05,A,65000.0
33,C-414,172345,2023,Cadillac,Escalade,SPORT P,WHITE,29995,Yes,3.8,2026-08-05,C,50000.0
36,F-214,168106,2018,Cadillac,Escalade,ESV Premium,BLACK,142185,Yes,2.0,2026-08-05,F,4800.0
33,C-117,176018,2018,Cadillac,Escalade,Luxury,BLACK,121327,Yes,3.7,2026-08-05,C,13600.0
9,D-005,175819,2012,Cadillac,SRX,LUXURY COLLECTIO,BLACK,135945,No,"",2026-08-05,D,1200.0
22,C-109,175442,2012,Cadillac,SRX,PERFORMANCE COLL,BLACK,116113,Yes,"",2026-08-05,C,500.0
8,C-328,175168,2011,Cadillac,SRX,PERFORMANCE COLL,BLACK,157213,No,"",2026-08-05,C,1100.0
31,C-152,174616,2023,Cadillac,XT4,PREMIUM LUXU,SILVER,35212,Yes,3.1,2026-08-05,C,23300.0
23,C-156,176063,2023,Cadillac,XT4,PREMIUM LUXU,WHITE,67577,Yes,"",2026-08-05,C,19000.0
33,C-151,174615,2022,Cadillac,XT4,Luxury,GRAY,51610,Yes,3.4,2026-08-05,C,19200.0
39,A-046,175029,2019,Cadillac,XT4,Sport,WHITE,78078,Yes,3.0,2026-08-05,A,15500.0
24,D-295,175502,2019,Cadillac,XT5,Luxury,WHITE,129830,Yes,"",2026-08-05,D,5400.0
28,B-429,175335,2017,Cadillac,XT5,"",BLACK,116616,Yes,3.7,2026-08-05,B,4800.0
37,A-375.1,176108,2021,Cadillac,XT6,Premium Luxury,BLACK,74385,Yes,3.7,2026-08-05,A,19800.0
28,D-250,175050,2016,Cadillac,XTS,LUXURY COLLECTIO,WHITE,26561,Yes,4.0,2026-08-05,D,16800.0
23,A-239,174072,2016,Cadillac,XTS,Platinum,RED,92054,Yes,"",2026-08-05,A,12000.0
43,F-023,170519,2022,Chevrolet,Blazer,RS,BLACK,70831,Yes,2.3,2026-08-05,F,18400.0
28,F-030,171127,2021,Chevrolet,Blazer,LT,RED,58290,Yes,4.3,2026-08-05,F,15400.0
7,B-159.3,175790,2020,Chevrolet,Blazer,LT,SILVER,91490,No,"",2026-08-05,B,10800.0
23,A-027,174443,2020,Chevrolet,Blazer,Premier,WHITE,75757,Yes,4.8,2026-08-05,A,20600.0
34,C-357,175359,2019,Chevrolet,Blazer,4DR W/3LT,BLACK,78508,Yes,3.7,2026-08-05,C,13400.0
8,C-143,174185,2019,Chevrolet,Blazer,RS,BROWN,100880,No,"",2026-08-05,C,12000.0
23,B-456,175949,2020,Chevrolet,Camaro,1SS,BLUE,47493,Yes,"",2026-08-05,B,26400.0
40,F-131,171917,2018,Chevrolet,Camaro,1LT,WHITE,169310,Yes,1.6,2026-08-05,F,4000.0
8,B-395.7,176159,2017,Chevrolet,Camaro,1LT,BLACK,100298,No,"",2026-08-05,B,8000.0
24,B-084,169903,2013,Chevrolet,Camaro,LT,BLACK,49838,Yes,"",2026-08-05,B,4000.0
9,B-005,175759,2014,Chevrolet,Captiva Sport,FLEET,WHITE,133826,No,"",2026-08-05,B,500.0
32,D-086,175840,2024,Chevrolet,Colorado, WORK TR,WHITE,24200,Yes,4.1,2026-08-05,D,23200.0
33,A-156,175037,2021,Chevrolet,Colorado,ZR2,WHITE,79460,Yes,3.9,2026-08-05,A,25200.0
8,B-285,174972,2019,Chevrolet,Colorado, WORK TR,SILVER,109886,No,"",2026-08-05,B,12400.0
30,B-217,175138,2019,Chevrolet,Colorado,ZR2,WHITE,112076,Yes,3.6,2026-08-05,B,19000.0
33,F-093,166328,2016,Chevrolet,Corvette,1LT,RED,56485,Yes,1.8,2026-08-05,F,32200.0
8,C-167,169776,2016,Chevrolet,Cruze Limited,LT,GRAY,158449,No,"",2026-08-05,C,1500.0
34,D-090,175866,2024,Chevrolet,Equinox,LS,GRAY,27456,Yes,3.5,2026-08-05,D,16800.0
23,C-439,175901,2024,Chevrolet,Equinox,RS,WHITE,45634,Yes,"",2026-08-05,C,19600.0
7,C-407,175210,2020,Chevrolet,Equinox,LS,WHITE,91203,No,"",2026-08-05,C,8500.0
24,B-021,170088,2020,Chevrolet,Equinox,LT,BLUE,81571,Yes,"",2026-08-05,B,5800.0
34,B-070,175506,2020,Chevrolet,Equinox,LT,BLACK,54121,Yes,4.1,2026-08-05,B,13400.0
8,B-188,175346,2019,Chevrolet,Equinox,LS,BLACK,95095,No,"",2026-08-05,B,5700.0
40,F-081,169198,2019,Chevrolet,Equinox,LT,BROWN,113464,Yes,1.8,2026-08-05,F,4600.0
34,D-120,175827,2016,Chevrolet,Equinox,LT,GRAY,95817,Yes,3.7,2026-08-05,D,5800.0
10,D-004,175786,2014,Chevrolet,Equinox,LT,BLUE,131561,No,"",2026-08-05,D,600.0
8,B-167,174970,2014,Chevrolet,Equinox,LT,BLACK,149678,No,"",2026-08-05,B,900.0
10,C-118,175883,2013,Chevrolet,Equinox,LS,SILVER,164051,No,"",2026-08-05,C,900.0
8,C-270,173944,2012,Chevrolet,Equinox,LS,GOLD,110578,No,"",2026-08-05,C,1400.0
23,C-105,174916,2012,Chevrolet,Equinox,LS,GRAY,126756,Yes,"",2026-08-05,C,600.0
7,C-416,175271,2012,Chevrolet,Equinox,LTZ,GOLD,163604,No,"",2026-08-05,C,700.0
9,C-300,175350,2008,Chevrolet,Equinox,LT,GRAY,190953,No,"",2026-08-05,C,500.0
29,F-007,169156,2026,Chevrolet,Equinox EV,LT1 W/PCY,BLACK,6165,Yes,4.9,2026-08-05,F,25800.0
8,B-457,175951,2018,Chevrolet,Impala,Premier,WHITE,100522,No,"",2026-08-05,B,9500.0
8,A-348,174955,2016,Chevrolet,Impala,LS,BLACK,115425,No,"",2026-08-05,A,6000.0
8,C-110,174656,2015,Chevrolet,Impala,LTZ,SILVER,137132,No,"",2026-08-05,C,4200.0
24,A-190,175884,2014,Chevrolet,Impala,LS,BLUE,36686,Yes,"",2026-08-05,A,4700.0
8,C-417,175284,2013,Chevrolet,Impala,LT,BLACK,87610,No,"",2026-08-05,C,1700.0
7,C-144,175628,2013,Chevrolet,Impala,LT,WHITE,127402,No,"",2026-08-05,C,2500.0
8,B-359,175294,2005,Chevrolet,Impala,LS,WHITE,108849,No,"",2026-08-05,B,1300.0
7,A-140,175720,2004,Chevrolet,Impala,4DR SDN,SILVER,146906,No,"",2026-08-05,A,700.0
46,F-210,169067,2021,Chevrolet,Malibu,LT,BLUE,105842,Yes,1.5,2026-08-05,F,1400.0
27,A-159,175089,2019,Chevrolet,Malibu,LT,WHITE,21539,Yes,"",2026-08-05,A,13600.0
8,D-013,175023,2015,Chevrolet,Malibu,LS,WHITE,164440,No,"",2026-08-05,D,1000.0
7,A-290,176070,2012,Chevrolet,Malibu,LT W/1LT,SILVER,166558,No,"",2026-08-05,A,700.0
25,B-361,175178,2024,Chevrolet,Silverado 1500,LTZ,RED,21204,Yes,4.9,2026-08-05,B,42200.0
27,C-437,175870,2023,Chevrolet,Silverado 1500,RST,WHITE,10294,Yes,4.5,2026-08-05,C,37000.0
27,B-095,175195,2022,Chevrolet,Silverado 1500,RST,BLACK,88163,Yes,4.1,2026-08-05,B,27800.0
38,D-035,174422,2021,Chevrolet,Silverado 1500,CUSTO,GRAY,92428,Yes,3.6,2026-08-05,D,16400.0
24,B-108.7,175963,2021,Chevrolet,Silverado 1500,RST,GRAY,85631,Yes,"",2026-08-05,B,31200.0
40,F-105,172135,2020,Chevrolet,Silverado 1500,LT,WHITE,99225,Yes,2.1,2026-08-05,F,11000.0
25,C-115,174226,2019,Chevrolet,Silverado 1500,CUSTO,GRAY,112183,Yes,"",2026-08-05,C,11800.0
38,B-108,175440,2019,Chevrolet,Silverado 1500,CUSTO,BLACK,90600,Yes,3.4,2026-08-05,B,22200.0
8,A-172,175826,2018,Chevrolet,Silverado 1500,LT,SILVER,137465,No,"",2026-08-05,A,13000.0
9,A-314.1,175550,2018,Chevrolet,Silverado 1500,LT,SILVER,208732,No,"",2026-08-05,A,6700.0
7,C-220,175436,2017,Chevrolet,Silverado 1500,LT,GRAY,131075,No,"",2026-08-05,C,11500.0
44,F-112,171905,2014,Chevrolet,Silverado 1500,LT,SILVER,121801,Yes,2.2,2026-08-05,F,8000.0
8,B-204,175060,2013,Chevrolet,Silverado 1500,LT,GRAY,295529,No,"",2026-08-05,B,1900.0
25,C-405,173694,2012,Chevrolet,Silverado 1500,LS,BLUE,190179,Yes,"",2026-08-05,C,3100.0
9,B-109,175447,2007,Chevrolet,Silverado 1500,LT W/,GRAY,87832,No,"",2026-08-05,B,7600.0
7,C-001,175063,2006,Chevrolet,Silverado 1500,LS,BLACK,242747,No,"",2026-08-05,C,2600.0
7,B-077,173416,2022,Chevrolet,Silverado 1500 LTD,L,BLACK,129984,No,"",2026-08-05,B,15600.0
28,B-076,175194,2020,Chevrolet,Silverado 2500,2500HD LT,BLUE,112483,Yes,4.4,2026-08-05,B,25800.0
8,C-431,175692,2019,Chevrolet,Silverado 2500,2500HD WOR,WHITE,148546,No,"",2026-08-05,C,18500.0
27,B-003,175710,2017,Chevrolet,Sonic,LT,WHITE,77661,Yes,"",2026-08-05,B,600.0
37,B-139.8,176069,2019,Chevrolet,Spark,LS,PURPLE,38883,Yes,4.0,2026-08-05,B,6800.0
9,A-155,175036,2013,Chevrolet,Spark,LT,SILVER,129025,No,"",2026-08-05,A,1300.0
39,F-115,172058,2020,Chevrolet,Suburban,LT,BLACK,119677,Yes,2.4,2026-08-05,F,12200.0
9,C-310,175386,2019,Chevrolet,Suburban,LT,BLACK,170257,No,"",2026-08-05,C,8200.0
35,D-278,174304,2018,Chevrolet,Suburban,LT,BLACK,137177,Yes,3.9,2026-08-05,D,11600.0
34,B-395,175492,2023,Chevrolet,Tahoe,Z71,WHITE,40463,Yes,4.4,2026-08-05,B,53000.0
38,B-086,174935,2020,Chevrolet,Tahoe,LT,GRAY,98121,Yes,3.2,2026-08-05,B,19800.0
33,A-375.2,176109,2016,Chevrolet,Tahoe,LT,WHITE,82563,Yes,3.1,2026-08-05,A,15800.0
23,B-069,175631,2016,Chevrolet,Tahoe,LTZ,BLACK,105107,Yes,"",2026-08-05,B,15000.0
8,B-412,176188,2015,Chevrolet,Tahoe,LTZ,WHITE,81027,No,"",2026-08-05,B,17800.0
7,A-144,175860,2014,Chevrolet,Tahoe,COMMERCIAL,WHITE,157566,No,"",2026-08-05,A,4200.0
30,C-391,175148,2023,Chevrolet,Traverse,Premier,WHITE,18429,Yes,4.0,2026-08-05,C,30800.0
38,D-123,175841,2022,Chevrolet,Traverse,LT CLOTH,GREEN,72405,Yes,4.3,2026-08-05,D,18600.0
42,F-062,169753,2020,Chevrolet,Traverse,RS,SILVER,90531,Yes,2.9,2026-08-05,F,15000.0
9,B-108.2,175876,2018,Chevrolet,Traverse,LT LEATHER,WHITE,145857,No,"",2026-08-05,B,6200.0
45,F-118,172757,2014,Chevrolet,Traverse,LTZ,WHITE,124868,Yes,2.5,2026-08-05,F,1800.0
27,C-430,175687,2024,Chevrolet,Trax,2RS,BLACK,28953,Yes,4.3,2026-08-05,C,18500.0
28,C-141,174184,2024,Chevrolet,Trax,2RS,GREEN,17024,Yes,4.2,2026-08-05,C,20600.0
37,F-033,170465,2021,Chevrolet,Trax,LS,SILVER,33451,Yes,3.9,2026-08-05,F,12200.0
38,F-055,170393,2020,Chevrolet,Trax,LS,RED,74420,Yes,2.5,2026-08-05,F,6000.0
8,C-226,175526,2020,Chevrolet,Trax,LS,SILVER,139836,No,"",2026-08-05,C,2200.0
33,A-302,176042,2019,Chevrolet,Trax,LS,BLACK,96836,Yes,3.9,2026-08-05,A,4400.0
24,A-216.9,175981,2017,Chevrolet,Volt,Premier,BLUE,44582,Yes,"",2026-08-05,A,8000.0
8,B-273,174969,2012,Chrysler,200,Touring,GRAY,78365,No,"",2026-08-05,B,900.0
24,A-366.2,175022,2012,Chrysler,200,Touring,BLACK,78081,Yes,"",2026-08-05,A,800.0
46,D-229,175078,2019,Chrysler,300,300S,GRAY,139058,Yes,3.6,2026-08-05,D,7200.0
36,F-070,168447,2019,Chrysler,300,300S,GRAY,101188,Yes,2.4,2026-08-05,F,9200.0
7,C-307,175208,2014,Chrysler,300,300S,BLACK,126437,No,"",2026-08-05,C,4000.0
23,A-371,174739,2011,Chrysler,300,Limited,BLACK,98296,Yes,"",2026-08-05,A,3800.0
0,O-006,175378,2024,Chrysler,Pacifica,Touring,WHITE,29107,No,"",2026-08-05,O,25600.0
8,C-023,176173,2019,Chrysler,Pacifica,Touring L,SILVER,111717,No,"",2026-08-05,C,8600.0
31,B-033,176067,2019,Chrysler,Pacifica,Touring L,RED,120248,Yes,2.9,2026-08-05,B,5500.0
8,C-215,175433,2017,Chrysler,Pacifica,LX,RED,99703,No,"",2026-08-05,C,7200.0
9,A-241,174978,2015,Chrysler,Town & Country,TOURI,GRAY,194575,No,"",2026-08-05,A,1700.0
9,B-178,175008,2014,Chrysler,Town & Country,TOURI,GRAY,239636,No,"",2026-08-05,B,1500.0
9,C-181,174863,2014,Chrysler,Town & Country,TOURI,BLUE,235781,No,"",2026-08-05,C,900.0
8,D-003,175669,2012,Dodge,Avenger,SE,GRAY,205034,No,"",2026-08-05,D,500.0
23,A-133,175555,2022,Dodge,Challenger,GT,RED,84692,Yes,"",2026-08-05,A,15000.0
8,B-395.5,176133,2022,Dodge,Challenger,GT,SILVER,56720,No,"",2026-08-05,B,18000.0
0,O-004,175039,2023,Dodge,Charger,SXT,RED,54163,No,"",2026-08-05,O,20800.0
23,C-404,175198,2022,Dodge,Charger,R/T,BLACK,34245,Yes,"",2026-08-05,C,24500.0
35,F-092,171900,2021,Dodge,Charger,R/T,BLUE,54705,Yes,2.1,2026-08-05,F,22200.0
8,A-258,175667,2007,Dodge,Dakota,SLT,GRAY,194666,No,"",2026-08-05,A,700.0
24,C-372,175931,2026,Dodge,Durango,GT PLUS HEMI,BLUE,1072,Yes,4.6,2026-08-05,C,40000.0
9,C-296,174859,2021,Dodge,Durango,GT PLUS,SILVER,122719,No,"",2026-08-05,C,9800.0
7,C-415,176116,2013,Dodge,Durango,Citadel,BLACK,199384,No,"",2026-08-05,C,1400.0
7,C-166,174025,2013,Dodge,Durango,Crew,WHITE,142574,No,"",2026-08-05,C,3400.0
39,A-142.3,176135,2019,Dodge,Grand Caravan,SXT,WHITE,119873,Yes,3.3,2026-08-05,A,2100.0
7,B-258,175151,2019,Dodge,Grand Caravan,SXT,WHITE,135283,No,"",2026-08-05,B,4800.0
35,F-135,171664,2018,Dodge,Grand Caravan,SXT,BLACK,179367,Yes,1.4,2026-08-05,F,1200.0
7,A-147,174990,2016,Dodge,Grand Caravan,R/T,BLACK,117941,No,"",2026-08-05,A,5500.0
23,A-262,175686,2016,Dodge,Journey,SE,GRAY,88714,Yes,"",2026-08-05,A,4000.0
8,B-007,175581,2016,Dodge,Journey,SXT,GRAY,151353,No,"",2026-08-05,B,500.0
8,C-112,175732,2014,Dodge,Journey,SXT,BLACK,222227,No,"",2026-08-05,C,1100.0
24,D-292,175493,2017,Fiat,500,Pop,GRAY,96227,Yes,"",2026-08-05,D,2500.0
7,B-367,175137,2014,Fiat,500,Sport,WHITE,97535,No,"",2026-08-05,B,1600.0
42,F-122,169929,2016,Fiat,500X,Trekking,WHITE,132211,Yes,1.5,2026-08-05,F,1000.0
27,A-209,175926,2025,Ford,Bronco,Raptor,BLACK,9221,Yes,4.9,2026-08-05,A,70000.0
29,C-153,176053,2024,Ford,Bronco,Outer Banks,GRAY,14498,Yes,4.4,2026-08-05,C,40700.0
28,D-265,176019,2023,Ford,Bronco,BASE 4 DOOR 4,BLUE,45752,Yes,4.4,2026-08-05,D,31000.0
27,A-075,174216,2023,Ford,Bronco,BLACK DIAMOND,SILVER,30115,Yes,4.9,2026-08-05,A,32400.0
8,B-148,175429,2022,Ford,Bronco,OUTER BANKS,BLUE,48563,No,"",2026-08-05,B,31200.0
25,B-194,172445,2024,Ford,Bronco Sport,BADLAND,WHITE,30716,Yes,"",2026-08-05,B,25600.0
28,C-440,175910,2024,Ford,Bronco Sport,BIG BEN,GRAY,21263,Yes,4.4,2026-08-05,C,22400.0
23,D-091,175871,2022,Ford,Bronco Sport,OUTER B,WHITE,52189,Yes,4.8,2026-08-05,D,20600.0
32,A-216.8,175980,2021,Ford,Bronco Sport,BIG BEN,GRAY,66830,Yes,4.3,2026-08-05,A,15500.0
36,F-010,171938,2022,Ford,Edge,SEL,RED,13902,Yes,4.0,2026-08-05,F,21000.0
45,F-068,167011,2020,Ford,Edge,Titanium,GRAY,98360,Yes,1.3,2026-08-05,F,5000.0
9,C-187,174871,2018,Ford,Edge,Titanium,GRAY,126281,No,"",2026-08-05,C,5500.0
26,B-419,175305,2016,Ford,Edge,SEL,YELLOW,83589,Yes,4.5,2026-08-05,B,8200.0
24,A-134,175556,2013,Ford,Edge,SE,SILVER,93343,Yes,"",2026-08-05,A,3000.0
24,B-177,172143,2023,Ford,Escape,ACTIVE,GRAY,20631,Yes,"",2026-08-05,B,17800.0
33,D-051,175582,2021,Ford,Escape,SE,RED,92791,Yes,4.0,2026-08-05,D,6600.0
42,F-098,169196,2020,Ford,Escape,SE,GRAY,77966,Yes,1.3,2026-08-05,F,4800.0
9,A-337,175780,2020,Ford,Escape,SE,GRAY,135895,No,"",2026-08-05,A,3100.0
37,F-102,169955,2019,Ford,Escape,SE,GRAY,90437,Yes,1.3,2026-08-05,F,4000.0
27,C-313,175623,2018,Ford,Escape,Titanium,SILVER,42709,Yes,4.3,2026-08-05,C,12000.0
46,B-123,175364,2017,Ford,Escape,SE,SILVER,74490,Yes,2.6,2026-08-05,B,2200.0
37,F-140,171377,2017,Ford,Escape,SE,SILVER,172307,Yes,1.3,2026-08-05,F,600.0
32,C-303,175201,2014,Ford,Escape,S,WHITE,79723,Yes,3.6,2026-08-05,C,3200.0
29,D-073,175797,2020,Ford,Expedition,XLT,WHITE,63585,Yes,4.0,2026-08-05,D,21800.0
8,A-130,175407,2018,Ford,Expedition,Limited,SILVER,143455,No,"",2026-08-05,A,9200.0
8,C-093,175741,2012,Ford,Expedition,XLT,BLUE,239734,No,"",2026-08-05,C,600.0
7,C-381,175112,2021,Ford,Expedition Max,"",BLACK,164960,No,"",2026-08-05,C,9800.0
31,A-216.6,175968,2023,Ford,Explorer,XLT,SILVER,24143,Yes,4.0,2026-08-05,A,25000.0
38,D-231,175099,2023,Ford,Explorer,XLT,WHITE,25509,Yes,4.6,2026-08-05,D,26600.0
43,F-156,167877,2020,Ford,Explorer,XLT,GRAY,73610,Yes,1.3,2026-08-05,F,11000.0
31,B-139.3,176071,2019,Ford,Explorer,XLT,GRAY,68121,Yes,4.0,2026-08-05,B,14200.0
37,A-375,176096,2017,Ford,Explorer,Limited,GOLD,99511,Yes,3.8,2026-08-05,A,9000.0
8,B-170,174981,2016,Ford,Explorer,Limited,SILVER,128763,No,"",2026-08-05,B,3000.0
8,C-221,175457,2015,Ford,Explorer,XLT,WHITE,120465,No,"",2026-08-05,C,5200.0
9,A-312,174877,2014,Ford,Explorer,Limited,GRAY,187564,No,"",2026-08-05,A,2800.0
24,B-382,171792,2025,Ford,F150,XLT,WHITE,19282,Yes,"",2026-08-05,B,35000.0
30,B-312,175044,2024,Ford,F150,Raptor,GRAY,21956,Yes,4.6,2026-08-05,B,69500.0
0,O-003,175038,2023,Ford,F150,XL,WHITE,21118,No,"",2026-08-05,O,32900.0
30,D-301,175646,2023,Ford,F150,XLT,WHITE,41699,Yes,4.2,2026-08-05,D,30400.0
36,A-154,166117,2020,Ford,F150,XLT,SILVER,119590,Yes,3.7,2026-08-05,A,13200.0
37,W-009,166499,2019,Ford,F150,XL,WHITE,87589,Yes,3.8,2026-08-05,W,10500.0
8,A-314,174889,2019,Ford,F150,XLT,GRAY,166093,No,"",2026-08-05,A,9200.0
7,C-113,174209,2018,Ford,F150,XLT,GOLD,216995,No,"",2026-08-05,C,6600.0
8,B-372,176122,2013,Ford,F150,LARIAT,BLACK,110029,No,"",2026-08-05,B,12000.0
7,A-314.7,176049,2011,Ford,F150,XLT,BLACK,174101,No,"",2026-08-05,A,3200.0
7,B-383,175308,2010,Ford,F150,LARIAT,BLUE,212239,No,"",2026-08-05,B,3200.0
7,B-044,175749,2010,Ford,F150,PLATINUM,RED,121625,No,"",2026-08-05,B,6600.0
7,B-138,176026,2008,Ford,F150,XL,BLACK,1,No,"",2026-08-05,B,1400.0
7,C-341,175329,2007,Ford,F150,XL,WHITE,128357,No,"",2026-08-05,C,1300.0
46,F-063,172715,2020,Ford,F250SD,"",WHITE,91007,Yes,2.5,2026-08-05,F,15000.0
5,C-434,175833,2020,Ford,F250SD,"",BLACK,92933,No,"",2026-08-05,C,31000.0
41,A-215,172137,2015,Ford,F250SD,"",WHITE,95931,Yes,3.0,2026-08-05,A,31600.0
8,B-004,175711,2018,Ford,Fiesta,SE,BLACK,123342,No,"",2026-08-05,B,900.0
24,A-082,175945,2018,Ford,Fiesta,SE,BLACK,83433,Yes,"",2026-08-05,A,900.0
38,F-212,171908,2014,Ford,Flex,SEL,GRAY,216514,Yes,2.5,2026-08-05,F,500.0
10,C-350,175668,2014,Ford,Focus,SE,RED,146230,No,"",2026-08-05,C,1200.0
8,A-139,175719,2012,Ford,Focus,SE,WHITE,129804,No,"",2026-08-05,A,1700.0
7,C-003,176138,2006,Ford,Focus,SE,SILVER,115893,No,"",2026-08-05,C,600.0
40,F-079,169048,2018,Ford,Fusion,HYBRID SE,SILVER,111852,Yes,1.9,2026-08-05,F,4100.0
40,F-101,172144,2017,Ford,Fusion,SE,BLACK,87929,Yes,1.5,2026-08-05,F,2500.0
40,C-356,175355,2017,Ford,Fusion,SE,SILVER,64219,Yes,2.8,2026-08-05,C,5400.0
9,B-103,175488,2012,Ford,Fusion,SEL,WHITE,182060,No,"",2026-08-05,B,1000.0
7,C-207,174987,2009,Ford,Fusion,SEL,BLACK,195912,No,"",2026-08-05,C,500.0
0,W-005,175437,2022,Ford,Maverick,LARIAT,BLACK,107657,No,"",2026-08-05,W,17500.0
24,A-149,174993,2026,Ford,Mustang,ECOBOOST FAS,WHITE,3486,Yes,4.8,2026-08-05,A,29000.0
8,A-313,174883,2019,Ford,Mustang,ECOBOOST,RED,117808,No,"",2026-08-05,A,8800.0
24,B-242.7,176046,2019,Ford,Mustang,ECOBOOST PRE,RED,75648,Yes,4.6,2026-08-05,B,15800.0
8,B-395.2,176129,2019,Ford,Mustang,ECOBOOST PRE,GRAY,86431,No,"",2026-08-05,B,10800.0
31,F-050,171836,2017,Ford,Mustang,GT,YELLOW,60342,Yes,2.2,2026-08-05,F,21200.0
42,F-134,171350,2016,Ford,Mustang,ECOBOOST,RED,179166,Yes,1.3,2026-08-05,F,1700.0
9,A-307,174876,2016,Ford,Mustang,V6,GRAY,168365,No,"",2026-08-05,A,3600.0
23,B-089,174391,2015,Ford,Mustang,ECOBOOST,BLACK,81523,Yes,"",2026-08-05,B,8200.0
9,A-306,173807,2019,Ford,Ranger,XLT,WHITE,104961,No,"",2026-08-05,A,5600.0
8,C-004,175483,2003,Ford,Ranger,XL,BLACK,286046,No,"",2026-08-05,C,800.0
13,A-305,174948,2019,Ford,T250 Vans,"",WHITE,155954,No,"",2026-08-05,A,7000.0
8,B-900,174606,2019,Ford,T250 Vans,"",WHITE,94778,No,"",2026-08-05,B,8500.0
8,A-216.7,175978,2015,Ford,T250 Vans,"",WHITE,179926,No,"",2026-08-05,A,6400.0
34,C-902,172238,2020,Ford,T350 Vans,"",WHITE,168339,Yes,3.1,2026-08-05,C,9800.0
23,A-216.3,174850,2016,Ford,Transit Connect,XLT,WHITE,98105,Yes,"",2026-08-05,A,5000.0
26,D-136,172495,2025,Genesis,G70,3.3T SPORT ADVAN,GRAY,21214,Yes,4.9,2026-08-05,D,34000.0
24,C-343,175334,2023,Genesis,G70,3.3T,BLUE,28747,Yes,4.6,2026-08-05,C,31200.0
39,F-080,169035,2020,Genesis,G70,2.0T,WHITE,113140,Yes,2.5,2026-08-05,F,10000.0
24,C-289,172761,2023,Genesis,G80,2.5T,BLACK,13048,Yes,4.8,2026-08-05,C,34600.0
29,A-384,175991,2022,Genesis,GV70,2.5T,BLUE,51379,Yes,4.2,2026-08-05,A,24200.0
8,C-148,175990,2018,GMC,Acadia,SLE,BLUE,112273,No,"",2026-08-05,C,5200.0
25,A-044,174945,2018,GMC,Acadia,SLE,RED,49367,Yes,"",2026-08-05,A,10800.0
28,B-384,175320,2024,GMC,Canyon, ELEVATION,BLACK,8690,Yes,4.3,2026-08-05,B,31900.0
8,A-224,175533,2009,GMC,Envoy,Denali,SILVER,164707,No,"",2026-08-05,A,2900.0
26,B-352,175097,2025,GMC,Sierra 1500,ELEVATIO,WHITE,24689,Yes,4.5,2026-08-05,B,43000.0
25,B-291,174976,2024,GMC,Sierra 1500,ELEVATIO,GRAY,12031,Yes,4.9,2026-08-05,B,44500.0
24,C-043,175406,2021,GMC,Sierra 1500,AT4,WHITE,103401,Yes,"",2026-08-05,C,22600.0
7,A-160,175103,2020,GMC,Sierra 1500,AT4,BLUE,104247,No,"",2026-08-05,A,28000.0
9,A-161,175107,2018,GMC,Sierra 1500,SLT,BLUE,112351,No,"",2026-08-05,A,18600.0
42,F-152,167891,2018,GMC,Sierra 1500,SLT,WHITE,184195,Yes,1.7,2026-08-05,F,7200.0
31,A-216.1,173366,2018,GMC,Sierra 1500,SLT,WHITE,112410,Yes,3.9,2026-08-05,A,14900.0
9,B-023,173232,2017,GMC,Sierra 1500,Denali,BLACK,193735,No,"",2026-08-05,B,8400.0
30,B-250,175744,2016,GMC,Sierra 1500,SLT,BLACK,104441,Yes,4.0,2026-08-05,B,20400.0
8,D-010,175573,2014,GMC,Sierra 1500,SLE,WHITE,224563,No,"",2026-08-05,D,4000.0
35,B-366,175155,2025,GMC,Sierra 2500,2500HD DENALI,GRAY,44788,Yes,3.8,2026-08-05,B,60750.0
24,A-090,175024,2024,GMC,Sierra 2500,2500HD DENALI,WHITE,99472,Yes,"",2026-08-05,A,56250.0
25,B-304,175094,2024,GMC,Sierra 2500,2500HD DENALI,GRAY,27068,Yes,4.8,2026-08-05,B,70250.0
28,C-163,176153,2024,GMC,Sierra 2500,2500HD DENALI,WHITE,73488,Yes,4.3,2026-08-05,C,64400.0
23,B-300,168055,2018,GMC,Sierra 2500,2500HD SLT,WHITE,207631,Yes,"",2026-08-05,B,13700.0
34,B-270,174965,2024,GMC,Terrain,SLE,WHITE,46824,Yes,4.3,2026-08-05,B,17400.0
39,C-182,174855,2023,GMC,Terrain,SLT,GRAY,47534,Yes,1.7,2026-08-05,C,14600.0
30,A-040,173991,2020,GMC,Terrain,Denali,WHITE,43077,Yes,4.9,2026-08-05,A,22100.0
39,D-101,175947,2020,GMC,Terrain,SLT,SILVER,102995,Yes,2.1,2026-08-05,D,9000.0
46,F-208,171889,2019,GMC,Terrain,SLE,RED,142410,Yes,1.0,2026-08-05,F,1800.0
32,A-171,175773,2019,GMC,Terrain,SLT,SILVER,48186,Yes,3.9,2026-08-05,A,14800.0
30,D-303,176005,2018,GMC,Terrain,Denali,WHITE,72711,Yes,3.8,2026-08-05,D,8600.0
33,A-165,175739,2018,GMC,Terrain,SLT,WHITE,83909,Yes,3.7,2026-08-05,A,12000.0
8,B-246,174809,2017,GMC,Yukon,SLE,BLACK,169999,No,"",2026-08-05,B,7000.0
25,A-021,173354,2015,GMC,Yukon,Denali,WHITE,131135,Yes,"",2026-08-05,A,12500.0
9,B-313,175495,2015,GMC,Yukon,SLT,GOLD,175851,No,"",2026-08-05,B,7400.0
9,B-129,175373,2015,GMC,Yukon,SLT,BLACK,146922,No,"",2026-08-05,B,7700.0
28,C-435,175857,2023,GMC,Yukon XL,AT4,WHITE,10120,Yes,4.0,2026-08-05,C,63250.0
35,C-146,174640,2022,GMC,Yukon XL,DENALI,WHITE,32314,Yes,3.6,2026-08-05,C,50500.0
24,B-092,174397,2026,Honda,Accord,SEDAN SE,BLACK,3200,Yes,5.0,2026-08-05,B,26600.0
31,A-105,176161,2025,Honda,Accord,SEDAN LX,RED,10895,Yes,4.0,2026-08-05,A,21600.0
28,C-180,174138,2025,Honda,Accord,SEDAN LX,WHITE,29491,Yes,4.2,2026-08-05,C,21000.0
30,A-033,174896,2025,Honda,Accord,SEDAN LX,WHITE,9880,Yes,4.0,2026-08-05,A,22400.0
32,D-075,175805,2025,Honda,Accord,SEDAN LX,WHITE,8912,Yes,4.0,2026-08-05,D,22400.0
23,A-088,175952,2025,Honda,Accord,SEDAN LX,BLACK,30035,Yes,"",2026-08-05,A,18400.0
40,C-195,174891,2025,Honda,Accord,SEDAN SE,BLACK,25609,Yes,2.0,2026-08-05,C,19800.0
31,C-204,174930,2024,Honda,Accord,HYBRID SPORT,BLACK,30551,Yes,4.1,2026-08-05,C,24600.0
29,A-052,175082,2023,Honda,Accord,Hybrid Sport,GRAY,30018,Yes,4.2,2026-08-05,A,23200.0
24,C-080,175471,2023,Honda,Accord,SEDAN LX,WHITE,24538,Yes,4.6,2026-08-05,C,22000.0
27,C-201,174880,2022,Honda,Accord,SEDAN SPORT,WHITE,22937,Yes,4.5,2026-08-05,C,24200.0
46,F-054,171912,2022,Honda,Accord,SEDAN SPORT,RED,72202,Yes,1.3,2026-08-05,F,13000.0
40,C-037,175338,2020,Honda,Accord,SEDAN LX,SILVER,44505,Yes,3.7,2026-08-05,C,17200.0
40,F-005,172608,2020,Honda,Accord,SEDAN SPORT,GRAY,44648,Yes,2.1,2026-08-05,F,16000.0
23,B-207,175088,2019,Honda,Accord,SEDAN SPORT 1,BLACK,88409,Yes,"",2026-08-05,B,13600.0
23,B-422,175342,2019,Honda,Accord,SEDAN SPORT 1,WHITE,98958,Yes,"",2026-08-05,B,14000.0
9,D-011,175680,2019,Honda,Accord,SEDAN SPORT 1,BLACK,134819,No,"",2026-08-05,D,9600.0
33,A-366.1,175010,2018,Honda,Accord,SEDAN EX 1.5T,BLACK,90950,Yes,3.8,2026-08-05,A,14600.0
37,C-165,175564,2018,Honda,Accord,SEDAN EX-L 1.,BLACK,70942,Yes,3.2,2026-08-05,C,16000.0
7,D-029,175722,2018,Honda,Accord,SEDAN SPORT 1,BLUE,138817,No,"",2026-08-05,D,8800.0
10,B-160.1,175824,2016,Honda,Accord,SEDAN EX,BLACK,192931,No,"",2026-08-05,B,5400.0
34,D-199,175182,2016,Honda,Accord,SEDAN EX-L,GOLD,78621,Yes,4.5,2026-08-05,D,15400.0
8,D-027,175713,2015,Honda,Accord,COUPE EX-L,BLUE,112864,No,"",2026-08-05,D,9000.0
7,B-222,175132,2014,Honda,Accord,SEDAN EX-L,WHITE,211589,No,"",2026-08-05,B,2500.0
22,A-233,174062,2014,Honda,Accord,SEDAN EX-L,GRAY,200047,Yes,"",2026-08-05,A,3700.0
21,F-119,170543,2013,Honda,Accord,SDN EX-L,GOLD,126289,Yes,1.4,2026-08-05,F,5000.0
39,F-139,170052,2013,Honda,Accord,SDN LX,GRAY,227219,Yes,1.7,2026-08-05,F,1600.0
7,C-406,175209,2012,Honda,Accord,SDN EX-L,WHITE,187851,No,"",2026-08-05,C,3000.0
10,D-009,175694,2012,Honda,Accord,SDN LX,GRAY,125129,No,"",2026-08-05,D,4000.0
42,D-008,175772,2011,Honda,Accord,SDN EX,GRAY,112127,Yes,1.8,2026-08-05,D,4000.0
8,A-153,175033,2011,Honda,Accord,SDN LX-P,BLACK,149258,No,"",2026-08-05,A,4500.0
8,A-009,175941,2009,Honda,Accord,SDN EX-L,WHITE,213430,No,"",2026-08-05,A,1900.0
7,B-474,175891,2009,Honda,Accord,SDN LX,GRAY,199545,No,"",2026-08-05,B,2200.0
9,D-001,174986,2006,Honda,Accord,SDN VP,SILVER,129342,No,"",2026-08-05,D,600.0
7,C-202,174909,2004,Honda,Accord,SDN EX,GOLD,207067,No,"",2026-08-05,C,1100.0
8,C-229,175544,1999,Honda,Accord,SDN LX,WHITE,220631,No,"",2026-08-05,C,500.0
26,C-383,175116,2025,Honda,Civic,SEDAN HYBRID S,SILVER,20025,Yes,4.4,2026-08-05,C,24400.0
29,C-308,175357,2025,Honda,Civic,SEDAN SPORT,WHITE,19822,Yes,4.1,2026-08-05,C,22600.0
29,C-319,175856,2025,Honda,Civic,SEDAN SPORT,GRAY,16256,Yes,2.4,2026-08-05,C,20800.0
28,A-095,176092,2025,Honda,Civic,SEDAN SPORT,WHITE,14271,Yes,4.5,2026-08-05,A,23400.0
31,C-242,175746,2025,Honda,Civic,SI MANUAL,WHITE,26841,Yes,2.3,2026-08-05,C,24600.0
27,C-283,175704,2024,Honda,Civic,HATCHBACK EX-L,SILVER,73866,Yes,3.6,2026-08-05,C,18000.0
9,C-194,174890,2024,Honda,Civic,SEDAN LX,BLUE,177247,No,"",2026-08-05,C,10000.0
31,C-184,175665,2024,Honda,Civic,SEDAN LX,SILVER,11335,Yes,3.9,2026-08-05,C,18800.0
32,D-049,175703,2024,Honda,Civic,SEDAN SPORT,BLUE,26478,Yes,3.8,2026-08-05,D,21700.0
27,D-148,175566,2024,Honda,Civic,SEDAN SPORT,BLUE,6950,Yes,4.7,2026-08-05,D,24000.0
43,D-047,175698,2024,Honda,Civic,SEDAN SPORT,RED,33794,Yes,2.2,2026-08-05,D,17000.0
29,C-203,174875,2024,Honda,Civic,SEDAN SPORT,GRAY,27285,Yes,2.5,2026-08-05,C,20200.0
23,A-062,175613,2023,Honda,Civic,HATCHBACK LX,GRAY,37801,Yes,"",2026-08-05,A,18000.0
28,C-035,175463,2023,Honda,Civic,HATCHBACK SPOR,SILVER,24107,Yes,4.4,2026-08-05,C,23400.0
7,B-166,174714,2023,Honda,Civic,SEDAN SPORT,BLACK,68490,No,"",2026-08-05,B,17200.0
41,D-040,175589,2022,Honda,Civic,SEDAN LX,BLACK,63414,Yes,2.0,2026-08-05,D,10200.0
37,F-042,171893,2022,Honda,Civic,SEDAN SPORT,RED,87691,Yes,3.3,2026-08-05,F,15000.0
29,C-239,175656,2020,Honda,Civic,SEDAN LX,WHITE,54009,Yes,3.9,2026-08-05,C,16200.0
43,F-094,166482,2020,Honda,Civic,SEDAN SPORT,GRAY,66313,Yes,2.4,2026-08-05,F,13200.0
0,W-011,176021,2020,Honda,Civic,SEDAN SPORT,WHITE,88993,No,"",2026-08-05,W,13800.0
51,F-064,167036,2019,Honda,Civic,SEDAN LX,WHITE,93694,Yes,1.7,2026-08-05,F,7800.0
24,B-245,175778,2018,Honda,Civic,COUPE EX-L,RED,39062,Yes,"",2026-08-05,B,15800.0
36,D-043,175690,2018,Honda,Civic,COUPE LX-P,WHITE,68782,Yes,3.7,2026-08-05,D,13000.0
28,B-242,175511,2018,Honda,Civic,HATCHBACK LX,WHITE,108223,Yes,4.1,2026-08-05,B,12600.0
40,B-252,175684,2018,Honda,Civic,HATCHBACK SPOR,SILVER,113482,Yes,4.1,2026-08-05,B,12400.0
37,F-107,173237,2018,Honda,Civic,SEDAN LX,BLUE,127059,Yes,2.8,2026-08-05,F,7000.0
0,A-902,176215,2016,Honda,Civic,EX - L,WHITE,61058,No,"",2026-08-05,A,12600.0
31,A-066,175898,2016,Honda,Civic,SEDAN EX-L,WHITE,61058,Yes,4.4,2026-08-05,A,13100.0
46,F-049,170576,2016,Honda,Civic,SEDAN LX,GRAY,59503,Yes,1.9,2026-08-05,F,9000.0
39,C-275,175670,2016,Honda,Civic,SEDAN LX,GRAY,75437,Yes,2.0,2026-08-05,C,5800.0
9,C-017,175907,2016,Honda,Civic,SEDAN LX,SILVER,131258,No,"",2026-08-05,C,7200.0
37,A-333,175850,2013,Honda,Civic,SDN LX,GRAY,78697,Yes,3.5,2026-08-05,A,8000.0
33,F-120,171370,2013,Honda,Civic,SDN LX,BROWN,128937,Yes,2.0,2026-08-05,F,3400.0
8,B-136,176017,2012,Honda,Civic,CPE LX,GRAY,260805,No,"",2026-08-05,B,1900.0
23,B-134,176013,2012,Honda,Civic,SDN EX-L,BURGUNDY,1,Yes,"",2026-08-05,B,3400.0
8,B-259,175302,2012,Honda,Civic,SDN LX,SILVER,139088,No,"",2026-08-05,B,2800.0
9,D-102.1,175957,2010,Honda,Civic,SDN LX,GRAY,111634,No,"",2026-08-05,D,1000.0
8,A-341,175017,2007,Honda,Civic,SDN LX,TAN,133250,No,"",2026-08-05,A,3100.0
8,D-045,175006,2006,Honda,Civic,SDN LX,WHITE,101802,No,"",2026-08-05,D,2400.0
28,C-206,174942,2026,Honda,CR-V,HYBRID SPORT,BLACK,53804,Yes,4.6,2026-08-05,C,26300.0
29,C-192,174886,2025,Honda,CR-V,EX,BLACK,26093,Yes,4.2,2026-08-05,C,27500.0
29,A-086,175950,2025,Honda,CR-V,EX,BLACK,25219,Yes,4.6,2026-08-05,A,26200.0
28,W-002,173434,2025,Honda,CR-V,EX-L,SILVER,26666,Yes,4.1,2026-08-05,W,28500.0
30,A-051,175349,2025,Honda,CR-V,HYBRID SPORT,GRAY,21482,Yes,4.3,2026-08-05,A,28300.0
33,D-095,175888,2025,Honda,CR-V,HYBRID SPORT,GRAY,18988,Yes,4.0,2026-08-05,D,28400.0
26,C-178,173598,2025,Honda,CR-V,HYBRID SPORT,RED,22012,Yes,4.5,2026-08-05,C,28000.0
27,A-096,176094,2025,Honda,CR-V,LX,BLACK,17032,Yes,4.4,2026-08-05,A,24200.0
0,X-010,175485,2024,Honda,CR-V,EX,WHITE,32434,No,"",2026-08-05,X,26500.0
28,A-050,175077,2024,Honda,CR-V,EX-L,GRAY,34106,Yes,4.5,2026-08-05,A,27000.0
33,C-223,175466,2024,Honda,CR-V,EX-L,BLUE,34703,Yes,4.2,2026-08-05,C,26600.0
31,C-197,174897,2024,Honda,CR-V,NULL,GRAY,16446,Yes,2.5,2026-08-05,C,24600.0
27,C-263,175756,2022,Honda,CR-V,Touring,BLUE,36044,Yes,4.3,2026-08-05,C,25200.0
30,A-101,176140,2021,Honda,CR-V,EX,GRAY,104415,Yes,4.1,2026-08-05,A,16100.0
36,A-064,175633,2019,Honda,CR-V,EX,GRAY,58381,Yes,3.6,2026-08-05,A,17100.0
10,C-193,174888,2018,Honda,CR-V,EX-L,BLACK,161798,No,"",2026-08-05,C,8200.0
24,A-030,174947,2017,Honda,CR-V,EX,BLACK,110062,Yes,"",2026-08-05,A,11200.0
45,B-140,175969,2017,Honda,CR-V,EX-L,WHITE,99877,Yes,2.5,2026-08-05,B,12200.0
42,C-218,175446,2017,Honda,CR-V,Touring,BLACK,35195,Yes,2.7,2026-08-05,C,17800.0
8,B-219,175124,2015,Honda,CR-V,EX,GRAY,142574,No,"",2026-08-05,B,7600.0
8,W-014,175439,2015,Honda,CR-V,EX,BLACK,96169,No,"",2026-08-05,W,8000.0
8,C-208,175080,2014,Honda,CR-V,EX-L,WHITE,259672,No,"",2026-08-05,C,3200.0
29,D-273,173656,2014,Honda,CR-V,LX,WHITE,73429,Yes,3.1,2026-08-05,D,8400.0
9,A-345,174963,2014,Honda,CR-V,LX,BLACK,179012,No,"",2026-08-05,A,5300.0
36,F-061,172744,2013,Honda,CR-V,LX,WHITE,90017,Yes,1.9,2026-08-05,F,6200.0
24,D-297,175518,2011,Honda,CR-V,EX-L,GRAY,145672,Yes,"",2026-08-05,D,4000.0
25,A-015,175341,2009,Honda,CR-V,EX-L,SILVER,124126,Yes,"",2026-08-05,A,4600.0
7,B-205,175086,2008,Honda,CR-V,EX,BURGUNDY,177707,No,"",2026-08-05,B,1300.0
45,D-030,175007,2012,Honda,Fit,5DR HB AUTO,BLACK,69183,Yes,1.7,2026-08-05,D,4400.0
7,A-334,175855,2012,Honda,Fit,Sport,GRAY,184855,No,"",2026-08-05,A,2100.0
25,A-053,174946,2025,Honda,HR-V,EX-L,GRAY,15266,Yes,4.7,2026-08-05,A,25200.0
28,C-232,175612,2025,Honda,HR-V,Sport,GRAY,29072,Yes,4.5,2026-08-05,C,22800.0
29,B-117,175618,2025,Honda,HR-V,Sport,WHITE,31512,Yes,4.5,2026-08-05,B,23000.0
8,D-096,175903,2024,Honda,HR-V,Sport,RED,34173,No,"",2026-08-05,D,21000.0
25,A-041,174894,2024,Honda,HR-V,Sport,RED,25768,Yes,4.6,2026-08-05,A,22500.0
34,A-056,175100,2024,Honda,HR-V,Sport,GRAY,38895,Yes,4.1,2026-08-05,A,22200.0
33,C-196,174893,2023,Honda,HR-V,LX,BLACK,32547,Yes,3.6,2026-08-05,C,18900.0
37,D-065,175700,2023,Honda,HR-V,Sport,WHITE,46263,Yes,2.1,2026-08-05,D,17800.0
42,C-240,175660,2021,Honda,HR-V,EX,GRAY,81807,Yes,2.7,2026-08-05,C,12600.0
7,C-216,175434,2021,Honda,HR-V,Sport,GRAY,100319,No,"",2026-08-05,C,9800.0
8,B-293,175093,2019,Honda,HR-V,LX,BLACK,89826,No,"",2026-08-05,B,11200.0
49,D-165,174934,2017,Honda,HR-V,EX,BLACK,126662,Yes,1.9,2026-08-05,D,5800.0
49,A-110,176182,2016,Honda,HR-V,LX,BLACK,59669,Yes,3.0,2026-08-05,A,8900.0
26,A-047,175025,2025,Honda,Odyssey,EX-L,BLUE,22270,Yes,4.7,2026-08-05,A,33400.0
7,C-422,173750,2016,Honda,Odyssey,EX-L,WHITE,82191,No,"",2026-08-05,C,13200.0
42,F-127,172643,2016,Honda,Odyssey,SE,SILVER,151261,Yes,1.3,2026-08-05,F,3600.0
7,A-164,175737,2016,Honda,Odyssey,SE,WHITE,112438,No,"",2026-08-05,A,8600.0
8,B-211,175109,2015,Honda,Odyssey,EX-L,SILVER,171672,No,"",2026-08-05,B,4800.0
24,A-351,168895,2008,Honda,Odyssey,EX,WHITE,250643,Yes,"",2026-08-05,A,500.0
27,C-387,176095,2022,Honda,Passport,TrailSport,GRAY,24938,Yes,4.2,2026-08-05,C,28000.0
35,W-004,173597,2025,Honda,Pilot,Elite,BLACK,24236,Yes,4.0,2026-08-05,W,40500.0
27,C-160,176136,2025,Honda,Pilot,Elite,BLACK,72540,Yes,4.4,2026-08-05,C,34600.0
30,C-227,175534,2025,Honda,Pilot,EX-L,WHITE,70135,Yes,4.5,2026-08-05,C,30400.0
32,C-190,174874,2025,Honda,Pilot,EX-L,RED,39176,Yes,4.4,2026-08-05,C,33200.0
30,A-087,175919,2025,Honda,Pilot,Touring,BLUE,25977,Yes,4.3,2026-08-05,A,37000.0
30,A-059,175118,2024,Honda,Pilot,EX-L 8 PASSENG,BLACK,23584,Yes,3.9,2026-08-05,A,32300.0
29,D-271,176146,2024,Honda,Pilot,Touring,GRAY,45650,Yes,4.6,2026-08-05,D,36000.0
31,B-020,174609,2023,Honda,Pilot,Elite,WHITE,23592,Yes,4.8,2026-08-05,B,37800.0
30,C-199,174892,2023,Honda,Pilot,EX-L 7 PASSENG,WHITE,38525,Yes,4.4,2026-08-05,C,32800.0
27,A-039,174900,2021,Honda,Pilot,EX-L,WHITE,58177,Yes,4.4,2026-08-05,A,22400.0
8,C-189,174873,2021,Honda,Pilot,LX,WHITE,181675,No,"",2026-08-05,C,7000.0
44,C-233,175614,2021,Honda,Pilot,SPECIAL EDITIO,BLACK,69206,Yes,2.8,2026-08-05,C,20500.0
37,C-234,175615,2019,Honda,Pilot,EX-L,BLACK,44157,Yes,3.1,2026-08-05,C,17800.0
8,A-112,176184,2018,Honda,Pilot,EX-L,WHITE,132534,No,"",2026-08-05,A,10600.0
41,F-074,167096,2017,Honda,Pilot,Touring,WHITE,105423,Yes,3.7,2026-08-05,F,11200.0
51,D-172,174944,2016,Honda,Pilot,Elite,WHITE,145742,Yes,2.5,2026-08-05,D,8000.0
38,B-107.4,175822,2016,Honda,Pilot,EX-L,BLACK,104064,Yes,3.8,2026-08-05,B,11600.0
8,B-143.3,176185,2016,Honda,Pilot,EX-L,GRAY,165977,No,"",2026-08-05,B,5800.0
7,C-205,174941,2012,Honda,Pilot,EX-L,BLACK,184103,No,"",2026-08-05,C,3000.0
8,B-160.8,175985,2010,Honda,Pilot,EX-L,SILVER,199358,No,"",2026-08-05,B,1000.0
10,A-025,176098,2006,Honda,Pilot,LX,GRAY,226212,No,"",2026-08-05,A,500.0
8,A-254,175179,2004,Honda,Pilot,EX,GRAY,198625,No,"",2026-08-05,A,600.0
29,B-017,175965,2025,Honda,Ridgeline,RTL,WHITE,11686,Yes,4.6,2026-08-05,B,31200.0
8,B-308,175141,2006,Hummer,H3,4DR SUV,GRAY,158553,No,"",2026-08-05,B,4200.0
8,B-172,175000,2013,Hyundai,Accent,GLS,BLACK,111767,No,"",2026-08-05,B,1000.0
7,C-198,174904,2012,Hyundai,Accent,GLS,SILVER,196371,No,"",2026-08-05,C,800.0
28,D-048,175829,2025,Hyundai,Elantra,N LINE,BLACK,30923,Yes,4.0,2026-08-05,D,20400.0
31,C-324,173463,2024,Hyundai,Elantra,HYBRID LIMIT,WHITE,49783,Yes,3.9,2026-08-05,C,17100.0
25,D-094,175881,2024,Hyundai,Elantra,SEL,GRAY,48847,Yes,"",2026-08-05,D,13600.0
26,C-348,175571,2024,Hyundai,Elantra,SEL,RED,31857,Yes,4.7,2026-08-05,C,16800.0
36,D-078,175818,2023,Hyundai,Elantra,SE,RED,13439,Yes,2.2,2026-08-05,D,13000.0
36,F-014,165223,2023,Hyundai,Elantra,SE,GRAY,16974,Yes,3.7,2026-08-05,F,15600.0
32,D-084,175842,2023,Hyundai,Elantra,SEL,WHITE,20602,Yes,4.0,2026-08-05,D,17600.0
28,C-071,174488,2022,Hyundai,Elantra,SEL,SILVER,49754,Yes,4.5,2026-08-05,C,14400.0
33,C-335,175313,2021,Hyundai,Elantra,SEL,GRAY,48631,Yes,4.1,2026-08-05,C,13200.0
29,F-034,171739,2020,Hyundai,Elantra,SEL,BLUE,43001,Yes,2.2,2026-08-05,F,9200.0
7,C-355,175131,2018,Hyundai,Elantra,SE,BLACK,136902,No,"",2026-08-05,C,4300.0
9,D-070,175748,2018,Hyundai,Elantra,SE,GRAY,126000,No,"",2026-08-05,D,2200.0
10,A-026,176181,2017,Hyundai,Elantra,GT AUTO,GRAY,143546,No,"",2026-08-05,A,1600.0
8,C-172,174857,2017,Hyundai,Elantra,SE,BLUE,169313,No,"",2026-08-05,C,3000.0
8,A-167,175763,2017,Hyundai,Elantra,SE,BLACK,125303,No,"",2026-08-05,A,3000.0
7,C-241,175653,2017,Hyundai,Elantra,SE,GRAY,164643,No,"",2026-08-05,C,600.0
24,D-021,175831,2015,Hyundai,Elantra,SE,BLUE,92918,Yes,"",2026-08-05,D,1900.0
7,D-019,175867,2014,Hyundai,Elantra,SE,SILVER,183342,No,"",2026-08-05,D,2400.0
7,C-327,175165,2013,Hyundai,Elantra,GLS,BLUE,155784,No,"",2026-08-05,C,1500.0
39,F-128,171711,2013,Hyundai,Elantra,GLS,WHITE,154227,Yes,1.7,2026-08-05,F,1000.0
9,A-249,175657,2012,Hyundai,Elantra,GLS PZEV,WHITE,202685,No,"",2026-08-05,A,1100.0
50,C-304,175752,2011,Hyundai,Equus,SIGNATURE,BLACK,37864,Yes,1.7,2026-08-05,C,4000.0
33,C-311,175388,2014,Hyundai,Genesis,3.8L,GRAY,64413,Yes,4.1,2026-08-05,C,6000.0
26,C-294,173943,2026,Hyundai,Kona,SE,GRAY,777,Yes,4.8,2026-08-05,C,21800.0
28,C-339,175325,2024,Hyundai,Kona,SEL,BLUE,20239,Yes,2.7,2026-08-05,C,17500.0
34,D-097,175911,2022,Hyundai,Kona,SEL,BLACK,39013,Yes,4.1,2026-08-05,D,14400.0
45,F-111,171891,2018,Hyundai,Kona,SE,WHITE,102819,Yes,2.4,2026-08-05,F,4000.0
31,A-077,175635,2025,Hyundai,Palisade,CALLIGRAPHY,GREEN,34041,Yes,4.5,2026-08-05,A,38400.0
30,A-081,174432,2025,Hyundai,Palisade,XRT,GRAY,10426,Yes,4.6,2026-08-05,A,33200.0
29,A-071,174090,2024,Hyundai,Palisade,Limited,BLACK,29875,Yes,4.7,2026-08-05,A,32000.0
31,D-082,175838,2024,Hyundai,Palisade,SEL 8P,SILVER,47299,Yes,4.1,2026-08-05,D,27200.0
32,D-088,175852,2024,Hyundai,Palisade,XRT,BLACK,25710,Yes,4.4,2026-08-05,D,31200.0
24,A-076,174465,2023,Hyundai,Palisade,SEL,RED,24597,Yes,"",2026-08-05,A,27400.0
34,D-080,175835,2023,Hyundai,Palisade,XRT,GRAY,36630,Yes,3.9,2026-08-05,D,28200.0
30,B-265,174716,2022,Hyundai,Palisade,Calligraphy,SILVER,56481,Yes,4.2,2026-08-05,B,25200.0
34,B-271,174054,2022,Hyundai,Palisade,SEL,GRAY,61436,Yes,3.8,2026-08-05,B,21000.0
45,F-044,170333,2021,Hyundai,Palisade,SEL,GREEN,124056,Yes,3.5,2026-08-05,F,12000.0
11,B-159.2,175784,2021,Hyundai,Palisade,SEL,SILVER,97084,No,"",2026-08-05,B,14000.0
25,C-325,174089,2026,Hyundai,Santa Cruz,SEL ACTIV,BLUE,4210,Yes,5.0,2026-08-05,C,27500.0
31,C-322,172699,2025,Hyundai,Santa Fe,SEL,BLACK,16339,Yes,3.3,2026-08-05,C,25200.0
25,B-087,174938,2025,Hyundai,Santa Fe,SEL,GRAY,4744,Yes,"",2026-08-05,B,26000.0
32,B-107.2,175803,2024,Hyundai,Santa Fe,SEL,WHITE,37325,Yes,3.9,2026-08-05,B,23500.0
29,C-293,173925,2023,Hyundai,Santa Fe,SE,WHITE,25046,Yes,4.3,2026-08-05,C,18800.0
29,D-221,175238,2023,Hyundai,Santa Fe,SE,GRAY,42411,Yes,4.0,2026-08-05,D,17200.0
31,D-083,173712,2023,Hyundai,Santa Fe,SEL,BLACK,23593,Yes,3.0,2026-08-05,D,19600.0
25,W-010,174047,2023,Hyundai,Santa Fe,SEL,BLACK,23118,Yes,4.6,2026-08-05,W,21000.0
7,D-124,175843,2023,Hyundai,Santa Fe,SEL,SILVER,152203,No,"",2026-08-05,D,10200.0
40,C-312,175397,2022,Hyundai,Santa Fe,Limited,GRAY,78508,Yes,3.9,2026-08-05,C,17300.0
44,F-021,171890,2022,Hyundai,Santa Fe,SEL,BLUE,61422,Yes,3.8,2026-08-05,F,15200.0
33,B-115,175040,2022,Hyundai,Santa Fe,SEL,BLACK,71961,Yes,3.5,2026-08-05,B,14200.0
36,F-027,172385,2022,Hyundai,Santa Fe,SEL,SILVER,58618,Yes,4.0,2026-08-05,F,16400.0
33,D-079,175834,2022,Hyundai,Santa Fe,XRT,GRAY,59757,Yes,4.4,2026-08-05,D,18000.0
8,C-301,175200,2021,Hyundai,Santa Fe,SE,WHITE,96485,No,"",2026-08-05,C,11200.0
32,D-058,175785,2020,Hyundai,Santa Fe,SE,BLUE,66947,Yes,3.5,2026-08-05,D,12400.0
28,D-067,175728,2020,Hyundai,Santa Fe,SE,GRAY,65582,Yes,4.5,2026-08-05,D,13200.0
43,D-207,175268,2020,Hyundai,Santa Fe,SEL,BLACK,128095,Yes,2.6,2026-08-05,D,8400.0
8,B-078,173436,2009,Hyundai,Santa Fe,GLS,SILVER,118346,No,"",2026-08-05,B,1200.0
9,C-333,175196,2018,Hyundai,Santa Fe Sport,2.4L,SILVER,113647,No,"",2026-08-05,C,7000.0
23,B-212,173472,2018,Hyundai,Santa Fe Sport,2.4L,WHITE,48390,Yes,"",2026-08-05,B,9200.0
26,A-135,175558,2014,Hyundai,Santa Fe Sport,4,BROWN,54271,Yes,4.4,2026-08-05,A,8000.0
8,C-016,175452,2014,Hyundai,Santa Fe Sport,4,GRAY,149819,No,"",2026-08-05,C,1900.0
34,D-180,175145,2023,Hyundai,Sonata,SE,WHITE,26032,Yes,4.4,2026-08-05,D,17000.0
34,C-344,175513,2023,Hyundai,Sonata,SEL,BLACK,14277,Yes,4.3,2026-08-05,C,19200.0
24,D-131,172895,2022,Hyundai,Sonata,Limited,SILVER,32471,Yes,"",2026-08-05,D,18000.0
32,C-352,175090,2022,Hyundai,Sonata,SE,WHITE,88481,Yes,4.5,2026-08-05,C,11000.0
35,F-038,169994,2022,Hyundai,Sonata,SEL Plus,BLACK,18506,Yes,3.8,2026-08-05,F,19600.0
36,F-154,168600,2021,Hyundai,Sonata,Hybrid Blue,WHITE,92344,Yes,3.9,2026-08-05,F,9600.0
7,C-338,175322,2021,Hyundai,Sonata,Limited,BLUE,185048,No,"",2026-08-05,C,6300.0
28,C-154,174622,2020,Hyundai,Sonata,Limited,BLUE,45342,Yes,4.3,2026-08-05,C,17000.0
7,A-259.1,175674,2020,Hyundai,Sonata,SE,GRAY,66295,No,"",2026-08-05,A,9000.0
37,D-024,174999,2019,Hyundai,Sonata,SE,GRAY,99606,Yes,2.3,2026-08-05,D,4600.0
31,W-015,174650,2018,Hyundai,Sonata,SEL,SILVER,37548,Yes,4.0,2026-08-05,W,6500.0
39,D-050,174992,2018,Hyundai,Sonata,SEL+,BLACK,78394,Yes,1.6,2026-08-05,D,5300.0
44,F-215,170487,2017,Hyundai,Sonata,2.4L,BROWN,148490,Yes,1.4,2026-08-05,F,600.0
23,D-126,174372,2017,Hyundai,Sonata,SE,WHITE,99952,Yes,"",2026-08-05,D,4000.0
24,A-189,175878,2016,Hyundai,Sonata,2.4L LIMITED,GRAY,67749,Yes,"",2026-08-05,A,1300.0
23,C-119,176101,2016,Hyundai,Sonata,2.4L SE,GRAY,59540,Yes,"",2026-08-05,C,4900.0
40,F-124,171670,2015,Hyundai,Sonata,1.6T ECO,SILVER,140740,Yes,1.3,2026-08-05,F,1600.0
8,A-124,175393,2014,Hyundai,Sonata,GLS,BLUE,110257,No,"",2026-08-05,A,1700.0
8,A-242,174980,2014,Hyundai,Sonata,GLS,SILVER,134683,No,"",2026-08-05,A,2000.0
25,A-091,176012,2012,Hyundai,Sonata,2.4L SE,BLUE,69911,Yes,"",2026-08-05,A,3100.0
24,D-268,176027,2008,Hyundai,Sonata,GLS,SILVER,223676,Yes,"",2026-08-05,D,500.0
7,A-362,172020,2003,Hyundai,Sonata,GLS,TAN,110196,No,"",2026-08-05,A,500.0
31,D-062,175020,2025,Hyundai,Tucson,SEL,GRAY,26300,Yes,4.7,2026-08-05,D,21200.0
0,O-007,175379,2025,Hyundai,Tucson,SEL CONVENIEN,GRAY,1193,No,"",2026-08-05,O,26900.0
28,C-288,172671,2024,Hyundai,Tucson,SE,BLUE,40312,Yes,3.5,2026-08-05,C,16600.0
24,B-381,174393,2024,Hyundai,Tucson,SEL,BLACK,15010,Yes,4.8,2026-08-05,B,21400.0
30,C-410,175259,2024,Hyundai,Tucson,SEL,GRAY,26181,Yes,4.4,2026-08-05,C,20400.0
33,C-433,175799,2023,Hyundai,Tucson,SEL,SILVER,17560,Yes,3.7,2026-08-05,C,19000.0
51,C-334,175310,2023,Hyundai,Tucson,SEL,RED,27083,Yes,2.7,2026-08-05,C,18200.0
31,A-057,175034,2022,Hyundai,Tucson,SEL,GRAY,55263,Yes,3.5,2026-08-05,A,15700.0
39,F-065,170041,2020,Hyundai,Tucson,Value,RED,96211,Yes,1.7,2026-08-05,F,6400.0
40,F-121,170204,2018,Hyundai,Tucson,SEL,GRAY,129183,Yes,1.8,2026-08-05,F,5200.0
8,B-046,175754,2017,Hyundai,Tucson,SPORT,BROWN,109002,No,"",2026-08-05,B,4100.0
23,B-079,174914,2017,Hyundai,Tucson,SPORT,WHITE,112862,Yes,"",2026-08-05,B,2300.0
8,A-314.6,175562,2016,Hyundai,Tucson,SE,SILVER,87132,No,"",2026-08-05,A,4600.0
8,C-103,175276,2006,Hyundai,Tucson,GLS,GREEN,149925,No,"",2026-08-05,C,1100.0
7,C-342,175331,2013,Hyundai,Veloster,W/RED INT,BLACK,115638,No,"",2026-08-05,C,1700.0
27,C-347,175543,2024,Hyundai,Venue,LIMITED,GRAY,6561,Yes,4.9,2026-08-05,C,19800.0
8,C-266,173940,2008,INFINITI,EX35,JOURNEY,SILVER,128598,No,"",2026-08-05,C,1700.0
27,A-004,176150,2004,INFINITI,G35,SEDAN W/LEATHER,WHITE,123558,Yes,"",2026-08-05,A,1200.0
7,A-191,175886,2010,INFINITI,G37,CONVERTIBLE BASE,BURGUNDY,125890,No,"",2026-08-05,A,4000.0
49,F-130,169080,2009,INFINITI,G37,SEDAN JOURNEY,BLACK,163294,Yes,1.3,2026-08-05,F,800.0
31,D-235,176154,2023,INFINITI,Q50,Luxe,RED,21458,Yes,4.6,2026-08-05,D,26600.0
7,B-145,174662,2025,INFINITI,QX50,Pure,BLACK,15457,No,"",2026-08-05,B,27000.0
29,B-024,175962,2023,INFINITI,QX50,Luxe,GRAY,19754,Yes,4.7,2026-08-05,B,26500.0
27,A-193,175893,2023,INFINITI,QX50,Luxe,WHITE,12591,Yes,4.5,2026-08-05,A,27200.0
30,C-332,175193,2022,INFINITI,QX50,Luxe,WHITE,20582,Yes,4.5,2026-08-05,C,22800.0
0,X-002,174846,2021,INFINITI,QX50,AUTOGRAPH,BLACK,53303,No,"",2026-08-05,X,23800.0
24,D-074,175802,2019,INFINITI,QX50,ESSENTIAL,BLACK,75862,Yes,"",2026-08-05,D,13200.0
30,A-219,175709,2023,INFINITI,QX55,Luxe,GRAY,38651,Yes,4.6,2026-08-05,A,25800.0
27,A-187,175863,2024,INFINITI,QX60,Autograph,GRAY,30815,Yes,4.8,2026-08-05,A,39000.0
25,A-194,175895,2020,INFINITI,QX60,SIGNATURE EDITI,BLUE,112301,Yes,"",2026-08-05,A,5700.0
32,A-034,174899,2023,Jaguar,F-Pace,S,BLUE,66406,Yes,4.2,2026-08-05,A,22600.0
30,B-131,175444,2020,Jaguar,F-Pace,25t Premium,WHITE,78072,Yes,3.7,2026-08-05,B,9000.0
8,B-311,171501,2018,Jaguar,F-Pace,30t Prestige,WHITE,89823,No,"",2026-08-05,B,6000.0
8,B-292,175042,2017,Jaguar,XJ,"",BLUE,51800,No,"",2026-08-05,B,15600.0
30,A-127,175399,2022,Jeep,Cherokee,Trailhawk,GRAY,41354,Yes,4.5,2026-08-05,A,20400.0
36,B-278,175041,2021,Jeep,Cherokee,LATITUDE LU,GRAY,59131,Yes,3.8,2026-08-05,B,14200.0
8,B-378,176124,2019,Jeep,Cherokee,TRAILHAWK E,WHITE,76340,No,"",2026-08-05,B,10800.0
39,F-211,171983,2018,Jeep,Cherokee,Latitude,WHITE,173181,Yes,2.5,2026-08-05,F,500.0
30,D-077,175815,2023,Jeep,Compass,Latitude,WHITE,49327,Yes,4.4,2026-08-05,D,16600.0
0,X-008,175376,2023,Jeep,Compass,Sport,WHITE,50577,No,"",2026-08-05,X,15800.0
30,B-266,174014,2022,Jeep,Compass,ALTITUDE,SILVER,56572,Yes,4.2,2026-08-05,B,13800.0
34,D-156,174918,2022,Jeep,Compass,Trailhawk,GRAY,79332,Yes,3.3,2026-08-05,D,12000.0
29,C-418,175291,2021,Jeep,Compass,Latitude,GRAY,71656,Yes,4.0,2026-08-05,C,11600.0
37,F-104,170528,2021,Jeep,Compass,Latitude,WHITE,91884,Yes,1.3,2026-08-05,F,7000.0
34,C-254,175263,2018,Jeep,Compass,ALTITUDE,WHITE,82759,Yes,3.8,2026-08-05,C,7800.0
23,C-092,175736,2015,Jeep,Compass,Limited,WHITE,121057,Yes,"",2026-08-05,C,2500.0
35,B-029,172077,2014,Jeep,Compass,Sport,RED,53391,Yes,3.1,2026-08-05,B,4100.0
32,C-392,175152,2025,Jeep,Gladiator,MOJAVE X,GRAY,17617,Yes,3.1,2026-08-05,C,39200.0
25,C-371,175930,2025,Jeep,Grand Cherokee,LARED,GRAY,2510,Yes,4.6,2026-08-05,C,26800.0
33,D-221.8,175622,2024,Jeep,Grand Cherokee,ALTIT,BLACK,41106,Yes,3.9,2026-08-05,D,24000.0
24,C-412,173623,2023,Jeep,Grand Cherokee,SUMMI,BLACK,16527,Yes,4.8,2026-08-05,C,37300.0
8,A-310,174143,2020,Jeep,Grand Cherokee,ALTIT,WHITE,157309,No,"",2026-08-05,A,5700.0
27,C-403,175205,2020,Jeep,Grand Cherokee,ALTIT,GRAY,29541,Yes,4.2,2026-08-05,C,20000.0
8,B-393.3,175525,2019,Jeep,Grand Cherokee,ALTIT,GRAY,81216,No,"",2026-08-05,B,14800.0
30,D-240,175267,2019,Jeep,Grand Cherokee,LIMIT,WHITE,107140,Yes,3.8,2026-08-05,D,10400.0
39,B-107.1,175654,2019,Jeep,Grand Cherokee,LIMIT,BLACK,49305,Yes,3.5,2026-08-05,B,14200.0
29,X-011,175162,2019,Jeep,Grand Cherokee,LIMIT,BLACK,55378,Yes,3.5,2026-08-05,X,16500.0
25,B-437,175287,2019,Jeep,Grand Cherokee,SUMMI,WHITE,56476,Yes,4.5,2026-08-05,B,21400.0
25,A-228,175486,2018,Jeep,Grand Cherokee,ALTIT,BLACK,45426,Yes,"",2026-08-05,A,14600.0
8,C-259,175289,2018,Jeep,Grand Cherokee,LIMIT,BLACK,145337,No,"",2026-08-05,C,5400.0
8,C-400,172260,2017,Jeep,Grand Cherokee,LARED,WHITE,121514,No,"",2026-08-05,C,4500.0
35,A-225.3,176097,2017,Jeep,Grand Cherokee,SRT,GRAY,87426,Yes,4.2,2026-08-05,A,29400.0
8,A-347,174964,2016,Jeep,Grand Cherokee,LIMIT,BLACK,117914,No,"",2026-08-05,A,8200.0
9,B-186,173865,2016,Jeep,Grand Cherokee,LIMIT,GRAY,148849,No,"",2026-08-05,B,4200.0
8,A-314.8,176066,2015,Jeep,Grand Cherokee,LARED,WHITE,74349,No,"",2026-08-05,A,5200.0
33,C-393,175156,2023,Jeep,Grand Cherokee L,LAR,RED,67227,Yes,3.8,2026-08-05,C,18400.0
9,B-174,175005,2022,Jeep,Grand Cherokee L,LIM,GRAY,46204,No,"",2026-08-05,B,18000.0
35,F-016,166527,2021,Jeep,Grand Cherokee L,LAR,BLACK,49956,Yes,4.0,2026-08-05,F,18200.0
9,C-120,176118,2009,Jeep,Liberty,Sport,BLUE,181772,No,"",2026-08-05,C,500.0
31,C-155,176055,2022,Jeep,New Grand Cherokee,"",WHITE,39441,Yes,4.4,2026-08-05,C,29600.0
8,A-301,176038,2011,Jeep,Patriot,LATITUDE,SILVER,136816,No,"",2026-08-05,A,600.0
9,C-432,175729,2019,Jeep,Renegade,Sport,RED,107753,No,"",2026-08-05,C,3500.0
7,C-248,174018,2018,Jeep,Renegade,ALTITUDE,BLACK,155692,No,"",2026-08-05,C,3100.0
38,F-072,172148,2018,Jeep,Renegade,Sport,SILVER,103247,Yes,2.9,2026-08-05,F,3800.0
36,B-297,173547,2017,Jeep,Renegade,Latitude,RED,100821,Yes,3.3,2026-08-05,B,5400.0
7,D-016,175015,2017,Jeep,Renegade,Trailhawk,GRAY,126007,No,"",2026-08-05,D,5700.0
39,F-100,168558,2016,Jeep,Renegade,Limited,BLACK,84711,Yes,2.1,2026-08-05,F,2200.0
27,B-362,171771,2025,Jeep,Wrangler,Sahara,GRAY,10448,Yes,4.5,2026-08-05,B,30200.0
26,C-389,173678,2024,Jeep,Wrangler,Sport,GRAY,27134,Yes,4.6,2026-08-05,C,24000.0
26,C-411,173721,2024,Jeep,Wrangler,SPORT S,GREEN,27558,Yes,4.6,2026-08-05,C,26000.0
27,D-146,175561,2023,Jeep,Wrangler,4XE RUBICON,GRAY,14339,Yes,3.9,2026-08-05,D,28400.0
27,A-058,175108,2021,Jeep,Wrangler,4XE UNLIMIT,GREEN,47151,Yes,4.6,2026-08-05,A,21000.0
30,F-029,170064,2021,Jeep,Wrangler,UNLIMITED W,RED,111357,Yes,3.5,2026-08-05,F,14000.0
29,B-446,175531,2020,Jeep,Wrangler,UNLIMITED R,BLACK,28430,Yes,4.6,2026-08-05,B,28000.0
31,D-186,175147,2020,Jeep,Wrangler,UNLIMITED R,GRAY,79868,Yes,4.2,2026-08-05,D,23200.0
7,B-171,174982,2020,Jeep,Wrangler,UNLIMITED S,WHITE,85309,No,"",2026-08-05,B,12600.0
34,B-138.1,176085,2019,Jeep,Wrangler,UNLIMITED S,BLACK,105275,Yes,3.3,2026-08-05,B,12200.0
29,B-209,175104,2018,Jeep,Wrangler,JK UNLIMITE,GRAY,52449,Yes,4.5,2026-08-05,B,16000.0
7,B-377,174267,2018,Jeep,Wrangler,JK UNLIMITE,WHITE,121127,No,"",2026-08-05,B,10200.0
31,B-284,174342,2016,Jeep,Wrangler,UNLIMITED S,GRAY,40290,Yes,4.3,2026-08-05,B,16000.0
7,A-023,176090,2016,Jeep,Wrangler,UNLIMITED S,GRAY,143993,No,"",2026-08-05,A,8100.0
23,B-242.3,175912,2015,Jeep,Wrangler,FREEDOM EDI,BLACK,82703,Yes,"",2026-08-05,B,9000.0
9,B-439,175292,2005,Jeep,Wrangler,Unlimited,BLACK,110109,No,"",2026-08-05,B,10000.0
33,D-072,175798,2023,Kia,Forte,LXS,BLACK,90256,Yes,4.2,2026-08-05,D,10200.0
34,A-108,176166,2021,Kia,Forte,LXS,WHITE,89609,Yes,4.1,2026-08-05,A,9600.0
24,B-104,175480,2020,Kia,Forte,LXS,GRAY,78587,Yes,"",2026-08-05,B,4800.0
0,A-901,175733,2019,Kia,Forte,LXS,GRAY,78234,No,"",2026-08-05,A,9000.0
24,B-301,173545,2019,Kia,Forte,LXS,WHITE,64474,Yes,"",2026-08-05,B,9300.0
7,A-116,176167,2019,Kia,Forte,LXS,GRAY,78250,No,"",2026-08-05,A,8800.0
8,B-238,175479,2018,Kia,Forte,LX,RED,128509,No,"",2026-08-05,B,1100.0
7,B-132,176036,2017,Kia,Forte,S,BLACK,171022,No,"",2026-08-05,B,600.0
32,A-068,175905,2025,Kia,K5,GT,GRAY,13042,Yes,4.4,2026-08-05,A,28400.0
30,A-102,176145,2024,Kia,K5,GT-LINE,GRAY,29785,Yes,4.2,2026-08-05,A,22100.0
24,D-260,175528,2022,Kia,K5,EX,BLACK,75924,Yes,"",2026-08-05,D,14600.0
24,A-038,175120,2019,Kia,Optima,LX,BLUE,64836,Yes,"",2026-08-05,A,6600.0
30,C-351,174012,2017,Kia,Optima,LX,BLACK,62453,Yes,4.1,2026-08-05,C,5600.0
0,B-106,175430,2015,Kia,Optima,SX TURBO,BLACK,136050,No,"",2026-08-05,B,2600.0
8,B-032,176060,2013,Kia,Optima,EX,WHITE,156288,No,"",2026-08-05,B,2100.0
9,D-098,175913,2012,Kia,Optima,EX,GOLD,195478,No,"",2026-08-05,D,900.0
7,A-311,174153,2006,Kia,Optima,LX,WHITE,59851,No,"",2026-08-05,A,1100.0
24,A-037,174929,2023,Kia,Rio,LX,BLACK,37877,Yes,"",2026-08-05,A,10400.0
25,B-080,171116,2019,Kia,Sedona,EX,RED,85043,Yes,"",2026-08-05,B,6100.0
9,D-122,175839,2016,Kia,Sedona,LX,SILVER,157590,No,"",2026-08-05,D,2300.0
30,A-042,175345,2023,Kia,Seltos,LX,GRAY,24008,Yes,4.5,2026-08-05,A,18000.0
34,C-900,173824,2021,Kia,Seltos,EX,WHITE,71807,Yes,4.3,2026-08-05,C,12100.0
35,C-385,176086,2025,Kia,Sorento,LX,WHITE,7934,Yes,3.4,2026-08-05,C,24000.0
38,D-034,174420,2024,Kia,Sorento,S,WHITE,41866,Yes,3.6,2026-08-05,D,22000.0
32,C-363,175540,2023,Kia,Sorento,EX,GRAY,33600,Yes,4.2,2026-08-05,C,23200.0
30,C-374,176006,2023,Kia,Sorento,EX,GRAY,27014,Yes,4.3,2026-08-05,C,23200.0
38,F-201,170326,2022,Kia,Sorento,SX,GRAY,63583,Yes,1.9,2026-08-05,F,16000.0
9,A-184,172313,2020,Kia,Sorento,EX V6,WHITE,128247,No,"",2026-08-05,A,5500.0
30,C-161,176137,2020,Kia,Sorento,EX V6,RED,53225,Yes,3.9,2026-08-05,C,14200.0
36,D-042,175782,2020,Kia,Sorento,LX,PURPLE,40463,Yes,3.9,2026-08-05,D,13800.0
25,D-023,175783,2019,Kia,Sorento,EX V6,WHITE,97399,Yes,"",2026-08-05,D,7600.0
24,B-215,175121,2019,Kia,Sorento,LX,WHITE,104010,Yes,"",2026-08-05,B,7200.0
41,F-048,168978,2018,Kia,Sorento,LX,BLUE,58356,Yes,2.2,2026-08-05,F,7000.0
36,F-095,171401,2016,Kia,Sorento,LX,GRAY,72680,Yes,3.1,2026-08-05,F,5000.0
30,F-213,171190,2012,Kia,Sorento,EX,WHITE,226148,Yes,1.3,2026-08-05,F,500.0
8,D-002,173627,2008,Kia,Sorento,EX,BLACK,142676,No,"",2026-08-05,D,500.0
30,A-111,176183,2023,Kia,Soul,LX,BLACK,29086,Yes,2.5,2026-08-05,A,13700.0
28,D-099,175918,2022,Kia,Soul,LX,GRAY,39788,Yes,4.5,2026-08-05,D,13000.0
41,F-059,167106,2020,Kia,Soul,LX,BLACK,81946,Yes,1.8,2026-08-05,F,6200.0
46,C-360,175412,2015,Kia,Soul,!,RED,53403,Yes,1.6,2026-08-05,C,4100.0
8,C-365,175570,2015,Kia,Soul,+,RED,95254,No,"",2026-08-05,C,2400.0
54,F-123,170719,2013,Kia,Soul,Base,GREEN,136134,Yes,1.3,2026-08-05,F,800.0
9,B-173,175002,2012,Kia,Soul,+,SILVER,270089,No,"",2026-08-05,B,600.0
8,B-294,173543,2010,Kia,Soul,+,GREEN,184570,No,"",2026-08-05,B,800.0
10,C-274,175638,2009,Kia,Spectra,EX,SILVER,180127,No,"",2026-08-05,C,800.0
24,B-176,172142,2026,Kia,Sportage,EX,GRAY,6670,Yes,"",2026-08-05,B,24800.0
27,D-081,173699,2024,Kia,Sportage,EX,WHITE,30808,Yes,3.9,2026-08-05,D,20400.0
27,C-378,176076,2024,Kia,Sportage,EX,BLACK,30397,Yes,4.4,2026-08-05,C,19000.0
30,C-419,175435,2023,Kia,Sportage,HYBRID LX,GRAY,37094,Yes,3.5,2026-08-05,C,19100.0
29,A-032,174887,2023,Kia,Sportage,SX,GRAY,24159,Yes,4.5,2026-08-05,A,23700.0
28,C-370,175921,2023,Kia,Sportage,X-PRO PREST,GRAY,47393,Yes,4.3,2026-08-05,C,22000.0
8,C-394,175159,2020,Kia,Sportage,LX,GRAY,90026,No,"",2026-08-05,C,9500.0
26,B-283,175051,2020,Kia,Sportage,SX TURBO,GRAY,55684,Yes,4.2,2026-08-05,B,15000.0
42,F-106,167927,2018,Kia,Sportage,LX,WHITE,102813,Yes,1.9,2026-08-05,F,4000.0
8,B-253,176179,2017,Kia,Sportage,LX,SILVER,96929,No,"",2026-08-05,B,5800.0
27,F-203,171731,2016,Kia,Sportage,EX,WHITE,98380,Yes,2.2,2026-08-05,F,1600.0
8,C-353,175102,2013,Kia,Sportage,LX,SILVER,101522,No,"",2026-08-05,C,1900.0
8,B-164,174435,2020,Kia,Stinger,GT-LINE,GRAY,79437,No,"",2026-08-05,B,14600.0
28,C-395,175770,2024,Kia,Telluride,EX X-LINE,GRAY,30750,Yes,4.6,2026-08-05,C,33800.0
28,D-071,175795,2024,Kia,Telluride,EX X-LINE,BLACK,28083,Yes,4.6,2026-08-05,D,33600.0
26,C-377,176072,2024,Kia,Telluride,S,WHITE,12402,Yes,4.7,2026-08-05,C,32200.0
29,B-097,175243,2020,Kia,Telluride,SX,WHITE,121482,Yes,3.5,2026-08-05,B,11500.0
28,C-369,175920,2026,Land Rover,Discovery,"",BURGUNDY,1073,Yes,4.4,2026-08-05,C,62000.0
43,F-200,166550,2020,Land Rover,Discovery Sport,STAN,BLACK,63284,Yes,1.3,2026-08-05,F,4400.0
19,D-281,174381,2019,Land Rover,Discovery Sport,HSE,WHITE,89908,Yes,"",2026-08-05,D,4000.0
7,B-310,175144,2019,Land Rover,Discovery Sport,SE,BLACK,82834,No,"",2026-08-05,B,4200.0
24,B-081,174581,2024,Land Rover,Range Rover Evoque,C,WHITE,22738,Yes,4.8,2026-08-05,B,31600.0
7,B-160.6,175935,2020,Land Rover,Range Rover Evoque,S,BLACK,54615,No,"",2026-08-05,B,17000.0
8,A-238,175405,2015,Land Rover,Range Rover Evoque,P,SILVER,117270,No,"",2026-08-05,A,4200.0
29,D-249,175992,2022,Land Rover,Range Rover Sport,"",GRAY,31189,Yes,4.4,2026-08-05,D,67000.0
33,B-448,173862,2020,Land Rover,Range Rover Sport,"",GRAY,44577,Yes,4.3,2026-08-05,B,30800.0
26,B-430,175333,2019,Land Rover,Range Rover Sport,"",BLACK,85062,Yes,"",2026-08-05,B,19400.0
34,A-022,175904,2017,Land Rover,Range Rover Sport,"",BLACK,105148,Yes,4.2,2026-08-05,A,7900.0
23,D-135,173810,2012,Land Rover,Range Rover Sport,HS,GREEN,112778,Yes,"",2026-08-05,D,2600.0
32,F-160,171744,2018,Land Rover,Range Rover Velar,"",WHITE,71207,Yes,1.7,2026-08-05,F,7400.0
8,C-188,174872,2005,Lexus,ES 330,4DR SDN,BLACK,149691,No,"",2026-08-05,C,1700.0
26,C-904,173841,2023,Lexus,ES 350,ES 350,WHITE,21874,Yes,4.5,2026-08-05,C,34200.0
0,X-021,176206,2023,Lexus,ES 350,ES 350,RED,18696,No,"",2026-08-05,X,36600.0
26,D-206,175219,2021,Lexus,ES 350,ES 350,SILVER,22936,Yes,4.7,2026-08-05,D,33000.0
32,D-222.9,175734,2018,Lexus,ES 350,ES 350,BLACK,76815,Yes,3.6,2026-08-05,D,18400.0
30,D-183,173619,2025,Lexus,ES-Series,"",RED,12600,Yes,4.5,2026-08-05,D,39000.0
26,D-222.2,175679,2025,Lexus,ES-Series,"",BLUE,20948,Yes,4.6,2026-08-05,D,39200.0
26,D-157,174920,2024,Lexus,ES-Series,"",RED,14411,Yes,4.8,2026-08-05,D,43200.0
26,D-169,174936,2024,Lexus,ES-Series,"",GRAY,36194,Yes,4.6,2026-08-05,D,36600.0
29,D-205,175069,2024,Lexus,ES-Series,"",BLACK,14857,Yes,3.9,2026-08-05,D,37600.0
35,D-223.9,175909,2001,Lexus,GS 300,4DR SDN,SILVER,91170,Yes,3.3,2026-08-05,D,5400.0
34,B-143.1,176039,2018,Lexus,GS 350,F SPORT,GRAY,95116,Yes,2.5,2026-08-05,B,20300.0
29,D-222,175568,2023,Lexus,GX 460,Luxury,BLACK,55939,Yes,4.7,2026-08-05,D,51600.0
30,D-210,175226,2023,Lexus,GX 460,PREMIUM,SILVER,33266,Yes,3.8,2026-08-05,D,50800.0
29,C-903,173856,2021,Lexus,GX 460,PREMIUM,WHITE,87834,Yes,4.1,2026-08-05,C,32000.0
29,C-126,175637,2021,Lexus,GX 460,PREMIUM,BLUE,26638,Yes,4.3,2026-08-05,C,44800.0
32,B-290,174414,2020,Lexus,GX 460,PREMIUM,WHITE,79059,Yes,3.6,2026-08-05,B,31400.0
34,D-204,175192,2014,Lexus,GX 460,4DR,WHITE,99018,Yes,2.8,2026-08-05,D,17600.0
8,A-292,176028,2017,Lexus,IS 200t,IS TURBO F S,WHITE,113499,No,"",2026-08-05,A,13500.0
7,B-047,175758,2016,Lexus,IS 200t,4DR SDN,WHITE,188755,No,"",2026-08-05,B,3900.0
24,B-249,172828,2015,Lexus,IS 250,4DR SPORT SDN,BLACK,157604,Yes,"",2026-08-05,B,4600.0
25,C-049,175221,2023,Lexus,IS 300,IS 300,SILVER,21699,Yes,4.7,2026-08-05,C,32000.0
29,D-223.2,175738,2023,Lexus,IS 300,IS 300,RED,38342,Yes,4.4,2026-08-05,D,29000.0
32,B-143.2,176158,2018,Lexus,IS 300,IS 300,WHITE,84465,Yes,3.9,2026-08-05,B,15800.0
29,C-082,175481,2023,Lexus,IS 350,F SPORT,SILVER,33980,Yes,4.9,2026-08-05,C,40000.0
24,A-180,175590,2021,Lexus,IS 350,F Sport,WHITE,16141,Yes,4.8,2026-08-05,A,40000.0
33,C-039,174537,2021,Lexus,IS 350,F Sport,BLUE,25748,Yes,4.3,2026-08-05,C,37000.0
41,D-160,174926,2016,Lexus,IS 350,4DR SDN,GRAY,78066,Yes,2.8,2026-08-05,D,18000.0
25,D-171,174275,2026,Lexus,IS-Series,"",RED,1987,Yes,4.9,2026-08-05,D,50200.0
25,D-222.8,175731,2025,Lexus,IS-Series,"",BLACK,5302,Yes,4.9,2026-08-05,D,36000.0
25,D-167,174932,2025,Lexus,IS-Series,"",GRAY,16855,Yes,4.5,2026-08-05,D,40600.0
24,D-182,173615,2025,Lexus,IS-Series,"",SILVER,7605,Yes,4.8,2026-08-05,D,40200.0
29,C-086,176030,2025,Lexus,IS-Series,"",OTHER,5319,Yes,4.8,2026-08-05,C,41800.0
27,D-223,175576,2025,Lexus,IS-Series,"",GRAY,17653,Yes,4.6,2026-08-05,D,43200.0
26,D-221.6,175619,2025,Lexus,IS-Series,"",OTHER,5684,Yes,4.8,2026-08-05,D,45400.0
32,D-168,174927,2025,Lexus,IS-Series,"",GRAY,5222,Yes,4.3,2026-08-05,D,42000.0
29,D-223.6,175789,2024,Lexus,IS-Series,"",WHITE,42003,Yes,4.6,2026-08-05,D,32000.0
26,W-013,173568,2024,Lexus,IS-Series,"",WHITE,34044,Yes,4.4,2026-08-05,W,35000.0
38,D-223.4,175769,2024,Lexus,IS-Series,"",BLACK,17371,Yes,3.5,2026-08-05,D,33000.0
27,D-161,174922,2024,Lexus,IS-Series,"",GRAY,16090,Yes,4.6,2026-08-05,D,32800.0
36,D-223.3,175768,2024,Lexus,IS-Series,"",SILVER,36834,Yes,2.5,2026-08-05,D,30000.0
30,X-006,174257,2024,Lexus,IS-Series,"",GRAY,26162,Yes,4.2,2026-08-05,X,37000.0
26,D-224,174241,2024,Lexus,IS-Series,"",BLACK,16155,Yes,4.6,2026-08-05,D,35600.0
29,C-038,175390,2024,Lexus,IS-Series,"",BLACK,11325,Yes,4.6,2026-08-05,C,42000.0
25,D-164,173566,2026,Lexus,LX-Series,"",BLACK,18677,Yes,4.8,2026-08-05,D,98000.0
10,C-140,173317,2017,Lexus,NX 200t,NX TURBO,WHITE,134360,No,"",2026-08-05,C,9000.0
24,B-214,173555,2016,Lexus,NX 200t,4DR,WHITE,144741,Yes,"",2026-08-05,B,9000.0
28,C-436,175859,2023,Lexus,NX 250,NX 250,WHITE,13866,Yes,4.6,2026-08-05,C,31400.0
33,D-201,175190,2021,Lexus,NX 300,F Sport,GRAY,75449,Yes,4.0,2026-08-05,D,24600.0
27,B-236,175476,2019,Lexus,NX 300h,NX 300H,WHITE,106078,Yes,4.4,2026-08-05,B,19200.0
27,C-083,175509,2023,Lexus,NX 350h,Premium,BLACK,24456,Yes,4.2,2026-08-05,C,38800.0
25,D-220,175236,2026,Lexus,NX-Series,"",BLACK,8221,Yes,4.8,2026-08-05,D,42400.0
27,D-215,174228,2025,Lexus,NX-Series,"",GRAY,18648,Yes,4.6,2026-08-05,D,40000.0
27,D-153,174933,2025,Lexus,NX-Series,"",WHITE,18971,Yes,4.7,2026-08-05,D,41600.0
25,D-176,175064,2025,Lexus,NX-Series,"",WHITE,27127,Yes,4.6,2026-08-05,D,35400.0
24,D-184,175066,2025,Lexus,NX-Series,"",SILVER,21755,Yes,4.7,2026-08-05,D,40400.0
28,D-147,175563,2025,Lexus,NX-Series,"",SILVER,5535,Yes,4.9,2026-08-05,D,38200.0
24,D-154,172177,2025,Lexus,NX-Series,"",WHITE,3515,Yes,4.8,2026-08-05,D,43500.0
28,D-221.7,175624,2025,Lexus,NX-Series,"",WHITE,15845,Yes,4.2,2026-08-05,D,53000.0
28,B-309,175142,2025,Lexus,NX-Series,"",WHITE,21721,Yes,4.4,2026-08-05,B,39600.0
28,D-198,175176,2025,Lexus,NX-Series,"",GREEN,2197,Yes,4.7,2026-08-05,D,44200.0
27,D-221.4,175606,2025,Lexus,NX-Series,"",BLUE,16913,Yes,4.7,2026-08-05,D,36400.0
28,D-158,174908,2025,Lexus,NX-Series,"",WHITE,8084,Yes,4.7,2026-08-05,D,39000.0
25,D-159,173560,2024,Lexus,NX-Series,"",WHITE,2096,Yes,4.8,2026-08-05,D,42200.0
23,C-061,173767,2024,Lexus,NX-Series,"",BLACK,24362,Yes,"",2026-08-05,C,32200.0
28,D-190,175157,2024,Lexus,NX-Series,"",SILVER,22702,Yes,4.8,2026-08-05,D,37300.0
25,D-181,175065,2024,Lexus,NX-Series,"",RED,29798,Yes,4.8,2026-08-05,D,34200.0
28,D-155,174913,2024,Lexus,NX-Series,"",SILVER,36728,Yes,4.4,2026-08-05,D,31800.0
25,D-179,175070,2024,Lexus,NX-Series,"",SILVER,21953,Yes,4.6,2026-08-05,D,34400.0
30,C-040,175222,2024,Lexus,NX-Series,"",BLACK,73190,Yes,4.0,2026-08-05,C,25800.0
31,D-221.1,175592,2024,Lexus,NX-Series,"",OTHER,31114,Yes,4.6,2026-08-05,D,33600.0
25,C-058,175220,2024,Lexus,NX-Series,"",GRAY,37761,Yes,4.6,2026-08-05,C,30600.0
28,C-081,175474,2024,Lexus,NX-Series,"",BLACK,24093,Yes,4.2,2026-08-05,C,33200.0
27,D-192,175067,2023,Lexus,RX 350,F SPORT HANDL,GRAY,58941,Yes,4.4,2026-08-05,D,43000.0
30,D-222.3,175689,2023,Lexus,RX 350,LUXURY,WHITE,60010,Yes,4.5,2026-08-05,D,41200.0
26,C-905,174127,2023,Lexus,RX 350,PREMIUM,WHITE,11862,Yes,4.7,2026-08-05,C,43000.0
28,C-075,175235,2023,Lexus,RX 350,PREMIUM,SILVER,34134,Yes,4.4,2026-08-05,C,40800.0
27,C-057,175240,2023,Lexus,RX 350,PREMIUM,BLUE,29252,Yes,4.8,2026-08-05,C,41600.0
29,A-217,175458,2023,Lexus,RX 350,PREMIUM PLUS,ORANGE,18357,Yes,4.5,2026-08-05,A,43250.0
26,D-221.5,175607,2023,Lexus,RX 350,PREMIUM PLUS,WHITE,22237,Yes,4.2,2026-08-05,D,42600.0
27,D-225,175578,2023,Lexus,RX 350,PREMIUM PLUS,WHITE,20665,Yes,4.7,2026-08-05,D,45400.0
0,W-008,175595,2019,Lexus,RX 350,F SPORT,BLUE,52397,No,"",2026-08-05,W,30700.0
33,D-195,175172,2016,Lexus,RX 350,4DR,BLACK,101851,Yes,4.3,2026-08-05,D,19800.0
24,C-032,176061,2016,Lexus,RX 350,4DR,BLUE,48205,Yes,"",2026-08-05,C,20000.0
37,C-906,176045,2013,Lexus,RX 350,4DR,BEIGE,68813,Yes,3.3,2026-08-05,C,12000.0
39,D-175,174952,2011,Lexus,RX 350,4DR,BLACK,133662,Yes,3.9,2026-08-05,D,8000.0
8,B-034,176103,2011,Lexus,RX 350,4DR,BLUE,135739,No,"",2026-08-05,B,8000.0
8,D-237,176193,2009,Lexus,RX 350,4DR,WHITE,139250,No,"",2026-08-05,D,5200.0
8,B-262,173476,2013,Lexus,RX 450h,4DR HYBR,BLACK,85860,No,"",2026-08-05,B,12600.0
26,D-163,174910,2025,Lexus,RX-Series,"",WHITE,15201,Yes,4.7,2026-08-05,D,47300.0
25,D-217,175223,2025,Lexus,RX-Series,"",BLUE,8364,Yes,4.6,2026-08-05,D,52800.0
28,D-174,174923,2025,Lexus,RX-Series,"",GRAY,6543,Yes,4.6,2026-08-05,D,48200.0
26,D-197,173751,2025,Lexus,RX-Series,"",GREEN,2208,Yes,4.6,2026-08-05,D,53800.0
26,D-149,175237,2025,Lexus,RX-Series,"",GREEN,11060,Yes,4.5,2026-08-05,D,52600.0
24,D-211,175225,2025,Lexus,RX-Series,"",BLUE,8609,Yes,4.9,2026-08-05,D,55000.0
24,D-208,175216,2025,Lexus,RX-Series,"",ORANGE,8239,Yes,4.8,2026-08-05,D,52000.0
26,D-222.5,175705,2025,Lexus,RX-Series,"",WHITE,20325,Yes,4.7,2026-08-05,D,46200.0
27,D-221.2,175600,2025,Lexus,RX-Series,"",WHITE,8692,Yes,4.7,2026-08-05,D,48600.0
29,D-185,175146,2024,Lexus,RX-Series,"",GRAY,18303,Yes,4.5,2026-08-05,D,54000.0
27,D-173,174915,2024,Lexus,RX-Series,"",WHITE,28147,Yes,4.4,2026-08-05,D,46800.0
26,D-213,175224,2024,Lexus,RX-Series,"",ORANGE,24031,Yes,4.6,2026-08-05,D,47200.0
24,C-060,175230,2024,Lexus,RX-Series,"",WHITE,19650,Yes,4.8,2026-08-05,C,54600.0
29,D-203,175191,2024,Lexus,RX-Series,"",SILVER,16698,Yes,4.5,2026-08-05,D,50800.0
28,D-188,175072,2024,Lexus,RX-Series,"",BLACK,19031,Yes,4.3,2026-08-05,D,42000.0
29,D-196,175560,2024,Lexus,RX-Series,"",SILVER,15097,Yes,4.6,2026-08-05,D,48000.0
28,D-170,174919,2024,Lexus,RX-Series,"",WHITE,10328,Yes,4.6,2026-08-05,D,45400.0
29,C-087.1,176047,2024,Lexus,RX-Series,"",WHITE,16754,Yes,4.2,2026-08-05,C,42000.0
25,D-202,175068,2025,Lexus,TX-Series,"",WHITE,13973,Yes,4.8,2026-08-05,D,53800.0
34,D-216,175229,2024,Lexus,TX-Series,"",BLACK,27471,Yes,3.9,2026-08-05,D,54200.0
32,D-218,174234,2024,Lexus,TX-Series,"",BLUE,46957,Yes,4.6,2026-08-05,D,53000.0
34,D-221.3,175594,2024,Lexus,TX-Series,"",WHITE,22354,Yes,4.3,2026-08-05,D,53200.0
23,C-025,176040,2025,Lexus,UX-Series,"",WHITE,4754,Yes,4.8,2026-08-05,C,36000.0
28,C-068,175420,2025,Lexus,UX-Series,"",BLACK,6638,Yes,3.7,2026-08-05,C,28900.0
33,A-304,173713,2021,Lincoln,Aviator,Reserve,WHITE,76383,Yes,3.5,2026-08-05,A,22000.0
36,A-199,175899,2021,Lincoln,Aviator,STANDARD,BLACK,76092,Yes,4.3,2026-08-05,A,20900.0
29,D-222.4,175693,2020,Lincoln,Aviator,Reserve,RED,39103,Yes,4.8,2026-08-05,D,26800.0
23,C-375,176008,2023,Lincoln,Corsair,Reserve,WHITE,20452,Yes,"",2026-08-05,C,29500.0
27,A-174,175609,2023,Lincoln,Corsair,Standard,GRAY,9359,Yes,4.7,2026-08-05,A,26400.0
29,C-027,176037,2022,Lincoln,Corsair,Standard,WHITE,97894,Yes,3.7,2026-08-05,C,12800.0
33,B-139.1,176035,2020,Lincoln,Corsair,Standard,BLUE,58650,Yes,4.1,2026-08-05,B,14400.0
39,F-108,172410,2019,Lincoln,MKC,STANDARD,SILVER,107857,Yes,1.8,2026-08-05,F,3000.0
8,X-016,175117,2018,Lincoln,MKC,Reserve,BLUE,85192,No,"",2026-08-05,X,10500.0
8,B-393.7,175604,2018,Lincoln,MKC,Select,GRAY,89518,No,"",2026-08-05,B,7600.0
8,B-393.9,175616,2017,Lincoln,MKC,Premiere,GOLD,120012,No,"",2026-08-05,B,2000.0
8,B-056,175281,2017,Lincoln,MKC,Select,BLACK,134856,No,"",2026-08-05,B,3500.0
7,B-242.8,176068,2017,Lincoln,MKZ,Select,SILVER,157202,No,"",2026-08-05,B,2200.0
7,B-394.3,175643,2017,Lincoln,MKZ,Select,BLUE,95498,No,"",2026-08-05,B,4000.0
27,A-176,175569,2025,Lincoln,Nautilus,Premiere,SILVER,2446,Yes,4.9,2026-08-05,A,44200.0
40,F-084,170014,2020,Lincoln,Nautilus,Reserve,GRAY,122305,Yes,2.0,2026-08-05,F,4400.0
0,B-393.5,175599,2019,Lincoln,Nautilus,Reserve,WHITE,66853,No,"",2026-08-05,B,14200.0
35,D-055,174973,2019,Lincoln,Nautilus,Select,BEIGE,61294,Yes,3.6,2026-08-05,D,14200.0
31,A-182,175602,2023,Lincoln,Navigator,STANDARD,SILVER,43367,Yes,4.4,2026-08-05,A,38100.0
30,A-175,175552,2020,Lincoln,Navigator,Reserve,BLACK,49290,Yes,4.4,2026-08-05,A,35800.0
8,B-139.4,176048,2007,Lincoln,Navigator, 4DR,BEIGE,193236,No,"",2026-08-05,B,600.0
7,A-179,174468,2019,Lincoln,Navigator L,Reserve,BLACK,116784,No,"",2026-08-05,A,16700.0
7,A-141,175721,2003,Lincoln,Town Car,Executive,WHITE,173887,No,"",2026-08-05,A,800.0
32,B-407,172010,2008,Maserati,QUATTROPORTE 4DR SDN,"",SILVER,19504,Yes,4.1,2026-08-05,B,12200.0
27,A-276,172926,2026,Mazda,CX-30,2.5 S SELECT S,SILVER,547,Yes,5.0,2026-08-05,A,24200.0
26,A-278,173144,2024,Mazda,CX-30,2.5 S PREFERRE,RED,9043,Yes,4.7,2026-08-05,A,22600.0
25,A-267,172925,2023,Mazda,CX-30,2.5 S CARBON E,GRAY,14068,Yes,4.8,2026-08-05,A,22200.0
30,D-239,175264,2022,Mazda,CX-30,2.5 S SELECT P,GRAY,65484,Yes,3.8,2026-08-05,D,16000.0
26,A-256,175661,2025,Mazda,CX-5,2.5 S,BLACK,12499,Yes,4.5,2026-08-05,A,23600.0
29,A-288,173891,2025,Mazda,CX-5,2.5 S PREFERRED,RED,9240,Yes,4.5,2026-08-05,A,25200.0
26,A-252,175177,2025,Mazda,CX-5,2.5 S SELECT PA,TAN,11974,Yes,4.7,2026-08-05,A,24300.0
29,A-281,172594,2024,Mazda,CX-5,2.5 S SELECT PA,BLUE,27179,Yes,4.2,2026-08-05,A,22200.0
29,A-273,172776,2024,Mazda,CX-5,2.5 S SELECT PA,BLUE,21561,Yes,4.2,2026-08-05,A,22200.0
28,X-003,173879,2023,Mazda,CX-5,2.5 S PREFERRED,BLACK,28430,Yes,4.6,2026-08-05,X,21300.0
26,A-251,175171,2023,Mazda,CX-5,2.5 S PREMIUM P,RED,46017,Yes,4.5,2026-08-05,A,21400.0
36,A-247,174029,2023,Mazda,CX-5,2.5 S SELECT PA,RED,53943,Yes,4.1,2026-08-05,A,19000.0
29,A-229,175490,2023,Mazda,CX-5,2.5 S SELECT PA,RED,9433,Yes,4.8,2026-08-05,A,22500.0
28,A-270,176110,2022,Mazda,CX-5,2.5 S CARBON ED,GRAY,108529,Yes,4.4,2026-08-05,A,16800.0
33,A-264,174579,2021,Mazda,CX-5,Grand Touring,BLACK,37087,Yes,3.9,2026-08-05,A,22200.0
9,B-139.7,176144,2021,Mazda,CX-5,Grand Touring,RED,126678,No,"",2026-08-05,B,13200.0
30,F-067,169206,2021,Mazda,CX-5,TOURING,RED,98059,Yes,2.3,2026-08-05,F,12000.0
8,B-393.1,175500,2020,Mazda,CX-5,Sport,WHITE,177065,No,"",2026-08-05,B,6400.0
38,A-250,174674,2018,Mazda,CX-5,Touring,WHITE,96565,Yes,4.2,2026-08-05,A,12600.0
23,B-137,176025,2015,Mazda,CX-5,Grand Touring,BLACK,109322,Yes,"",2026-08-05,B,8200.0
8,C-116,176011,2013,Mazda,CX-5,Touring,SILVER,180207,No,"",2026-08-05,C,1000.0
9,C-179,175428,2009,Mazda,CX-7,SPORT,BLUE,135686,No,"",2026-08-05,C,1600.0
9,D-018,175817,2007,Mazda,CX-7,GRAND TOURING,WHITE,156225,No,"",2026-08-05,D,1000.0
35,D-085,175849,2025,Mazda,CX-70,PHEV PREMIUM P,WHITE,35415,Yes,3.8,2026-08-05,D,28800.0
32,A-268,176102,2020,Mazda,CX-9,Touring,WHITE,105158,Yes,4.5,2026-08-05,A,14800.0
8,B-213,175119,2011,Mazda,CX-9,Grand Touring,WHITE,178176,No,"",2026-08-05,B,1000.0
8,A-170,175767,2009,Mazda,CX-9,GRAND TOURING,BLUE,172122,No,"",2026-08-05,A,700.0
28,A-255,175658,2025,Mazda,CX-90,PREFERRED PACK,GRAY,14937,Yes,4.8,2026-08-05,A,30000.0
33,D-064,175673,2024,Mazda,CX-90,3.3 TURBO PREF,RED,47416,Yes,3.7,2026-08-05,D,22200.0
29,A-035,174939,2021,Mazda,Mazda3,HATCHBACK 2.5,GRAY,9016,Yes,4.6,2026-08-05,A,23800.0
34,D-031,175021,2020,Mazda,Mazda3,HATCHBACK PRE,GRAY,106345,Yes,3.3,2026-08-05,D,9800.0
23,B-139.6,176052,2019,Mazda,Mazda3,SEDAN W/SELEC,BLACK,77149,Yes,"",2026-08-05,B,11600.0
10,C-219,175453,2012,Mazda,Mazda3,i Touring,BLUE,101988,No,"",2026-08-05,C,1400.0
8,C-260,175290,2012,Mazda,Mazda3,S GRAND TOURI,BLACK,139130,No,"",2026-08-05,C,2400.0
9,A-354,171984,2011,Mazda,Mazda3,i Touring,BLUE,202989,No,"",2026-08-05,A,500.0
43,B-477,171079,2008,Mazda,Mazda3,I TOURING *LT,GRAY,126547,Yes,2.5,2026-08-05,B,600.0
8,B-130,175375,2008,Mazda,Mazda3,SPORT *LTD AV,BLACK,194638,No,"",2026-08-05,B,500.0
0,X-020,176199,2023,Mazda,MX-5 Miata,MIATA GRAND TOU,BLACK,24284,No,"",2026-08-05,X,24000.0
31,C-070,175173,2020,Mercedes-Benz,A-Class,"",SILVER,52048,Yes,4.1,2026-08-05,C,16200.0
8,B-277,174983,2013,Mercedes-Benz,C Class,C 250 LUXURY,WHITE,135886,No,"",2026-08-05,B,2700.0
7,B-267,175297,2012,Mercedes-Benz,C Class,C 250,BLACK,56567,No,"",2026-08-05,B,6400.0
29,C-121,173230,2025,Mercedes-Benz,C-Class,"",WHITE,12625,Yes,3.7,2026-08-05,C,32200.0
26,D-187,175149,2023,Mercedes-Benz,C-Class,"",WHITE,13586,Yes,4.6,2026-08-05,D,43800.0
35,C-251,175244,2018,Mercedes-Benz,C-Class,"",BLACK,62373,Yes,3.4,2026-08-05,C,20300.0
31,D-191,175163,2018,Mercedes-Benz,C-Class,"",GRAY,38991,Yes,3.7,2026-08-05,D,14800.0
29,D-242,174347,2018,Mercedes-Benz,C-Class,"",BLACK,133632,Yes,4.1,2026-08-05,D,6000.0
24,B-243,175776,2018,Mercedes-Benz,C-Class,"",GRAY,118422,Yes,"",2026-08-05,B,13000.0
36,C-108,175352,2017,Mercedes-Benz,C-Class,"",GRAY,58229,Yes,3.1,2026-08-05,C,7700.0
33,D-223.5,175771,2018,Mercedes-Benz,CLA,250 CLA 250 COUP,WHITE,64234,Yes,4.0,2026-08-05,D,12400.0
35,A-109,176180,2018,Mercedes-Benz,CLA,250 CLA 250 COUP,WHITE,81976,Yes,4.5,2026-08-05,A,9100.0
37,D-226,175061,2017,Mercedes-Benz,CLA,250 4MATIC,WHITE,53687,Yes,3.8,2026-08-05,D,9000.0
38,F-045,170163,2017,Mercedes-Benz,CLA,250 CLA 250 COUP,RED,136620,Yes,3.3,2026-08-05,F,4500.0
30,D-223.7,175791,2015,Mercedes-Benz,E Class,"",BLUE,36700,Yes,4.2,2026-08-05,D,21400.0
28,D-244,175319,2015,Mercedes-Benz,E Class,"",BLACK,41839,Yes,4.8,2026-08-05,D,15200.0
8,B-125,174164,2014,Mercedes-Benz,E Class,E 350 SPORT,BLACK,74384,No,"",2026-08-05,B,4000.0
7,C-214,175115,2005,Mercedes-Benz,E Class,5.0L,BLACK,184746,No,"",2026-08-05,C,500.0
23,B-042,173501,2003,Mercedes-Benz,E Class,5.0L,SILVER,70306,Yes,"",2026-08-05,B,2100.0
9,B-008,175966,2000,Mercedes-Benz,E Class,4DR SDN 3.2L,BLACK,198899,No,"",2026-08-05,B,500.0
31,D-234,176149,2018,Mercedes-Benz,E-Class,"",GRAY,61320,Yes,4.1,2026-08-05,D,14200.0
9,B-160.7,175934,2015,Mercedes-Benz,GL Class,"",WHITE,152682,No,"",2026-08-05,B,4100.0
32,D-044,175596,2021,Mercedes-Benz,GLA,250 4MATIC,BLUE,40302,Yes,4.4,2026-08-05,D,20000.0
42,D-245,175332,2021,Mercedes-Benz,GLA,250 GLA 250 SUV,BLACK,44154,Yes,2.9,2026-08-05,D,18200.0
0,A-903,176217,2021,Mercedes-Benz,GLA,GLA-CLASS GLA250 4MA,BLUE,40302,No,"",2026-08-05,A,19500.0
9,C-388,175126,2016,Mercedes-Benz,GLA,250 4DR GLA,GRAY,128392,No,"",2026-08-05,C,3400.0
31,D-232,176064,2021,Mercedes-Benz,GLC,300 SUV,SILVER,50240,Yes,3.2,2026-08-05,D,19400.0
32,B-227,175140,2018,Mercedes-Benz,GLC,300 GLC 300 SUV,WHITE,84366,Yes,3.7,2026-08-05,B,9400.0
24,B-428,175343,2017,Mercedes-Benz,GLC,300 GLC 300 SUV,WHITE,85391,Yes,"",2026-08-05,B,11200.0
28,A-131,175408,2026,Mercedes-Benz,GLE,350 GLE 350 SUV,BLACK,14872,Yes,4.6,2026-08-05,A,47500.0
26,D-236,176192,2022,Mercedes-Benz,GLE,450 4MATIC,BLUE,55134,Yes,4.9,2026-08-05,D,36200.0
25,F-001,170635,2021,Mercedes-Benz,GLE,350 GLE 350 SUV,GRAY,53224,Yes,3.2,2026-08-05,F,23400.0
32,X-013,174787,2018,Mercedes-Benz,GLE,350 4MATIC,BLACK,57868,Yes,3.9,2026-08-05,X,17000.0
9,D-247,176191,2010,Mercedes-Benz,GLK Class,GLK 350,TAN,147556,No,"",2026-08-05,D,2400.0
8,B-239,175484,2010,Mercedes-Benz,GLK Class,GLK 350,BLUE,165093,No,"",2026-08-05,B,1200.0
29,D-248,169385,2023,Mercedes-Benz,GLS,580 4MATIC,BLACK,55646,Yes,4.4,2026-08-05,D,48800.0
24,A-275,169968,2008,Mercedes-Benz,M Class,3.5L,WHITE,175867,Yes,"",2026-08-05,A,800.0
36,D-233,176078,2015,Mercedes-Benz,S Class,"",BLACK,77533,Yes,3.6,2026-08-05,D,16200.0
38,D-012,174408,2013,Mercedes-Benz,SL Class,SL 550,BLACK,79437,Yes,3.6,2026-08-05,D,17400.0
42,C-358,175360,2019,Mini,Cooper,"",RED,83908,Yes,2.6,2026-08-05,C,8200.0
34,F-004,172373,2025,Mitsubishi,Eclipse Cross,LE,BLACK,27775,Yes,4.2,2026-08-05,F,17000.0
41,F-117,170531,2022,Mitsubishi,Eclipse Cross,ES,BLACK,122829,Yes,1.3,2026-08-05,F,5000.0
29,B-088,174943,2024,Mitsubishi,Mirage G4,ES,GRAY,28601,Yes,3.9,2026-08-05,B,11600.0
30,B-286,175046,2025,Mitsubishi,Outlander,SE,BLACK,7673,Yes,4.6,2026-08-05,B,24900.0
30,B-350,172658,2024,Mitsubishi,Outlander,SE,SILVER,40598,Yes,4.3,2026-08-05,B,19200.0
26,C-409,175258,2024,Mitsubishi,Outlander,SE,RED,16557,Yes,4.8,2026-08-05,C,21600.0
29,F-018,171636,2024,Mitsubishi,Outlander,SEL,WHITE,23835,Yes,4.2,2026-08-05,F,23600.0
37,B-052,175960,2024,Mitsubishi,Outlander Sport,S,BLACK,77020,Yes,3.3,2026-08-05,B,10600.0
24,A-016,176051,2019,Mitsubishi,Outlander Sport,SE 2,BLUE,86985,Yes,"",2026-08-05,A,7200.0
44,F-158,170513,2015,Mitsubishi,Outlander Sport,SE,BLUE,97233,Yes,1.3,2026-08-05,F,1800.0
28,D-282,172425,2024,Nissan,Altima,2.5 SL,RED,12368,Yes,3.9,2026-08-05,D,22400.0
34,F-040,171609,2022,Nissan,Altima,2.5 SV,SILVER,47037,Yes,2.0,2026-08-05,F,12800.0
26,F-031,171770,2022,Nissan,Altima,2.5 SV,BLUE,83146,Yes,4.1,2026-08-05,F,11800.0
40,F-026,171897,2021,Nissan,Altima,2.0 SR,BLUE,76762,Yes,3.4,2026-08-05,F,12200.0
44,F-204,170264,2021,Nissan,Altima,2.5 SR,SILVER,99022,Yes,1.6,2026-08-05,F,4400.0
24,B-112,174861,2020,Nissan,Altima,2.5 S,BLACK,103198,Yes,"",2026-08-05,B,7500.0
42,D-102.3,175977,2020,Nissan,Altima,2.5 S,WHITE,100403,Yes,1.8,2026-08-05,D,5800.0
42,F-129,166455,2020,Nissan,Altima,2.5 S,BLUE,156687,Yes,1.8,2026-08-05,F,3600.0
43,D-222.1,175677,2015,Nissan,Altima,2.5 S,BLACK,122430,Yes,2.0,2026-08-05,D,1800.0
7,C-361,175413,2015,Nissan,Altima,2.5 SV,GRAY,188441,No,"",2026-08-05,C,1600.0
9,A-260,175678,2014,Nissan,Altima,2.5,BLACK,311251,No,"",2026-08-05,A,600.0
44,F-209,170247,2014,Nissan,Altima,2.5 S,GRAY,170706,Yes,1.4,2026-08-05,F,500.0
23,A-002,174180,2014,Nissan,Altima,2.5 SV,BLACK,82635,Yes,"",2026-08-05,A,500.0
8,B-471,175832,2013,Nissan,Altima,2.5,BLACK,213705,No,"",2026-08-05,B,600.0
7,B-124,175365,2013,Nissan,Altima,2.5 S,GRAY,145324,No,"",2026-08-05,B,1600.0
23,D-299,175520,2010,Nissan,Altima,2.5 S,WHITE,158967,Yes,"",2026-08-05,D,500.0
8,C-261,175750,2009,Nissan,Altima,2.5 S,SILVER,108431,No,"",2026-08-05,C,900.0
25,A-121,174035,2005,Nissan,Altima,2.5 S,GRAY,130366,Yes,"",2026-08-05,A,1500.0
37,F-019,166024,2024,Nissan,Ariya,EMPOWER+,BLACK,26914,Yes,4.1,2026-08-05,F,21400.0
8,B-199,175081,2019,Nissan,Armada,SL,BLUE,132915,No,"",2026-08-05,B,8000.0
28,A-084,175946,2025,Nissan,Frontier,PRO-X,ORANGE,1512,Yes,4.7,2026-08-05,A,32600.0
26,A-078,175924,2025,Nissan,Frontier,SV,WHITE,1399,Yes,4.9,2026-08-05,A,29200.0
34,C-177,175425,2023,Nissan,Frontier,PRO-4X,TAN,50336,Yes,2.8,2026-08-05,C,26000.0
31,D-036,174600,2023,Nissan,Frontier,SV,BLACK,22486,Yes,3.8,2026-08-05,D,23800.0
23,B-233,174313,2016,Nissan,Frontier,DESERT RUNN,BLACK,82266,Yes,"",2026-08-05,B,10400.0
8,B-455,175943,2014,Nissan,Frontier,S,BLACK,76238,No,"",2026-08-05,B,5600.0
8,C-175,172236,2011,Nissan,JUKE,SL,SILVER,176014,No,"",2026-08-05,C,1000.0
26,A-069,175580,2025,Nissan,Kicks,SV,RED,160,Yes,5.0,2026-08-05,A,22800.0
28,A-073,175896,2025,Nissan,Kicks,SV,WHITE,861,Yes,4.9,2026-08-05,A,21600.0
32,C-238,175655,2023,Nissan,Kicks,SV,GRAY,83112,Yes,3.2,2026-08-05,C,8500.0
29,F-073,170724,2021,Nissan,Kicks,SV,GRAY,103275,Yes,1.7,2026-08-05,F,4900.0
35,A-100,176139,2020,Nissan,Kicks,S,SILVER,75610,Yes,3.6,2026-08-05,A,7000.0
33,A-028,176100,2020,Nissan,Kicks,S,SILVER,97095,Yes,3.8,2026-08-05,A,6600.0
26,B-228,174279,2020,Nissan,Kicks,SV,SILVER,43450,Yes,3.9,2026-08-05,B,11000.0
28,F-150,170689,2019,Nissan,Kicks,S,BLACK,57205,Yes,1.5,2026-08-05,F,5000.0
41,F-113,171137,2021,Nissan,Maxima,SV,GRAY,112994,Yes,1.3,2026-08-05,F,5600.0
30,C-128,175650,2020,Nissan,Maxima,SL,GRAY,74760,Yes,4.2,2026-08-05,C,15000.0
23,B-139.5,176050,2018,Nissan,Maxima,SV,BLACK,72507,Yes,"",2026-08-05,B,8800.0
25,A-067,175894,2025,Nissan,Murano,SL,BLUE,1696,Yes,4.7,2026-08-05,A,32000.0
26,F-008,171203,2024,Nissan,Murano,SL,GRAY,9839,Yes,4.7,2026-08-05,F,26200.0
0,X-017,176043,2022,Nissan,Murano,SV,WHITE,31919,No,"",2026-08-05,X,18500.0
33,A-098,176065,2020,Nissan,Murano,S,BLACK,41655,Yes,4.0,2026-08-05,A,13300.0
32,D-125,175845,2020,Nissan,Murano,SV,WHITE,110462,Yes,4.0,2026-08-05,D,8000.0
8,B-425,176186,2018,Nissan,Murano,PLATINUM,SILVER,105942,No,"",2026-08-05,B,9000.0
10,B-454,175942,2016,Nissan,Murano,SL,WHITE,96268,No,"",2026-08-05,B,3800.0
25,A-900,173996,2019,Nissan,NV CARGO SV,"",WHITE,143776,Yes,"",2026-08-05,A,5800.0
7,B-144,174697,2025,Nissan,Pathfinder,SL,GREEN,15621,No,"",2026-08-05,B,28800.0
29,A-289,176169,2023,Nissan,Pathfinder,ROCK CREE,WHITE,89096,Yes,3.9,2026-08-05,A,21000.0
27,C-379,176077,2022,Nissan,Pathfinder,Platinum,RED,21147,Yes,4.7,2026-08-05,C,27200.0
9,C-171,175666,2018,Nissan,Pathfinder,SV,GRAY,113984,No,"",2026-08-05,C,5300.0
8,B-108.6,175961,2017,Nissan,Pathfinder,SL,BLUE,133781,No,"",2026-08-05,B,5500.0
24,B-451,174711,2017,Nissan,Pathfinder,SV,WHITE,121224,Yes,"",2026-08-05,B,2000.0
8,A-291,176058,2015,Nissan,Pathfinder,S,WHITE,146003,No,"",2026-08-05,A,1400.0
26,D-264,176007,2015,Nissan,Pathfinder,SL,GRAY,89359,Yes,"",2026-08-05,D,2400.0
7,C-114,175761,2007,Nissan,Pathfinder,LE,SILVER,121337,No,"",2026-08-05,C,500.0
7,B-002,175708,2007,Nissan,Pathfinder,SE,WHITE,304808,No,"",2026-08-05,B,500.0
24,B-475,174403,2013,Nissan,Quest,SL,GRAY,147742,Yes,"",2026-08-05,B,600.0
28,F-013,167869,2025,Nissan,Rogue,SV,SILVER,16155,Yes,4.7,2026-08-05,F,20000.0
29,D-294,175498,2024,Nissan,Rogue,SV,BLACK,11565,Yes,4.4,2026-08-05,D,19400.0
8,A-293,176031,2023,Nissan,Rogue,SV,BLACK,74701,Yes,4.6,2026-08-05,A,14200.0
28,A-043,174901,2023,Nissan,Rogue,SV,BLACK,27853,Yes,4.6,2026-08-05,A,19200.0
31,D-279,173352,2023,Nissan,Rogue,SV,BLACK,55036,Yes,3.8,2026-08-05,D,16000.0
24,D-298,175519,2023,Nissan,Rogue,SV,BLACK,65659,Yes,"",2026-08-05,D,14900.0
35,A-303,173676,2022,Nissan,Rogue,S,BLACK,94824,Yes,3.5,2026-08-05,A,11400.0
7,B-149,174747,2022,Nissan,Rogue,SL,SILVER,41660,No,"",2026-08-05,B,16800.0
30,C-281,175701,2021,Nissan,Rogue,Platinum,WHITE,32320,Yes,4.3,2026-08-05,C,20000.0
35,F-071,171911,2021,Nissan,Rogue,SV,WHITE,101330,Yes,2.3,2026-08-05,F,8600.0
33,C-297,174852,2020,Nissan,Rogue,SV,SILVER,66227,Yes,2.8,2026-08-05,C,10800.0
8,C-399,175432,2019,Nissan,Rogue,SL,SILVER,109661,No,"",2026-08-05,C,7000.0
37,F-091,165129,2019,Nissan,Rogue,SV,WHITE,35550,Yes,1.5,2026-08-05,F,8500.0
10,A-007,175028,2018,Nissan,Rogue,S,GRAY,210315,No,"",2026-08-05,A,2000.0
42,F-136,170188,2018,Nissan,Rogue,S,WHITE,179405,Yes,1.9,2026-08-05,F,1600.0
39,F-125,169725,2018,Nissan,Rogue,SV,WHITE,142364,Yes,1.3,2026-08-05,F,3400.0
8,A-294,176032,2017,Nissan,Rogue,SV,BLUE,262768,No,"",2026-08-05,A,1100.0
28,D-017,175814,2016,Nissan,Rogue,SV,BLUE,113068,Yes,"",2026-08-05,D,1800.0
8,B-237,175478,2015,Nissan,Rogue,S,WHITE,148537,No,"",2026-08-05,B,3300.0
8,B-272,174967,2015,Nissan,Rogue,SL,RED,92234,No,"",2026-08-05,B,6900.0
7,C-018,176178,2015,Nissan,Rogue,SV,GRAY,68142,No,"",2026-08-05,C,6500.0
7,A-298,173673,2013,Nissan,Rogue,S,BLACK,159311,No,"",2026-08-05,A,900.0
11,B-127,175370,2008,Nissan,Rogue,SL,BLUE,154312,No,"",2026-08-05,B,700.0
24,D-302,175672,2014,Nissan,Rogue Select,S,SILVER,89644,Yes,"",2026-08-05,D,1000.0
7,C-230,175579,2014,Nissan,Rogue Select,S,GRAY,178883,No,"",2026-08-05,C,1200.0
28,F-155,171658,2021,Nissan,Rogue Sport,S,GRAY,83888,Yes,2.3,2026-08-05,F,7200.0
29,B-049,175781,2020,Nissan,Rogue Sport,SV,RED,37933,Yes,4.6,2026-08-05,B,16600.0
32,B-050,175787,2019,Nissan,Rogue Sport,SV,BLACK,65525,Yes,3.8,2026-08-05,B,11000.0
37,B-051,175956,2018,Nissan,Rogue Sport,S,WHITE,92671,Yes,3.6,2026-08-05,B,7600.0
8,B-150,174518,2018,Nissan,Rogue Sport,SV,BLACK,140779,No,"",2026-08-05,B,2300.0
8,B-394.7,175955,2024,Nissan,Sentra,S,GRAY,30641,No,"",2026-08-05,B,15300.0
27,D-293,175494,2024,Nissan,Sentra,S,WHITE,9446,Yes,4.9,2026-08-05,D,17000.0
8,B-295,175971,2024,Nissan,Sentra,S,WHITE,37078,No,"",2026-08-05,B,14500.0
10,B-394.8,175953,2024,Nissan,Sentra,S,GRAY,34637,No,"",2026-08-05,B,15300.0
30,D-300,175627,2024,Nissan,Sentra,S,WHITE,23974,Yes,4.7,2026-08-05,D,16200.0
31,A-094,176075,2024,Nissan,Sentra,SV,GRAY,45039,Yes,3.3,2026-08-05,A,12100.0
24,A-198,175889,2022,Nissan,Sentra,S,SILVER,62484,Yes,"",2026-08-05,A,9800.0
8,D-121,175836,2022,Nissan,Sentra,SV,WHITE,175217,No,"",2026-08-05,D,4000.0
37,F-047,172569,2021,Nissan,Sentra,S,WHITE,57758,Yes,2.5,2026-08-05,F,9000.0
8,C-354,175127,2021,Nissan,Sentra,SV,WHITE,96529,No,"",2026-08-05,C,10200.0
7,D-007,175864,2018,Nissan,Sentra,SV,SILVER,126768,No,"",2026-08-05,D,3400.0
52,F-142,170521,2017,Nissan,Sentra,S,GRAY,179887,Yes,1.3,2026-08-05,F,1600.0
7,C-390,175129,2015,Nissan,Sentra,S,GRAY,160354,No,"",2026-08-05,C,1200.0
8,C-098,175252,2015,Nissan,Sentra,SV,BLACK,143862,No,"",2026-08-05,C,1500.0
31,C-170,175384,2024,Nissan,Titan,SV,BLACK,15108,Yes,4.4,2026-08-05,C,36200.0
23,D-275,172480,2019,Nissan,Titan,SV,BLUE,73838,Yes,"",2026-08-05,D,16200.0
27,A-063,175524,2025,Nissan,Versa,SV,BLACK,1509,Yes,4.9,2026-08-05,A,17500.0
39,C-362,175419,2020,Nissan,Versa,S,BLUE,87958,Yes,2.5,2026-08-05,C,5100.0
30,F-149,171163,2018,Nissan,Versa,SEDAN SV,SILVER,56085,Yes,2.0,2026-08-05,F,2000.0
7,A-300,174653,2017,Nissan,Versa,SEDAN SL,BLUE,126195,No,"",2026-08-05,A,700.0
9,C-321,170853,2015,Nissan,Versa,S PLUS,SILVER,90268,No,"",2026-08-05,C,1000.0
23,B-450,174596,2006,Nissan,Xterra,S,WHITE,189219,Yes,"",2026-08-05,B,1000.0
35,F-077,166467,2021,Polestar,Polestar 2,"",GRAY,110274,Yes,2.8,2026-08-05,F,7400.0
25,D-257,175973,2020,Porsche,911,CARRERA S,GRAY,38116,Yes,4.8,2026-08-05,D,112000.0
30,D-261,175548,2020,Porsche,Cayenne,"",BLACK,50101,Yes,3.7,2026-08-05,D,28600.0
29,A-392,175988,2020,Porsche,Cayenne,COUPE,BLACK,50181,Yes,4.5,2026-08-05,A,36000.0
8,C-131,174563,2016,Porsche,Cayenne,4DR,GRAY,121280,No,"",2026-08-05,C,9000.0
24,A-235,174064,2013,Porsche,Cayenne,4DR TIPT,BLACK,137372,Yes,"",2026-08-05,A,4500.0
26,B-364,174007,2022,Porsche,Macan,S,GRAY,26513,Yes,4.7,2026-08-05,B,44800.0
25,A-177,175572,2018,Porsche,Macan,"",BLUE,41571,Yes,4.6,2026-08-05,A,21600.0
30,B-107.7,175868,2016,Porsche,Macan,S,BLUE,101229,Yes,4.2,2026-08-05,B,8000.0
32,C-386,170470,2024,Ram,1500,Laramie,WHITE,40412,Yes,3.0,2026-08-05,C,28000.0
26,B-388,175451,2022,Ram,1500,Big Horn,WHITE,57910,Yes,4.8,2026-08-05,B,27600.0
35,B-393.2,175499,2021,Ram,1500,Big Horn,GRAY,100263,Yes,3.8,2026-08-05,B,17200.0
32,A-222,175508,2021,Ram,1500,Laramie,SILVER,75208,Yes,4.5,2026-08-05,A,28800.0
7,C-401,175180,2021,Ram,1500,LONGHORN,WHITE,118875,No,"",2026-08-05,C,22000.0
24,C-426,175546,2020,Ram,1500,Big Horn,SILVER,79683,Yes,"",2026-08-05,C,18000.0
8,A-173,175854,2017,Ram,1500,LONGHORN,BLACK,110579,No,"",2026-08-05,A,16400.0
32,O-001,174088,2017,Ram,1500,Rebel,RED,102045,Yes,3.6,2026-08-05,O,15500.0
24,A-158,172099,2017,Ram,1500,SLT,SILVER,159901,Yes,"",2026-08-05,A,6300.0
9,B-385,175318,2016,Ram,1500,Tradesman,BLACK,140488,No,"",2026-08-05,B,8600.0
8,A-314.4,175553,2012,Ram,1500,SLT,RED,133720,No,"",2026-08-05,A,4400.0
8,B-395.8,176160,2016,Ram,1500 ProMaster Vans,"",WHITE,91433,No,"",2026-08-05,B,7800.0
22,A-216.5,174851,2015,Ram,2500 ProMaster Vans,"",WHITE,96559,Yes,"",2026-08-05,A,8200.0
35,X-001,170239,2024,Ram,3500,Big Horn,WHITE,66275,Yes,4.2,2026-08-05,X,48200.0
28,D-061,175011,2025,Subaru,Ascent,Touring,SILVER,8549,Yes,4.6,2026-08-05,D,37800.0
10,C-213,175110,2019,Subaru,Ascent,Touring,WHITE,100966,No,"",2026-08-05,C,12000.0
33,D-039,175675,2019,Subaru,Crosstrek,Limited,GRAY,66761,Yes,3.1,2026-08-05,D,12800.0
26,D-129,173787,2018,Subaru,Crosstrek,Premium,GRAY,87171,Yes,"",2026-08-05,D,11800.0
30,A-226,175482,2023,Subaru,Forester,LIMITED,WHITE,35958,Yes,4.6,2026-08-05,A,23600.0
30,B-276,174048,2023,Subaru,Forester,TOURING,GREEN,39810,Yes,3.7,2026-08-05,B,24700.0
34,B-389,175454,2023,Subaru,Forester,TOURING,BLACK,27100,Yes,4.3,2026-08-05,B,25400.0
8,A-230,175380,2019,Subaru,Forester,TOURING,GRAY,105203,No,"",2026-08-05,A,13000.0
9,B-391,175461,2016,Subaru,Forester,2.5I PREMIU,SILVER,82445,No,"",2026-08-05,B,7200.0
7,B-281,172529,2018,Subaru,Impreza,Limited,BLUE,61680,No,"",2026-08-05,B,3000.0
7,A-240,175409,2018,Subaru,Impreza,Premium,WHITE,127278,No,"",2026-08-05,A,3000.0
8,A-243,175459,2018,Subaru,Impreza,SPORT,RED,105903,No,"",2026-08-05,A,5100.0
8,D-014,175003,2010,Subaru,Legacy,PREM ALL-WTHR,SILVER,166593,No,"",2026-08-05,D,800.0
27,B-303,175128,2020,Subaru,Outback,Limited,BLACK,52037,Yes,4.0,2026-08-05,B,19000.0
9,B-048,175779,2019,Subaru,Outback,Limited,GREEN,119670,No,"",2026-08-05,B,11800.0
40,C-299,174856,2016,Subaru,WRX,Limited,RED,85715,Yes,3.3,2026-08-05,C,10600.0
28,D-286,174431,2015,Subaru,WRX,4DR SDN MAN,WHITE,133888,Yes,"",2026-08-05,D,3000.0
36,D-089,175862,2023,Tesla,Model 3,"",GRAY,113887,Yes,3.6,2026-08-05,D,17600.0
25,B-057,176130,2022,Tesla,Model 3,"",WHITE,62718,Yes,"",2026-08-05,B,17000.0
25,B-256,175469,2021,Tesla,Model 3,Long Range,WHITE,53650,Yes,"",2026-08-05,B,21600.0
10,C-265,175760,2019,Tesla,Model 3,LONG RANGE,WHITE,112378,No,"",2026-08-05,C,14000.0
39,F-066,170025,2018,Tesla,Model 3,LONG RANGE B,BLACK,97927,Yes,2.3,2026-08-05,F,11600.0
29,D-194,175166,2022,Tesla,Model S,"",BLUE,61026,Yes,2.6,2026-08-05,D,38200.0
34,A-060,175415,2023,Tesla,Model Y,Long Range,GRAY,40654,Yes,3.4,2026-08-05,A,29400.0
41,D-200,175184,2022,Tesla,Model Y,Performance,GRAY,96358,Yes,3.9,2026-08-05,D,22700.0
8,B-374,174720,2024,Toyota,4Runner,SR5,GRAY,29227,No,"",2026-08-05,B,31200.0
35,C-382,175114,2023,Toyota,4Runner,TRD OFF ROAD,SILVER,27315,Yes,3.1,2026-08-05,C,34700.0
8,B-197,175368,2018,Toyota,4Runner,SR5,WHITE,156485,No,"",2026-08-05,B,16600.0
9,B-393.8,175608,2017,Toyota,4Runner,LIMITED,SILVER,98796,No,"",2026-08-05,B,25500.0
8,B-189,175348,2016,Toyota,4Runner,SR5,BLUE,59074,No,"",2026-08-05,B,17600.0
7,C-100,175274,2005,Toyota,Avalon,XLS,WHITE,220950,No,"",2026-08-05,C,1100.0
7,A-299,174635,2004,Toyota,Avalon,XLS,WHITE,125131,No,"",2026-08-05,A,1500.0
42,F-052,167897,2021,Toyota,C-HR,LE,GRAY,61527,Yes,2.5,2026-08-05,F,12000.0
31,F-028,170690,2021,Toyota,C-HR,XLE,BLACK,85684,Yes,3.7,2026-08-05,F,12400.0
37,F-046,172561,2020,Toyota,C-HR,LE,SILVER,143540,Yes,4.0,2026-08-05,F,8300.0
40,W-003,174576,2019,Toyota,C-HR,XLE,BLACK,95326,Yes,3.4,2026-08-05,W,9300.0
25,B-159,171760,2026,Toyota,Camry,SE,GRAY,30495,Yes,"",2026-08-05,B,24000.0
24,C-424,175517,2025,Toyota,Camry,LE,BLUE,22083,Yes,4.8,2026-08-05,C,24600.0
36,F-020,170090,2025,Toyota,Camry,SE,BLUE,31782,Yes,3.6,2026-08-05,F,25000.0
27,C-380,176080,2025,Toyota,Camry,SE,BLUE,60057,Yes,4.4,2026-08-05,C,23000.0
0,W-001,174882,2025,Toyota,Camry,XSE,GRAY,4642,No,"",2026-08-05,W,33500.0
24,C-044,175353,2024,Toyota,Camry,LE,WHITE,23390,Yes,4.4,2026-08-05,C,24400.0
34,C-397,175167,2024,Toyota,Camry,SE,GRAY,32453,Yes,3.8,2026-08-05,C,21000.0
36,C-079,175340,2024,Toyota,Camry,SE,BLACK,36063,Yes,3.5,2026-08-05,C,22800.0
44,D-076,175810,2024,Toyota,Camry,SE,BLUE,34814,Yes,2.4,2026-08-05,D,20800.0
29,C-050,175265,2023,Toyota,Camry,LE,SILVER,14607,Yes,4.2,2026-08-05,C,23000.0
34,B-016,175567,2023,Toyota,Camry,SE,GRAY,64378,Yes,3.2,2026-08-05,B,16200.0
8,C-104,175277,2022,Toyota,Camry,LE,GRAY,226908,No,"",2026-08-05,C,6000.0
25,C-022,176170,2022,Toyota,Camry,LE,GRAY,56338,Yes,4.4,2026-08-05,C,18200.0
31,C-074,175301,2021,Toyota,Camry,LE,WHITE,54704,Yes,3.7,2026-08-05,C,17200.0
35,F-082,172444,2021,Toyota,Camry,SE,WHITE,113903,Yes,3.3,2026-08-05,F,12000.0
26,F-043,171716,2021,Toyota,Camry,SE,SILVER,99074,Yes,4.3,2026-08-05,F,14200.0
9,C-222,175464,2021,Toyota,Camry,SE,SILVER,271048,No,"",2026-08-05,C,5200.0
33,B-223,175133,2021,Toyota,Camry,SE,GRAY,109996,Yes,3.0,2026-08-05,B,13800.0
11,C-102,175256,2021,Toyota,Camry,SE,BLACK,281093,No,"",2026-08-05,C,5200.0
40,F-053,172600,2020,Toyota,Camry,SE,BLACK,67860,Yes,2.3,2026-08-05,F,15100.0
45,F-133,170410,2020,Toyota,Camry,SE,GRAY,176088,Yes,1.3,2026-08-05,F,6400.0
33,D-212,175227,2020,Toyota,Camry,SE,BLUE,78834,Yes,2.9,2026-08-05,D,15200.0
8,A-126,175398,2020,Toyota,Camry,SE,BLUE,100408,No,"",2026-08-05,A,13000.0
7,C-097,175204,2020,Toyota,Camry,SE,BLACK,152763,No,"",2026-08-05,C,8200.0
37,B-135,176016,2019,Toyota,Camry,HYBRID XLE,WHITE,42938,Yes,3.6,2026-08-05,B,22000.0
8,C-015,175058,2018,Toyota,Camry,SE,SILVER,145498,No,"",2026-08-05,C,9400.0
27,B-053,175964,2017,Toyota,Camry,LE,BEIGE,95434,Yes,4.4,2026-08-05,B,13400.0
40,F-089,167295,2017,Toyota,Camry,SE,BLACK,147721,Yes,2.1,2026-08-05,F,4800.0
41,F-076,170548,2017,Toyota,Camry,SE,BEIGE,108704,Yes,2.1,2026-08-05,F,7800.0
10,C-107,175326,2014,Toyota,Camry,LE,GRAY,263865,No,"",2026-08-05,C,2700.0
50,F-137,167044,2014,Toyota,Camry,SE,GRAY,181630,Yes,2.1,2026-08-05,F,2100.0
10,B-208,175465,2014,Toyota,Camry,SE SPORT,GRAY,133872,No,"",2026-08-05,B,5600.0
24,B-220,174244,2012,Toyota,Camry,LE,RED,190863,Yes,"",2026-08-05,B,1300.0
8,B-183,175255,2012,Toyota,Camry,SE V6,RED,146043,No,"",2026-08-05,B,2800.0
9,B-160.3,175929,2009,Toyota,Camry,4DR SDN I4 AUT,BEIGE,185233,No,"",2026-08-05,B,800.0
9,B-453,175939,2009,Toyota,Camry,LE,RED,188746,No,"",2026-08-05,B,900.0
8,B-160.4,175932,2007,Toyota,Camry,LE,GRAY,198154,No,"",2026-08-05,B,800.0
24,A-352,170686,2005,Toyota,Camry,LE,BEIGE,89678,Yes,"",2026-08-05,A,2300.0
0,X-005,174898,2026,Toyota,Corolla,SE,BLACK,8,No,"",2026-08-05,X,25500.0
24,B-224,175136,2025,Toyota,Corolla,LE,GRAY,42404,Yes,"",2026-08-05,B,15800.0
40,F-039,165837,2025,Toyota,Corolla,LE,BLACK,18986,Yes,2.7,2026-08-05,F,17000.0
0,W-016,176202,2025,Toyota,Corolla,LE,GRAY,10568,No,"",2026-08-05,W,20500.0
24,B-287,175047,2024,Toyota,Corolla,HYBRID SE,GRAY,42785,Yes,"",2026-08-05,B,20200.0
7,A-117.1,174792,2024,Toyota,Corolla,LE,BLUE,54350,No,"",2026-08-05,A,7500.0
8,B-185,173834,2024,Toyota,Corolla,LE,SILVER,46662,No,"",2026-08-05,B,15400.0
25,C-031,175431,2024,Toyota,Corolla,LE,SILVER,29766,Yes,"",2026-08-05,C,15800.0
10,C-331,175188,2023,Toyota,Corolla,LE,SILVER,93264,No,"",2026-08-05,C,13500.0
36,F-088,171903,2023,Toyota,Corolla,LE,WHITE,146455,Yes,3.8,2026-08-05,F,10200.0
34,D-066,175725,2023,Toyota,Corolla,SE,SILVER,29020,Yes,2.2,2026-08-05,D,18400.0
7,A-031,175337,2022,Toyota,Corolla,LE,BLACK,169734,No,"",2026-08-05,A,6600.0
37,F-057,167619,2022,Toyota,Corolla,LE,BLUE,76080,Yes,2.3,2026-08-05,F,11600.0
7,C-236,175621,2022,Toyota,Corolla,LE,SILVER,105067,No,"",2026-08-05,C,10000.0
37,F-041,170530,2022,Toyota,Corolla,LE,BLACK,74315,Yes,3.6,2026-08-05,F,13600.0
7,B-193,175362,2022,Toyota,Corolla,LE,RED,53530,No,"",2026-08-05,B,10800.0
28,F-090,171692,2022,Toyota,Corolla,SE,BLACK,152244,Yes,3.6,2026-08-05,F,8000.0
40,C-059,175296,2021,Toyota,Corolla,HYBRID LE,SILVER,97132,Yes,3.0,2026-08-05,C,13200.0
37,F-056,170002,2021,Toyota,Corolla,LE,SILVER,75536,Yes,2.3,2026-08-05,F,12400.0
37,F-024,170544,2021,Toyota,Corolla,LE,SILVER,76057,Yes,2.6,2026-08-05,F,11400.0
42,D-052,175724,2021,Toyota,Corolla,LE,SILVER,86839,Yes,1.7,2026-08-05,D,10000.0
24,B-019,175707,2021,Toyota,Corolla,LE,GRAY,47372,Yes,"",2026-08-05,B,9000.0
37,F-083,169854,2021,Toyota,Corolla,LE,WHITE,118611,Yes,2.3,2026-08-05,F,8200.0
33,A-089,176009,2021,Toyota,Corolla,LE,BLUE,54927,Yes,4.1,2026-08-05,A,15300.0
41,F-032,168938,2021,Toyota,Corolla,LE,BLACK,6132,Yes,3.4,2026-08-05,F,15200.0
25,C-088,176057,2021,Toyota,Corolla,SE,RED,30375,Yes,"",2026-08-05,C,13000.0
42,B-045,175753,2020,Toyota,Corolla,HATCHBACK XS,WHITE,76838,Yes,3.4,2026-08-05,B,15000.0
38,F-085,170710,2020,Toyota,Corolla,LE,GRAY,130645,Yes,2.8,2026-08-05,F,8000.0
37,A-120,175391,2020,Toyota,Corolla,LE,WHITE,81484,Yes,4.0,2026-08-05,A,12600.0
8,B-198,175369,2020,Toyota,Corolla,SE,SILVER,100135,No,"",2026-08-05,B,11200.0
10,B-191,175354,2020,Toyota,Corolla,SE,BLACK,94172,No,"",2026-08-05,B,6800.0
37,C-292,174847,2020,Toyota,Corolla,SE,SILVER,44806,Yes,2.1,2026-08-05,C,13200.0
43,F-075,170172,2020,Toyota,Corolla,SE,WHITE,108608,Yes,2.1,2026-08-05,F,9000.0
24,C-052,174949,2019,Toyota,Corolla,LE,SILVER,78744,Yes,"",2026-08-05,C,9000.0
34,D-137,172420,2019,Toyota,Corolla,LE,WHITE,74039,Yes,3.1,2026-08-05,D,10900.0
39,F-051,172158,2018,Toyota,Corolla,LE,GRAY,60673,Yes,1.7,2026-08-05,F,8200.0
39,F-114,171115,2018,Toyota,Corolla,LE,SILVER,125229,Yes,2.6,2026-08-05,F,5600.0
38,F-078,169177,2018,Toyota,Corolla,LE,WHITE,111448,Yes,1.3,2026-08-05,F,6800.0
0,B-470,176203,2018,Toyota,Corolla,LE,GRAY,344997,No,"",2026-08-05,B,1200.0
8,B-001,175577,2017,Toyota,Corolla,LE,BLACK,329665,No,"",2026-08-05,B,3500.0
8,C-302,175199,2017,Toyota,Corolla,SE,WHITE,115431,No,"",2026-08-05,C,8200.0
48,F-110,170567,2016,Toyota,Corolla,LE,SILVER,102713,Yes,1.3,2026-08-05,F,4400.0
9,B-159.4,175793,2016,Toyota,Corolla,LE,WHITE,54336,No,"",2026-08-05,B,4400.0
24,A-074,175922,2015,Toyota,Corolla,L,GRAY,74682,Yes,"",2026-08-05,A,9500.0
8,B-395.1,176128,2015,Toyota,Corolla,LE,GRAY,186921,No,"",2026-08-05,B,5000.0
8,C-183,174864,2014,Toyota,Corolla,S PLUS,GRAY,163012,No,"",2026-08-05,C,4400.0
8,B-159.8,175809,2013,Toyota,Corolla,LE,GRAY,85506,No,"",2026-08-05,B,4500.0
8,B-229,175143,2013,Toyota,Corolla,LE,BLACK,124628,No,"",2026-08-05,B,4100.0
24,B-206,171986,2011,Toyota,Corolla,LE,SILVER,148176,Yes,"",2026-08-05,B,1400.0
7,B-091,174960,2011,Toyota,Corolla,S,WHITE,153758,No,"",2026-08-05,B,800.0
7,B-096,175197,2010,Toyota,Corolla,LE,GRAY,118917,No,"",2026-08-05,B,5100.0
23,D-284,173629,2010,Toyota,Corolla,LE,GREEN,143061,Yes,"",2026-08-05,D,1800.0
8,A-003,174885,2010,Toyota,Corolla,LE,WHITE,175352,No,"",2026-08-05,A,2800.0
8,B-160.2,175848,2009,Toyota,Corolla,S,SILVER,196427,No,"",2026-08-05,B,2200.0
8,B-184,175269,2009,Toyota,Corolla,S,SILVER,197125,No,"",2026-08-05,B,700.0
7,B-192,175358,2008,Toyota,Corolla,LE,SILVER,178693,No,"",2026-08-05,B,1700.0
7,B-114,174924,2006,Toyota,Corolla,S,RED,1,No,"",2026-08-05,B,900.0
7,A-338,175807,2002,Toyota,Corolla,LE,GRAY,1,No,"",2026-08-05,A,500.0
24,A-049,175076,2026,Toyota,Corolla Cross,L,GRAY,8233,Yes,4.8,2026-08-05,A,25400.0
29,D-262,176004,2026,Toyota,Corolla Cross,XLE,WHITE,3154,Yes,4.9,2026-08-05,D,30800.0
0,O-008,175938,2025,Toyota,Corolla Cross,LE,WHITE,20916,No,"",2026-08-05,O,25000.0
28,A-142,175723,2024,Toyota,Corolla Cross,L,WHITE,70916,Yes,3.8,2026-08-05,A,19400.0
28,B-280,175043,2024,Toyota,Corolla Cross,LE,WHITE,11245,Yes,4.7,2026-08-05,B,25200.0
8,B-187,175273,2023,Toyota,Corolla Cross,HYBRID,WHITE,23394,No,"",2026-08-05,B,26600.0
11,B-159.7,175794,2023,Toyota,Corolla Cross,XLE,SILVER,88894,No,"",2026-08-05,B,17500.0
9,B-165,173526,2022,Toyota,Corolla Cross,LE,GRAY,74523,No,"",2026-08-05,B,14800.0
28,A-036,175339,2023,Toyota,Crown,XLE,WHITE,13660,Yes,4.3,2026-08-05,A,31000.0
8,A-151,174996,2008,Toyota,FJ Cruiser,4DR A,RED,197560,No,"",2026-08-05,A,6300.0
29,D-221.9,175630,2025,Toyota,Highlander,PLATINUM,WHITE,5403,Yes,4.7,2026-08-05,D,50200.0
27,C-901,174753,2024,Toyota,Highlander,PLATINUM,WHITE,35749,Yes,4.6,2026-08-05,C,40500.0
33,B-108.3,175882,2024,Toyota,Highlander,XLE,BLACK,46551,Yes,4.3,2026-08-05,B,32800.0
27,C-045,175262,2024,Toyota,Highlander,XSE,BLUE,24640,Yes,4.6,2026-08-05,C,38000.0
0,X-009,175468,2023,Toyota,Highlander,HYBRID XL,WHITE,45705,No,"",2026-08-05,X,37500.0
8,C-030,175421,2022,Toyota,Highlander,XLE,GOLD,151087,No,"",2026-08-05,C,15400.0
9,B-159.9,175804,2022,Toyota,Highlander,XLE,WHITE,51651,No,"",2026-08-05,B,28800.0
27,B-203,175085,2021,Toyota,Highlander,LE,SILVER,71333,Yes,4.5,2026-08-05,B,21000.0
36,B-387,175327,2020,Toyota,Highlander,HYBRID LI,BLACK,65834,Yes,3.3,2026-08-05,B,23200.0
9,B-196,175367,2020,Toyota,Highlander,XLE,SILVER,66884,No,"",2026-08-05,B,20000.0
8,C-200,174905,2019,Toyota,Highlander,LE,BLACK,285547,No,"",2026-08-05,C,7200.0
9,B-159.5,175800,2019,Toyota,Highlander,LE,WHITE,172585,No,"",2026-08-05,B,9000.0
30,F-153,171681,2019,Toyota,Highlander,LE,GRAY,148633,Yes,2.9,2026-08-05,F,8800.0
8,B-445,175529,2019,Toyota,Highlander,LIMITED,SILVER,126912,No,"",2026-08-05,B,18200.0
31,D-028,175869,2019,Toyota,Highlander,XLE,WHITE,114166,Yes,2.8,2026-08-05,D,17100.0
34,C-062,175303,2018,Toyota,Highlander,XLE,WHITE,96583,Yes,3.9,2026-08-05,C,18000.0
8,A-152,175031,2016,Toyota,Highlander,XLE V6,BLACK,111443,No,"",2026-08-05,A,14400.0
9,B-393,175456,2012,Toyota,Highlander,LIMITED V,WHITE,287897,No,"",2026-08-05,B,4700.0
24,C-099,172679,2010,Toyota,Highlander,LIMITED V,BEIGE,144210,Yes,"",2026-08-05,C,3800.0
26,A-181,175597,2025,Toyota,Prius,XLE,GRAY,5103,Yes,4.9,2026-08-05,A,29000.0
7,D-145,173689,2015,Toyota,Prius,THREE,SILVER,127006,No,"",2026-08-05,D,4200.0
8,B-462,175801,2015,Toyota,Prius,TWO,RED,154211,No,"",2026-08-05,B,4500.0
7,C-094,175714,2013,Toyota,Prius,THREE,GRAY,242483,No,"",2026-08-05,C,2500.0
8,B-159.1,175371,2010,Toyota,Prius,II,SILVER,192470,No,"",2026-08-05,B,1000.0
7,B-242.1,175796,2018,Toyota,Prius C,ONE,GRAY,147788,No,"",2026-08-05,B,6600.0
8,B-472,175858,2013,Toyota,Prius C,ONE,BLACK,191234,No,"",2026-08-05,B,1100.0
32,C-413,175260,2025,Toyota,RAV4,XLE,BLACK,7818,Yes,4.4,2026-08-05,C,28000.0
28,C-042,175135,2025,Toyota,RAV4,XLE,BLUE,30580,Yes,4.6,2026-08-05,C,29400.0
26,C-907,175897,2025,Toyota,RAV4,XLE Premium,BLACK,5245,Yes,4.8,2026-08-05,C,36000.0
10,B-181,175248,2024,Toyota,RAV4,Hybrid LE,BLACK,80186,No,"",2026-08-05,B,21400.0
26,C-316,175642,2024,Toyota,RAV4,HYBRID XLE,WHITE,31576,Yes,4.2,2026-08-05,C,29700.0
0,X-015,176014,2024,Toyota,RAV4,Hybrid XSE,GRAY,39965,No,"",2026-08-05,X,35000.0
33,B-160.5,175933,2024,Toyota,RAV4,XLE Premium,WHITE,33553,Yes,2.3,2026-08-05,B,29000.0
42,D-059,174989,2023,Toyota,RAV4,LE,SILVER,90022,Yes,2.1,2026-08-05,D,17000.0
8,B-160,174382,2023,Toyota,RAV4,LE,SILVER,62519,No,"",2026-08-05,B,20400.0
23,A-054,175098,2023,Toyota,RAV4,XLE,SILVER,93516,Yes,"",2026-08-05,A,18600.0
10,B-179,175018,2023,Toyota,RAV4,XLE,SILVER,33034,No,"",2026-08-05,B,24800.0
27,A-045,174940,2023,Toyota,RAV4,XLE Premium,GRAY,39293,Yes,4.2,2026-08-05,A,28000.0
38,F-035,170546,2022,Toyota,RAV4,XLE,WHITE,61285,Yes,2.9,2026-08-05,F,21400.0
26,C-278,175696,2022,Toyota,RAV4,XLE Premium,GRAY,26451,Yes,4.3,2026-08-05,C,29800.0
8,C-423,175462,2021,Toyota,RAV4,XLE,GRAY,116645,No,"",2026-08-05,C,11500.0
37,F-058,168989,2021,Toyota,RAV4,XLE,SILVER,81861,Yes,2.7,2026-08-05,F,16200.0
9,B-168,174974,2021,Toyota,RAV4,XLE Premium,SILVER,37775,No,"",2026-08-05,B,25000.0
39,F-087,170554,2020,Toyota,RAV4,XLE,GRAY,138512,Yes,2.8,2026-08-05,F,11400.0
8,C-364,175542,2019,Toyota,RAV4,LE,RED,102428,No,"",2026-08-05,C,13500.0
28,F-022,171091,2019,Toyota,RAV4,XLE,SILVER,64534,Yes,4.0,2026-08-05,F,18200.0
40,F-060,170398,2018,Toyota,RAV4,LIMITED,SILVER,87112,Yes,2.1,2026-08-05,F,13400.0
9,C-186,174868,2018,Toyota,RAV4,XLE,GRAY,109912,No,"",2026-08-05,C,13400.0
8,B-216,175122,2017,Toyota,RAV4,XLE,BLACK,137880,No,"",2026-08-05,B,8800.0
9,B-159.6,175816,2015,Toyota,RAV4,LE,SILVER,101497,No,"",2026-08-05,B,9400.0
45,D-219,175324,2012,Toyota,RAV4,Sport,RED,59665,Yes,1.5,2026-08-05,D,7000.0
9,C-096,174870,2006,Toyota,RAV4,4DR BASE 4-CYL,SILVER,116096,No,"",2026-08-05,C,2900.0
9,B-226,175139,2004,Toyota,RAV4,4DR AUTO (SE),GRAY,127803,No,"",2026-08-05,B,2000.0
8,B-031,176056,2005,Toyota,Sequoia,LIMITED V8,BEIGE,327315,No,"",2026-08-05,B,700.0
37,C-191,174867,2019,Toyota,Sienna,XLE 8 PASSENG,GRAY,58022,Yes,3.0,2026-08-05,C,21200.0
7,B-463,175806,2015,Toyota,Sienna,LE 8 PASSENGE,SILVER,163243,No,"",2026-08-05,B,6500.0
34,C-336,175314,2025,Toyota,Tacoma,SR,BLACK,28853,Yes,2.6,2026-08-05,C,26400.0
28,A-070,174221,2024,Toyota,Tacoma,SR5,WHITE,7879,Yes,4.8,2026-08-05,A,32200.0
39,F-037,168961,2021,Toyota,Tacoma,SR5 V6,GRAY,75909,Yes,3.7,2026-08-05,F,21200.0
31,C-019,176177,2021,Toyota,Tacoma,TRD OFF-ROAD,BLACK,105302,Yes,3.9,2026-08-05,C,26500.0
8,B-180,175245,2020,Toyota,Tacoma,SR5,SILVER,60009,No,"",2026-08-05,B,20600.0
7,A-142.1,175996,2018,Toyota,Tacoma,SR5 V6,BLACK,110387,No,"",2026-08-05,A,16400.0
8,A-018,176015,2016,Toyota,Tacoma,SR,GRAY,151531,No,"",2026-08-05,A,13500.0
26,B-464,173933,2012,Toyota,Tacoma,PRERUNNER V6,GRAY,107229,Yes,"",2026-08-05,B,8500.0
23,B-161,172999,2024,Toyota,Tundra,1794 Edition,BROWN,8258,Yes,"",2026-08-05,B,50000.0
7,A-143,175853,2021,Toyota,Tundra,SR5,WHITE,143467,No,"",2026-08-05,A,23600.0
41,F-086,170550,2020,Toyota,Tundra,SR,WHITE,130778,Yes,2.8,2026-08-05,F,13000.0
28,A-269,176104,2021,Toyota,Venza,LIMITED,WHITE,38166,Yes,4.9,2026-08-05,A,28300.0
8,B-169,174979,2013,Toyota,Venza,LE,RED,103729,No,"",2026-08-05,B,6000.0
30,C-267,175351,2025,Volkswagen,Atlas,2.0T SEL PREMI,GRAY,7274,Yes,4.5,2026-08-05,C,38600.0
31,B-434,175565,2024,Volkswagen,Atlas,2.0T SE,WHITE,45279,Yes,4.4,2026-08-05,B,22900.0
32,C-438,175873,2021,Volkswagen,Atlas,2.0T SE W/TECH,BLACK,50990,Yes,4.2,2026-08-05,C,19000.0
38,B-392,175460,2021,Volkswagen,Atlas,3.6L V6 SE W/T,BLACK,80559,Yes,3.7,2026-08-05,B,14600.0
34,D-128,168991,2019,Volkswagen,Atlas,3.6L V6 SE,WHITE,88926,Yes,4.1,2026-08-05,D,8000.0
9,B-289,175048,2018,Volkswagen,Atlas,3.6L V6 SE,SILVER,137310,No,"",2026-08-05,B,6200.0
8,D-026,175885,2018,Volkswagen,Atlas,3.6L V6 SEL,RED,189319,No,"",2026-08-05,D,6000.0
35,D-069,175747,2018,Volkswagen,Atlas,3.6L V6 SEL,WHITE,65002,Yes,2.7,2026-08-05,D,7000.0
28,C-376,176010,2024,Volkswagen,Atlas Cross Sport,2.,GRAY,70118,Yes,4.4,2026-08-05,C,19400.0
33,D-087,171409,2024,Volkswagen,Atlas Cross Sport,2.,BLACK,18127,Yes,3.7,2026-08-05,D,25400.0
7,B-041,175742,2010,Volkswagen,CC,Sport,WHITE,202026,No,"",2026-08-05,B,500.0
29,B-403,175307,2024,Volkswagen,Jetta,SE,WHITE,27988,Yes,4.3,2026-08-05,B,17000.0
29,B-397,175975,2023,Volkswagen,Jetta,SE,GRAY,17902,Yes,4.4,2026-08-05,B,17800.0
24,D-277,173214,2019,Volkswagen,Jetta,SEL,WHITE,128291,Yes,"",2026-08-05,D,3900.0
37,F-207,170046,2017,Volkswagen,Jetta,1.4T SE,BLACK,120993,Yes,1.7,2026-08-05,F,800.0
23,B-107.6,175851,2017,Volkswagen,Jetta,1.4T SE,BLACK,74702,Yes,"",2026-08-05,B,8600.0
23,B-012,175587,2016,Volkswagen,Jetta,SEDAN 1.4T S,BLACK,81220,Yes,"",2026-08-05,B,1300.0
8,C-264,175751,2011,Volkswagen,Jetta,SEDAN SE PZEV,WHITE,147611,No,"",2026-08-05,C,600.0
35,F-141,172675,2018,Volkswagen,Passat,R-LINE,GRAY,174966,Yes,1.7,2026-08-05,F,1600.0
41,F-069,172585,2017,Volkswagen,Passat,1.8T S,GRAY,99276,Yes,2.8,2026-08-05,F,3200.0
25,B-396,175958,2016,Volkswagen,Passat,1.8T S,GRAY,128689,Yes,"",2026-08-05,B,1900.0
55,F-103,170517,2016,Volkswagen,Passat,1.8T S,GRAY,91618,Yes,1.3,2026-08-05,F,1500.0
41,A-029,175537,2016,Volkswagen,Passat,1.8T SE,BLUE,104394,Yes,3.1,2026-08-05,A,3800.0
8,A-223,175514,2013,Volkswagen,Passat,SE,BLACK,131883,No,"",2026-08-05,A,2100.0
32,B-398,175052,2023,Volkswagen,Taos,S,GRAY,59087,Yes,4.4,2026-08-05,B,13200.0
31,D-057,175603,2022,Volkswagen,Taos,S,WHITE,58384,Yes,3.8,2026-08-05,D,12400.0
41,F-015,172517,2022,Volkswagen,Taos,SE,GRAY,41304,Yes,3.7,2026-08-05,F,15000.0
27,B-302,175113,2026,Volkswagen,Tiguan,SE,GRAY,629,Yes,4.6,2026-08-05,B,27000.0
26,B-360,175189,2025,Volkswagen,Tiguan,S,BLACK,8589,Yes,4.5,2026-08-05,B,22200.0
27,B-373,175181,2025,Volkswagen,Tiguan,S,GRAY,3983,Yes,4.6,2026-08-05,B,22700.0
29,D-038,175586,2024,Volkswagen,Tiguan,SE,WHITE,27056,Yes,4.3,2026-08-05,D,19200.0
26,B-405,175298,2023,Volkswagen,Tiguan,SE,RED,41152,Yes,4.6,2026-08-05,B,17200.0
30,B-363,175187,2023,Volkswagen,Tiguan,SE R-LINE BLA,SILVER,20840,Yes,4.2,2026-08-05,B,22600.0
31,B-401,175295,2022,Volkswagen,Tiguan,SE,GRAY,26554,Yes,3.6,2026-08-05,B,17100.0
34,B-400,175056,2020,Volkswagen,Tiguan,SE,GRAY,73277,Yes,3.0,2026-08-05,B,9400.0
24,C-021,176029,2018,Volkswagen,Tiguan,SEL,WHITE,129674,Yes,"",2026-08-05,C,2300.0
8,C-359,175361,2018,Volkswagen,Tiguan,SEL,GRAY,116641,No,"",2026-08-05,C,6400.0
8,B-035,176189,2012,Volvo,C70,T5,SILVER,94533,No,"",2026-08-05,B,2600.0
27,C-091,176176,2019,Volvo,S60,"",BLACK,73137,Yes,3.9,2026-08-05,C,12400.0
7,B-147,174706,2024,Volvo,V60,CROSS COUNTRY PL,BLACK,23982,No,"",2026-08-05,B,31200.0
29,B-356,175174,2024,Volvo,XC40,PLUS BRIGHT THE,WHITE,27703,Yes,4.4,2026-08-05,B,25200.0
7,B-151,172799,2019,Volvo,XC40,INSCRIPTION,BLUE,78881,No,"",2026-08-05,B,13600.0
9,B-275,174977,2016,Volvo,XC60,"",SILVER,159777,No,"",2026-08-05,B,2700.0
33,B-355,175160,2023,Volvo,XC90,"",WHITE,15669,Yes,4.1,2026-08-05,B,39400.0
8,B-155,175423,2020,Volvo,XC90,MOMENTUM,BLUE,69539,No,"",2026-08-05,B,17600.0
41,B-433,172681,2018,Volvo,XC90,"",GOLD,75934,Yes,3.7,2026-08-05,B,14200.0
8,B-426,175279,2016,Volvo,XC90,"",BLACK,174417,No,"",2026-08-05,B,5100.0
