Picture Count,Run Number,Stock #,Year,Make,Model,Style,Color,Odometer,CR,Grade,Sale Date,Lane,Price
32,E-107,560162,2023,Acura,Integra,W/A-SPEC TEC,RED,40888,Yes,4.6,2026-08-07,E,24800.0
44,C-285,552154,2024,Acura,MDX,W/A-SPEC PACKAGE,BLACK,26402,Yes,3.4,2026-08-07,C,36000.0
39,E-104,559081,2022,Acura,MDX,W/A-SPEC PACKAGE,WHITE,108169,Yes,4.4,2026-08-07,E,23000.0
37,D-065,555928,2020,Acura,MDX,7-PASSENGER,GRAY,69947,Yes,3.9,2026-08-07,D,18500.0
43,B-008,558911,2019,Acura,RDX,"",GRAY,96041,Yes,4.3,2026-08-07,B,13000.0
39,A-083,559459,2016,Acura,RDX,ADVANCE PKG,GRAY,117720,Yes,3.0,2026-08-07,A,9200.0
43,D-142,559510,2015,Acura,RDX,4DR,BLACK,152448,Yes,4.1,2026-08-07,D,6600.0
37,F-291,557405,2015,Acura,RDX,TECH PKG,GRAY,78944,Yes,4.1,2026-08-07,F,11600.0
22,E-100,559094,2013,Acura,RDX,4DR,SILVER,202266,No,"",2026-08-07,E,3400.0
6,E-344,559665,2013,Acura,TL,Tech,SILVER,154391,No,"",2026-08-07,E,3400.0
18,C-116.3,559504,2018,Alfa Romeo,Giulia,TI LUSSO,WHITE,103042,No,"",2026-08-07,C,5600.0
37,F-085,558675,2021,Alfa Romeo,Stelvio,"",BLACK,59655,Yes,3.0,2026-08-07,F,14000.0
22,B-065.2,559580,2018,Audi,A3,SEDAN PREMIUM,BLUE,54396,No,"",2026-08-07,B,10200.0
40,C-104,560038,2017,Audi,A3,SEDAN PREMIUM PLU,WHITE,98193,Yes,3.3,2026-08-07,C,8100.0
39,D-173,559477,2015,Audi,A3,2.0T PREMIUM,RED,133577,Yes,3.8,2026-08-07,D,5400.0
21,B-199,551453,2015,Audi,A3/S3 2.0T PREMIUM,"",BLACK,125578,No,"",2026-08-07,B,1200.0
32,A-048,558071,2023,Audi,A4,SEDAN S LINE PREM,GREEN,59899,Yes,2.8,2026-08-07,A,16600.0
21,F-300,558350,2014,Audi,A4,Premium,BLACK,126881,No,"",2026-08-07,F,3000.0
22,B-092,559639,2014,Audi,A4,Premium,GRAY,84204,No,"",2026-08-07,B,4200.0
21,C-214,559442,2009,Audi,A4,2.0T PREM PLUS,GRAY,206662,No,"",2026-08-07,C,700.0
22,B-098,557134,2018,Audi,A5,COUPE PREMIUM PLU,WHITE,95441,No,"",2026-08-07,B,8000.0
22,B-061,559634,2018,Audi,A5,SPORTBACK PRESTIG,SILVER,79830,No,"",2026-08-07,B,15300.0
22,B-255,559365,2019,Audi,A6,Prestige,BLACK,102415,No,"",2026-08-07,B,13900.0
39,D-169,559572,2015,Audi,A6,2.0T PREMIUM PLUS,BLACK,175951,Yes,3.5,2026-08-07,D,1000.0
22,B-093,559635,2020,Audi,Q3,Premium,BLACK,104163,No,"",2026-08-07,B,11700.0
47,A-256,559584,2015,Audi,Q3,2.0T PRESTIGE,GRAY,101917,Yes,3.0,2026-08-07,A,4700.0
22,B-065.9,559579,2018,Audi,Q3 PREMIUM,"",WHITE,65369,No,"",2026-08-07,B,11000.0
36,B-030,559216,2019,Audi,Q5,Premium,WHITE,61307,Yes,4.0,2026-08-07,B,13800.0
6,B-147,559220,2016,Audi,Q5,Premium,GRAY,158287,No,"",2026-08-07,B,1600.0
22,E-187,560221,2014,Audi,Q5,Premium Plus,BLACK,85115,No,"",2026-08-07,E,5400.0
22,B-090,559649,2011,Audi,Q5,2.0T PREMIUM PLUS,SILVER,137604,No,"",2026-08-07,B,2400.0
35,C-161,559484,2021,Audi,Q7,Premium Plus,BLUE,95105,Yes,4.4,2026-08-07,C,14200.0
46,A-061,559491,2015,Audi,Q7,3.0L TDI PRESTIGE,BLACK,109288,Yes,3.0,2026-08-07,A,5800.0
22,B-130.9,560139,2021,Audi,Q8,Premium Plus,BLUE,89394,No,"",2026-08-07,B,22600.0
35,B-033,557935,2023,Audi,SQ5,SPORTBACK PREMIU,GREEN,30308,Yes,4.4,2026-08-07,B,36000.0
35,A-099,559456,2024,Audi,SQ8,Prestige,RED,40902,Yes,4.3,2026-08-07,A,70500.0
35,A-092,559457,2022,BMW,2-Series,228I,WHITE,79980,Yes,4.6,2026-08-07,A,16600.0
41,O-002,556814,2021,BMW,3-Series,330i,WHITE,42380,Yes,3.4,2026-08-07,O,20700.0
33,D-020,555657,2020,BMW,3-Series,330i,BLACK,44375,Yes,4.6,2026-08-07,D,18400.0
22,B-184,559969,2019,BMW,3-Series,330i,BLACK,71441,No,"",2026-08-07,B,16500.0
22,B-130.6,560187,2014,BMW,3-Series,328i,BEIGE,97323,No,"",2026-08-07,B,4200.0
37,B-015,559848,2013,BMW,3-Series,328i,BLACK,87413,Yes,4.0,2026-08-07,B,3500.0
46,E-024,560133,2011,BMW,3-Series,328i,WHITE,170729,Yes,3.0,2026-08-07,E,1900.0
40,F-155,554356,2011,BMW,3-Series,328I XDRIVE,WHITE,101564,Yes,3.1,2026-08-07,F,2200.0
46,D-091,556724,2010,BMW,3-Series,328i,SILVER,121798,Yes,3.0,2026-08-07,D,2000.0
50,F-049,559567,2008,BMW,3-Series,335i,WHITE,228852,Yes,3.0,2026-08-07,F,700.0
37,A-082,557911,2017,BMW,3-Series Grn Turismo,"",BLACK,102083,Yes,3.0,2026-08-07,A,7500.0
28,A-198,560042,2021,BMW,4-Series,M440I XDRIV,WHITE,49054,Yes,4.2,2026-08-07,A,34000.0
39,A-049,559496,2019,BMW,4-Series,430I,BLACK,40410,Yes,4.3,2026-08-07,A,18200.0
42,A-156,558776,2019,BMW,4-Series,430I,WHITE,86355,Yes,4.3,2026-08-07,A,11400.0
22,F-087,558657,2016,BMW,4-Series,428I,BLUE,82620,No,"",2026-08-07,F,8100.0
37,A-022,558775,2015,BMW,4-Series,428i,WHITE,102269,Yes,3.4,2026-08-07,A,8200.0
39,A-039,559028,2023,BMW,5-Series,540i,BLACK,53322,Yes,4.5,2026-08-07,A,37100.0
41,A-154,559740,2018,BMW,5-Series,530E IPERFO,SILVER,97542,Yes,3.4,2026-08-07,A,10000.0
40,A-071,555616,2018,BMW,5-Series,530E XDRIVE,GRAY,133781,Yes,4.1,2026-08-07,A,6200.0
22,B-142,559203,2012,BMW,5-Series,535I XDRIVE,BLUE,151967,No,"",2026-08-07,B,3400.0
22,C-177,559907,2010,BMW,5-Series,528i,SILVER,174123,No,"",2026-08-07,C,1100.0
39,A-044,559495,2020,BMW,7-Series,750I XDRIVE,BLACK,40274,Yes,3.6,2026-08-07,A,25400.0
36,A-089,559460,2018,BMW,7-Series,750i,GRAY,121789,Yes,4.0,2026-08-07,A,13400.0
49,F-046,559731,2007,BMW,7-Series,750Li,BLUE,1,Yes,3.1,2026-08-07,F,600.0
37,A-124,559007,2024,BMW,iX,xDrive50,BLACK,39692,Yes,4.3,2026-08-07,A,39000.0
38,D-103,559023,2017,BMW,X1,XDrive28i,WHITE,95952,Yes,3.6,2026-08-07,D,7600.0
36,P-009,556624,2022,BMW,X3,sDrive30i,BLUE,76021,Yes,4.5,2026-08-07,P,21000.0
22,B-103,555818,2020,BMW,X3,sDrive30i,BLACK,75478,No,"",2026-08-07,B,14600.0
40,A-090,559458,2020,BMW,X3,XDrive30i,BLACK,66757,Yes,4.3,2026-08-07,A,16600.0
36,A-167,558779,2024,BMW,X5,XDrive40i,GRAY,58886,Yes,4.5,2026-08-07,A,46600.0
40,F-293,558864,2019,BMW,X5,XDrive40i,BLACK,104534,Yes,4.6,2026-08-07,F,16900.0
38,A-032,559450,2019,BMW,X5,XDrive40i,BLUE,84673,Yes,4.0,2026-08-07,A,19200.0
38,A-102,557018,2018,BMW,X5,sDrive35i,WHITE,65706,Yes,3.9,2026-08-07,A,11500.0
22,C-155,559470,2016,BMW,X5,XDrive35i,BLUE,182546,No,"",2026-08-07,C,4300.0
22,B-259,558780,2013,BMW,X5,XDRIVE35I,BLUE,241041,No,"",2026-08-07,B,600.0
34,B-029,558056,2023,BMW,X6,M SPORTS ACTIVITY,BLACK,39106,Yes,4.2,2026-08-07,B,67500.0
41,D-242,560122,2019,BMW,X6,XDrive35i,SILVER,76629,Yes,3.8,2026-08-07,D,19800.0
42,E-262,557298,2017,BMW,X6,XDrive35i,BLACK,69822,Yes,4.0,2026-08-07,E,19250.0
40,C-046,558926,2024,BMW,X7,XDrive40i,WHITE,76905,Yes,4.3,2026-08-07,C,42000.0
32,M-002,556872,2023,BMW,X7,XDrive40i,GRAY,58408,Yes,4.0,2026-08-07,M,41000.0
38,F-225,558344,2020,BMW,X7,XDrive40i,BLUE,100620,Yes,4.2,2026-08-07,F,22800.0
43,A-094,558558,2019,BMW,X7,XDrive50i,WHITE,106363,Yes,3.0,2026-08-07,A,19200.0
45,B-026,558307,2016,Buick,Cascada,Premium,SILVER,59539,Yes,3.8,2026-08-07,B,6900.0
32,A-116,559694,2025,Buick,Enclave,Preferred,BLUE,23841,Yes,4.8,2026-08-07,A,31600.0
34,A-128,559692,2025,Buick,Enclave,Preferred,WHITE,20274,Yes,4.8,2026-08-07,A,32200.0
42,D-204,559835,2019,Buick,Enclave,Essence,BLACK,101630,Yes,4.0,2026-08-07,D,10600.0
22,F-253,559193,2017,Buick,Enclave,Leather,SILVER,164033,No,"",2026-08-07,F,4100.0
22,F-266,558231,2015,Buick,Enclave,Premium,BLACK,168609,No,"",2026-08-07,F,4000.0
23,F-216,560170,2015,Buick,Enclave,Premium,RED,162276,No,"",2026-08-07,F,2000.0
40,D-105,559013,2015,Buick,Enclave,Premium,GOLD,163291,Yes,4.0,2026-08-07,D,3500.0
38,F-056,559569,2014,Buick,Enclave,Premium,WHITE,137728,Yes,3.6,2026-08-07,F,6300.0
51,E-119,560129,2012,Buick,Enclave,Leather,BROWN,141770,Yes,3.0,2026-08-07,E,2000.0
22,C-087,559057,2008,Buick,Enclave,CXL,BROWN,212026,No,"",2026-08-07,C,900.0
31,X-014,558496,2019,Buick,Encore,Preferred,BLACK,113586,Yes,0.5,2026-08-07,X,1700.0
35,D-294,559775,2015,Buick,Encore,Premium,SILVER,114329,Yes,4.3,2026-08-07,D,5500.0
33,C-140,559256,2025,Buick,Envista,Preferred,BLACK,42970,Yes,4.4,2026-08-07,C,18000.0
22,B-130.3,560137,2015,Buick,LaCrosse,PREMIUM II,PURPLE,90437,No,"",2026-08-07,B,7800.0
47,D-088,553024,2013,Buick,LaCrosse,PREMIUM 1,GRAY,168415,Yes,3.0,2026-08-07,D,2300.0
22,B-072,559742,2006,Buick,Lucerne,CX,BLACK,175457,No,"",2026-08-07,B,1100.0
22,F-267,558225,2006,Buick,Lucerne,CX,SILVER,128391,No,"",2026-08-07,F,1800.0
47,A-700,550224,2014,Buick,Verano,LEATHER GROUP,GRAY,155158,Yes,1.3,2026-08-07,A,2420.0
45,C-110,559001,2013,Cadillac,ATS,PREMIUM,SILVER,209191,Yes,3.5,2026-08-07,C,1500.0
39,A-171,559843,2017,Cadillac,CT6,Luxury,SILVER,98453,Yes,4.1,2026-08-07,A,12000.0
42,E-078,560024,2015,Cadillac,CTS,SEDAN LUXURY,BLACK,152621,Yes,3.6,2026-08-07,E,1000.0
0,M-012,560087,2010,Cadillac,CTS,"","",149967,No,"",2026-08-07,M,2000.0
22,F-124,560287,2008,Cadillac,CTS,W/1SB,RED,69911,No,"",2026-08-07,F,4000.0
31,A-174,559858,2018,Cadillac,Escalade,Luxury,RED,63249,Yes,4.8,2026-08-07,A,25800.0
51,X-017,558130,2016,Cadillac,Escalade,ESV Premium,BLACK,260483,Yes,0.5,2026-08-07,X,3400.0
44,C-106,559914,2016,Cadillac,Escalade,LUXURY COLL,SILVER,145069,Yes,3.1,2026-08-07,C,9600.0
55,C-159,559426,2015,Cadillac,Escalade,ESV Luxury,BLACK,150812,Yes,3.0,2026-08-07,C,8100.0
23,F-187,557992,2004,Cadillac,Escalade,EXT 4DR,WHITE,189631,No,"",2026-08-07,F,1500.0
45,C-084,559053,2016,Cadillac,SRX,LUXURY COLLECTIO,BLUE,64740,Yes,3.0,2026-08-07,C,8400.0
22,A-220,560149,2012,Cadillac,SRX,LUXURY COLLECTIO,RED,72237,No,"",2026-08-07,A,4600.0
52,B-028,559707,2011,Cadillac,SRX,LUXURY COLLECTIO,BLACK,149134,Yes,3.0,2026-08-07,B,900.0
42,A-132,557490,2017,Cadillac,XT5,PREMIUM LUXURY F,RED,170102,Yes,2.8,2026-08-07,A,4500.0
45,C-125,558976,2023,Cadillac,XT6,PREMIUM LUXU,BLUE,33038,Yes,4.1,2026-08-07,C,32800.0
38,A-145,558057,2023,Cadillac,XT6,PREMIUM LUXU,GREEN,61418,Yes,4.4,2026-08-07,A,28000.0
22,D-229,560294,2009,Chevrolet,Avalanche,LTZ,WHITE,137519,No,"",2026-08-07,D,3800.0
22,E-225,560203,2022,Chevrolet,Blazer,RS,BLACK,131241,No,"",2026-08-07,E,16700.0
39,C-314,559669,2021,Chevrolet,Camaro,1SS,RED,43295,Yes,4.4,2026-08-07,C,39600.0
38,A-133,559697,2017,Chevrolet,Camaro,1LT,BLUE,75668,Yes,3.5,2026-08-07,A,16000.0
21,F-079,558659,2014,Chevrolet,Camaro,LT,RED,145317,No,"",2026-08-07,F,4600.0
32,C-139,559276,2025,Chevrolet,Colorado, WORK TR,WHITE,12405,Yes,4.7,2026-08-07,C,26500.0
37,B-180,557815,2024,Chevrolet,Colorado,TRAIL B,BLUE,22217,Yes,3.1,2026-08-07,B,32600.0
34,C-309,554831,2019,Chevrolet,Colorado, Z71,BLUE,105612,Yes,4.4,2026-08-07,C,14200.0
22,F-116,557087,2019,Chevrolet,Colorado,Z71,WHITE,129374,No,"",2026-08-07,F,12800.0
38,B-320,555325,2017,Chevrolet,Colorado, WT,BLACK,122242,Yes,3.1,2026-08-07,B,7600.0
36,F-143,560266,2017,Chevrolet,Colorado,LT,GRAY,161080,Yes,4.5,2026-08-07,F,11000.0
22,B-209,559044,2015,Chevrolet,Colorado, LT,BLACK,200305,No,"",2026-08-07,B,6900.0
31,P-004,558508,2019,Chevrolet,Corvette,1LT,WHITE,51276,Yes,4.8,2026-08-07,P,37200.0
26,A-168,559890,2014,Chevrolet,Corvette,STINGRAY Z5,WHITE,100912,Yes,4.8,2026-08-07,A,29000.0
41,B-291,558224,2019,Chevrolet,Cruze,Premier,GRAY,130651,Yes,4.1,2026-08-07,B,2200.0
22,B-040,559980,2018,Chevrolet,Cruze,LS,RED,115614,No,"",2026-08-07,B,4100.0
38,F-125,557145,2016,Chevrolet,Cruze,LS,WHITE,101743,Yes,3.9,2026-08-07,F,3400.0
39,A-157,557275,2012,Chevrolet,Cruze,LS,BROWN,90248,Yes,3.0,2026-08-07,A,1200.0
30,D-067,558378,2024,Chevrolet,Equinox,LT,BLACK,12385,Yes,4.5,2026-08-07,D,21000.0
33,C-051,559277,2024,Chevrolet,Equinox,LT,GRAY,11423,Yes,4.6,2026-08-07,C,19500.0
41,F-081,558773,2020,Chevrolet,Equinox,LS,GRAY,71470,Yes,3.0,2026-08-07,F,8600.0
37,C-286,546502,2020,Chevrolet,Equinox,LT,BLACK,89913,Yes,3.8,2026-08-07,C,6300.0
22,B-042,560006,2020,Chevrolet,Equinox,LT,WHITE,120994,No,"",2026-08-07,B,7000.0
22,B-054,560050,2018,Chevrolet,Equinox,LT,GRAY,122116,No,"",2026-08-07,B,5700.0
40,E-241,559327,2018,Chevrolet,Equinox,LT,BLUE,136496,Yes,4.1,2026-08-07,E,4700.0
22,B-069,559752,2018,Chevrolet,Equinox,Premier,GRAY,87541,No,"",2026-08-07,B,9200.0
22,E-288,554761,2017,Chevrolet,Equinox,LT,SILVER,87564,No,"",2026-08-07,E,2600.0
40,D-127,559121,2016,Chevrolet,Equinox,LS,WHITE,64250,Yes,3.7,2026-08-07,D,7200.0
42,D-116,558971,2015,Chevrolet,Equinox,LS,BLUE,98315,Yes,3.0,2026-08-07,D,2600.0
22,B-205,559109,2015,Chevrolet,Equinox,LS,BLACK,176587,No,"",2026-08-07,B,1000.0
22,B-131,557898,2015,Chevrolet,Equinox,LT,BLUE,98476,No,"",2026-08-07,B,2600.0
44,C-284,559164,2015,Chevrolet,Equinox,LT,BLUE,92205,Yes,3.0,2026-08-07,C,3500.0
21,C-190,558988,2011,Chevrolet,Equinox,LT W/1LT,WHITE,150398,No,"",2026-08-07,C,800.0
35,C-253,557432,2021,Chevrolet,Express Cargo,VAN RW,WHITE,94378,Yes,3.0,2026-08-07,C,14800.0
5,B-016,559846,2014,Chevrolet,G3500 Vans,"",WHITE,112980,No,"",2026-08-07,B,8900.0
6,E-341,559539,2018,Chevrolet,Impala,Premier,BLACK,181509,No,"",2026-08-07,E,2800.0
43,C-306,559325,2014,Chevrolet,Impala,LT,WHITE,122966,Yes,3.0,2026-08-07,C,5000.0
22,F-218,560168,2009,Chevrolet,Impala,3.5L LT,BLUE,45797,No,"",2026-08-07,F,3900.0
22,C-033,558843,2014,Chevrolet,Impala Limited,LT,WHITE,131133,No,"",2026-08-07,C,1300.0
42,C-068,559693,2024,Chevrolet,Malibu,LT,BLACK,56082,Yes,4.1,2026-08-07,C,14500.0
37,C-096,559282,2020,Chevrolet,Malibu,LT,WHITE,85543,Yes,3.0,2026-08-07,C,8700.0
22,B-263,559117,2019,Chevrolet,Malibu,LT,WHITE,109202,No,"",2026-08-07,B,5600.0
44,D-245,560124,2018,Chevrolet,Malibu,LT,BLACK,219472,Yes,3.4,2026-08-07,D,800.0
57,X-015,557112,2016,Chevrolet,Malibu,LS,SILVER,120989,Yes,0.5,2026-08-07,X,1200.0
11,O-003,560256,2015,Chevrolet,Malibu,LS,GRAY,177142,No,"",2026-08-07,O,4500.0
7,X-099,559615,2013,Chevrolet,Malibu,Eco,GRAY,188736,No,"",2026-08-07,X,650.0
21,B-119,557423,2013,Chevrolet,Malibu,LT,GRAY,226034,No,"",2026-08-07,B,600.0
6,O-005,559231,2013,Chevrolet,Malibu,LTZ,BLACK,146601,No,"",2026-08-07,O,4500.0
35,D-012,556127,2026,Chevrolet,Silverado 1500,HIGH,BLACK,15376,Yes,4.9,2026-08-07,D,57800.0
22,E-182,559807,2025,Chevrolet,Silverado 1500,LT TR,GRAY,17287,No,"",2026-08-07,E,48000.0
35,D-032,558799,2024,Chevrolet,Silverado 1500,LT,GRAY,21341,Yes,4.5,2026-08-07,D,33400.0
36,C-257,558190,2023,Chevrolet,Silverado 1500,CUSTO,GRAY,68589,Yes,3.0,2026-08-07,C,21200.0
41,C-038,558863,2023,Chevrolet,Silverado 1500,RST,BLACK,65149,Yes,4.3,2026-08-07,C,29500.0
37,C-307,559540,2022,Chevrolet,Silverado 1500,CUSTO,GRAY,154781,Yes,3.6,2026-08-07,C,10400.0
34,C-342,555538,2022,Chevrolet,Silverado 1500,LT,WHITE,135347,Yes,4.0,2026-08-07,C,15800.0
38,F-128,557142,2021,Chevrolet,Silverado 1500,CUSTO,BLUE,83800,Yes,4.3,2026-08-07,F,20400.0
35,C-302,559316,2020,Chevrolet,Silverado 1500,CUSTO,WHITE,146504,Yes,4.3,2026-08-07,C,13400.0
29,F-184,555141,2020,Chevrolet,Silverado 1500,LT,WHITE,96356,Yes,"",2026-08-07,F,18400.0
35,P-005,550265,2020,Chevrolet,Silverado 1500,LT,BLACK,161003,Yes,4.4,2026-08-07,P,11500.0
34,E-269,558935,2020,Chevrolet,Silverado 1500,LT,WHITE,69804,Yes,4.6,2026-08-07,E,25700.0
22,B-022,559841,2020,Chevrolet,Silverado 1500,RST,SILVER,113207,No,"",2026-08-07,B,22000.0
43,D-021,554476,2020,Chevrolet,Silverado 1500,WORK,WHITE,100826,Yes,3.0,2026-08-07,D,7800.0
41,D-213,559996,2019,Chevrolet,Silverado 1500,LT,BLACK,131500,Yes,4.2,2026-08-07,D,16600.0
42,D-191,559660,2019,Chevrolet,Silverado 1500,LT,GRAY,160903,Yes,3.0,2026-08-07,D,10400.0
22,B-200,558317,2019,Chevrolet,Silverado 1500,LTZ,RED,90500,No,"",2026-08-07,B,17600.0
9,X-071,552564,2018,Chevrolet,Silverado 1500,LT,RED,167092,No,"",2026-08-07,X,4200.0
23,E-207,558808,2018,Chevrolet,Silverado 1500,LT,BLACK,139724,No,"",2026-08-07,E,10400.0
41,X-013,555639,2018,Chevrolet,Silverado 1500,LT,BLUE,1,Yes,0.5,2026-08-07,X,4400.0
44,A-226,560154,2017,Chevrolet,Silverado 1500,HIGH,GRAY,247565,Yes,3.8,2026-08-07,A,12400.0
33,E-223,559864,2017,Chevrolet,Silverado 1500,LT,WHITE,68393,Yes,4.1,2026-08-07,E,25000.0
41,E-295,546046,2015,Chevrolet,Silverado 1500,LT,BLACK,87778,Yes,3.0,2026-08-07,E,6800.0
22,B-021,559128,2015,Chevrolet,Silverado 1500,WORK,RED,161257,No,"",2026-08-07,B,6800.0
42,D-048,559177,2014,Chevrolet,Silverado 1500,LT,SILVER,151920,Yes,3.6,2026-08-07,D,12800.0
50,E-055,559557,2014,Chevrolet,Silverado 1500,LT,BLACK,141760,Yes,3.0,2026-08-07,E,9400.0
22,B-019,559126,2014,Chevrolet,Silverado 1500,LT,WHITE,175973,No,"",2026-08-07,B,7500.0
22,B-264,559618,2013,Chevrolet,Silverado 1500,LT,WHITE,183824,No,"",2026-08-07,B,9000.0
21,C-265,557922,2013,Chevrolet,Silverado 1500,LT,BLACK,184864,No,"",2026-08-07,C,4000.0
47,C-116,559913,2013,Chevrolet,Silverado 1500,LT,BLACK,117604,Yes,3.0,2026-08-07,C,11800.0
44,D-025,558889,2011,Chevrolet,Silverado 1500,LT,BLUE,194322,Yes,3.1,2026-08-07,D,3200.0
44,A-008,558919,2006,Chevrolet,Silverado 1500,LT1,RED,137151,Yes,3.1,2026-08-07,A,6000.0
21,F-205,559774,2006,Chevrolet,Silverado 1500,WORK,WHITE,156349,No,"",2026-08-07,F,3400.0
22,F-039,558125,2022,Chevrolet,Silverado 1500 LTD,R,BLACK,100811,No,"",2026-08-07,F,25400.0
42,A-213,559947,2022,Chevrolet,Silverado 2500,2500HD HIG,BLACK,97775,Yes,3.6,2026-08-07,A,37000.0
22,B-256,554887,2020,Chevrolet,Silverado 2500,2500HD LTZ,WHITE,207353,No,"",2026-08-07,B,23600.0
40,A-245,558904,2020,Chevrolet,Silverado 2500,2500HD LTZ,BLACK,86455,Yes,4.2,2026-08-07,A,40000.0
48,E-121,558523,2016,Chevrolet,Silverado 2500,2500HD LT,RED,174247,Yes,3.0,2026-08-07,E,11200.0
10,X-077,557228,2019,Chevrolet,Sonic,LT,BLACK,99406,No,"",2026-08-07,X,1300.0
22,F-084,558677,2017,Chevrolet,Sonic,Premier,WHITE,162290,No,"",2026-08-07,F,2000.0
42,D-019,558577,2015,Chevrolet,Sonic,LT,BLACK,98917,Yes,"",2026-08-07,D,1800.0
23,C-039,558860,2014,Chevrolet,Sonic,LT,BLUE,129744,No,"",2026-08-07,C,800.0
43,D-007,559011,2014,Chevrolet,Sonic,LT,SILVER,185719,Yes,3.0,2026-08-07,D,800.0
38,D-037,558831,2019,Chevrolet,Spark,LS,GRAY,60175,Yes,3.0,2026-08-07,D,6000.0
8,X-111,560108,2018,Chevrolet,Spark,LS,BLACK,84915,No,"",2026-08-07,X,900.0
41,D-028,558862,2017,Chevrolet,Spark,LS,YELLOW,126851,Yes,3.6,2026-08-07,D,800.0
43,A-153,559730,2021,Chevrolet,Suburban,PREMIER,GRAY,106512,Yes,4.2,2026-08-07,A,30800.0
40,A-181,558781,2021,Chevrolet,Suburban,RST,BLACK,142357,Yes,4.1,2026-08-07,A,26000.0
38,E-081,558791,2019,Chevrolet,Tahoe,LT,GRAY,136130,Yes,3.9,2026-08-07,E,12600.0
45,X-003,557061,2018,Chevrolet,Tahoe,LS,BLACK,128069,Yes,0.5,2026-08-07,X,4200.0
32,C-245,558192,2018,Chevrolet,Tahoe,LT,WHITE,112158,Yes,4.2,2026-08-07,C,15400.0
36,A-045,558272,2017,Chevrolet,Tahoe,LT,RED,99082,Yes,2.3,2026-08-07,A,12500.0
37,C-298,559313,2017,Chevrolet,Tahoe,LT,WHITE,174990,Yes,3.5,2026-08-07,C,7600.0
22,C-308,559544,2015,Chevrolet,Tahoe,COMMERCIAL,BLACK,187480,No,"",2026-08-07,C,3200.0
53,X-006,557241,2015,Chevrolet,Tahoe,LT,BLACK,231085,Yes,0.5,2026-08-07,X,1800.0
44,P-007,557271,2015,Chevrolet,Tahoe,LT,BLACK,177861,Yes,3.7,2026-08-07,P,7050.0
47,D-153,559482,2007,Chevrolet,Tahoe,LS,BLACK,266229,Yes,3.0,2026-08-07,D,800.0
22,C-301,559315,2007,Chevrolet,Tahoe,LTZ,BLACK,143740,No,"",2026-08-07,C,3000.0
35,B-015.3,560144,2023,Chevrolet,Traverse,RS,GRAY,59270,Yes,4.4,2026-08-07,B,25600.0
42,C-268,556905,2020,Chevrolet,Traverse,Premier,RED,89260,Yes,3.0,2026-08-07,C,18800.0
22,B-261,558649,2019,Chevrolet,Traverse,LT CLOTH,BLACK,150242,No,"",2026-08-07,B,1900.0
22,B-226,560114,2018,Chevrolet,Traverse,LT CLOTH,GRAY,142204,No,"",2026-08-07,B,4800.0
57,F-182,556890,2017,Chevrolet,Traverse,LS,WHITE,252492,Yes,3.0,2026-08-07,F,900.0
41,F-156,559078,2016,Chevrolet,Traverse,LT,GOLD,136847,Yes,3.8,2026-08-07,F,4600.0
45,D-131,559172,2016,Chevrolet,Traverse,LT,RED,253562,Yes,3.0,2026-08-07,D,1200.0
40,D-136,559243,2014,Chevrolet,Traverse,LT,BLACK,92878,Yes,3.7,2026-08-07,D,6000.0
33,G-003,559328,2025,Chevrolet,Trax,ACTIV,GRAY,29023,Yes,4.8,2026-08-07,G,20000.0
41,M-001,557159,2020,Chevrolet,Trax,LS,GRAY,67458,Yes,4.0,2026-08-07,M,5000.0
6,E-283,558417,2019,Chevrolet,Trax,LT,BLACK,104736,No,"",2026-08-07,E,2000.0
43,A-009,558913,2019,Chevrolet,Trax,LT,RED,155671,Yes,3.0,2026-08-07,A,1400.0
22,A-222,560147,2019,Chevrolet,Trax,LT,WHITE,96024,No,"",2026-08-07,A,4500.0
41,F-208,559226,2017,Chevrolet,Trax,LS,WHITE,87363,Yes,3.0,2026-08-07,F,4000.0
39,E-162,560161,2015,Chevrolet,Trax,LT,ORANGE,121287,Yes,4.0,2026-08-07,E,2900.0
40,D-059,559494,2016,Chrysler,200,S,WHITE,81257,Yes,4.3,2026-08-07,D,6200.0
22,F-011,559802,2012,Chrysler,200,Limited,BLACK,180110,No,"",2026-08-07,F,600.0
34,A-179,559873,2012,Chrysler,200,Limited,BLUE,97788,Yes,2.8,2026-08-07,A,2400.0
22,B-101,556305,2012,Chrysler,200,Touring,SILVER,111755,No,"",2026-08-07,B,1000.0
44,E-236,559895,2016,Chrysler,300,300C,GRAY,95601,Yes,3.2,2026-08-07,E,4800.0
40,D-123,559106,2014,Chrysler,300,300S,WHITE,258897,Yes,4.0,2026-08-07,D,2000.0
40,D-226,557468,2013,Chrysler,300,4DR SDN,WHITE,207508,Yes,2.9,2026-08-07,D,1600.0
36,C-050,559272,2023,Chrysler,Pacifica,Touring L,SILVER,70092,Yes,4.6,2026-08-07,C,16600.0
22,E-186,560258,2021,Chrysler,Pacifica,Limited,SILVER,82169,No,"",2026-08-07,E,18800.0
22,B-065.1,559603,2020,Chrysler,Pacifica,Touring L,WHITE,104035,No,"",2026-08-07,B,9800.0
39,F-123,560286,2019,Chrysler,Pacifica,Touring L,RED,97293,Yes,3.8,2026-08-07,F,8500.0
37,D-118,558967,2018,Chrysler,Pacifica,TOURING PLU,WHITE,84728,Yes,3.6,2026-08-07,D,9200.0
41,D-075,557179,2018,Chrysler,Pacifica,TOURING-L P,WHITE,75282,Yes,3.6,2026-08-07,D,9000.0
22,B-102,559105,2001,Chrysler,PT Cruiser,4DR WGN,RED,63575,No,"",2026-08-07,B,1000.0
50,D-094,558875,2008,Chrysler,Sebring,LX,BLUE,158505,Yes,3.0,2026-08-07,D,800.0
38,F-061,559741,2016,Chrysler,Town & Country,TOURI,WHITE,121503,Yes,4.0,2026-08-07,F,4600.0
46,D-117,558972,2004,Dodge,Caravan,SXT,SILVER,200606,Yes,3.0,2026-08-07,D,800.0
22,E-175,558809,2019,Dodge,Challenger,R/T SCAT,GRAY,51737,No,"",2026-08-07,E,35400.0
23,E-174,558804,2019,Dodge,Challenger,R/T SCAT,GRAY,63874,No,"",2026-08-07,E,20200.0
22,F-073,558582,2016,Dodge,Challenger,SXT,GRAY,110877,No,"",2026-08-07,F,8600.0
40,B-319,559816,2021,Dodge,Charger,SCAT PACK,GRAY,103519,Yes,3.7,2026-08-07,B,21000.0
34,D-305,559792,2016,Dodge,Charger,ROAD/TRACK,BLACK,51459,Yes,4.7,2026-08-07,D,18800.0
22,B-094,559637,2016,Dodge,Charger,SXT,WHITE,140912,No,"",2026-08-07,B,9200.0
42,F-146,560290,2014,Dodge,Charger,SXT,WHITE,80422,Yes,3.0,2026-08-07,F,6600.0
22,E-265,558840,2011,Dodge,Charger,RALLYE,SILVER,169366,No,"",2026-08-07,E,2600.0
53,C-135,559403,2007,Dodge,Dakota,SLT,WHITE,189641,Yes,1.5,2026-08-07,C,1100.0
42,E-068,560033,2016,Dodge,Dart,SXT,SILVER,105549,Yes,3.0,2026-08-07,E,1400.0
39,C-251,558374,2014,Dodge,Dart,Limited,BLACK,111826,Yes,3.1,2026-08-07,C,1300.0
23,E-064,560036,2013,Dodge,Dart,SXT,GRAY,205914,No,"",2026-08-07,E,700.0
34,F-068,558388,2026,Dodge,Durango,GT PREMIUM H,GREEN,2748,Yes,4.9,2026-08-07,F,40000.0
43,A-010,558905,2014,Dodge,Durango,Limited,RED,159370,Yes,4.2,2026-08-07,A,5200.0
22,B-157,559515,2012,Dodge,Durango,Crew,BURGUNDY,164423,No,"",2026-08-07,B,1300.0
39,F-138,559391,2019,Dodge,Grand Caravan,GT,GRAY,83310,Yes,4.2,2026-08-07,F,6800.0
39,F-042,559750,2019,Dodge,Grand Caravan,SXT,WHITE,174841,Yes,4.1,2026-08-07,F,4000.0
47,D-034,558819,2017,Dodge,Grand Caravan,GT,GRAY,188851,Yes,3.0,2026-08-07,D,800.0
22,C-047,559503,2017,Dodge,Grand Caravan,SE,WHITE,54516,No,"",2026-08-07,C,10800.0
37,F-220,559837,2015,Dodge,Grand Caravan,SXT,WHITE,91620,Yes,3.7,2026-08-07,F,4400.0
46,D-179,559348,2012,Dodge,Grand Caravan,R/T,RED,130885,Yes,3.0,2026-08-07,D,2000.0
22,B-311,560242,2007,Dodge,Grand Caravan,SE,GREEN,29936,No,"",2026-08-07,B,5200.0
39,D-170,559475,2020,Dodge,Journey,SE Value,BLUE,207889,Yes,3.6,2026-08-07,D,800.0
10,X-088,559101,2018,Dodge,Journey,SE,BLACK,156858,No,"",2026-08-07,X,700.0
23,B-037,560013,2018,Dodge,Journey,SE,GRAY,94478,No,"",2026-08-07,B,4300.0
22,C-320,559812,2015,Dodge,Journey,Crossroad,BLUE,109910,No,"",2026-08-07,C,3100.0
22,B-190,559127,2014,Dodge,Journey,AMERICAN VAL,WHITE,102474,No,"",2026-08-07,B,700.0
53,F-209,559295,2012,Dodge,Journey,SXT,WHITE,361133,Yes,3.0,2026-08-07,F,600.0
6,E-082,559022,2004,Dodge,Ram 1500,SLT,RED,182472,No,"",2026-08-07,E,600.0
0,A-232,560380,2002,Dodge,Ram 1500,"",RED,233001,No,"",2026-08-07,A,650.0
21,D-240,560119,2002,Dodge,Ram 1500,4DR QUAD CA,RED,233001,No,"",2026-08-07,D,700.0
38,C-292,559301,2015,Fiat,500,1957 EDITION,GREEN,136166,Yes,3.8,2026-08-07,C,3500.0
43,A-016,557289,2012,Fiat,500,LOUNGE,RED,112923,Yes,3.6,2026-08-07,A,1800.0
42,D-026,556699,2016,Fiat,500X,Trekking,GREEN,113219,Yes,3.2,2026-08-07,D,2000.0
29,A-164,559624,2024,Ford,Bronco,Black Diamond,GRAY,7405,Yes,5.0,2026-08-07,A,40000.0
29,A-182,559759,2023,Ford,Bronco,BADLANDS,WHITE,25844,Yes,4.6,2026-08-07,A,37600.0
22,B-212,560074,2022,Ford,Bronco Sport,BIG BEN,BLUE,65907,No,"",2026-08-07,B,15000.0
34,C-145,557530,2022,Ford,Bronco Sport,OUTER B,BLACK,71009,Yes,4.8,2026-08-07,C,16200.0
22,E-285,559333,2021,Ford,Bronco Sport,BADLAND,WHITE,159624,No,"",2026-08-07,E,9100.0
22,E-171,559809,2021,Ford,Bronco Sport,BIG BEN,BLUE,60086,No,"",2026-08-07,E,15600.0
22,C-219,559908,2017,Ford,C-Max,ENERGI SE,BLACK,148762,No,"",2026-08-07,C,3900.0
42,E-080,558478,2013,Ford,C-Max,ENERGI SEL,WHITE,129770,Yes,3.1,2026-08-07,E,1800.0
9,F-038,558124,2016,Ford,E-350 CUTAWAY E-350,"",WHITE,39336,No,"",2026-08-07,F,15600.0
31,P-003,553717,2023,Ford,Edge,Titanium,GRAY,95018,Yes,2.0,2026-08-07,P,12300.0
35,D-165,557823,2020,Ford,Edge,SEL,SILVER,84927,Yes,3.0,2026-08-07,D,5000.0
36,D-180,559350,2020,Ford,Edge,Titanium,RED,69310,Yes,4.0,2026-08-07,D,12600.0
48,C-075.6,560070,2020,Ford,Edge,Titanium,GRAY,97580,Yes,3.0,2026-08-07,C,9000.0
40,A-006,559382,2020,Ford,Edge,Titanium,BLUE,101467,Yes,4.3,2026-08-07,A,7800.0
22,B-158,559546,2018,Ford,Edge,Titanium,BLACK,70906,No,"",2026-08-07,B,10600.0
22,B-154,559247,2016,Ford,Edge,Sport,RED,152343,No,"",2026-08-07,B,5200.0
8,X-104,560019,2016,Ford,Edge,Titanium,GRAY,150730,No,"",2026-08-07,X,900.0
22,E-072,560056,2014,Ford,Edge,SE,WHITE,296746,No,"",2026-08-07,E,600.0
40,D-221,559954,2013,Ford,Edge,Limited,RED,186842,Yes,3.0,2026-08-07,D,800.0
22,F-015,560193,2013,Ford,Edge,Limited,WHITE,189983,No,"",2026-08-07,F,1000.0
46,D-139,559357,2013,Ford,Edge,SEL,SILVER,235707,Yes,3.0,2026-08-07,D,700.0
42,D-027,556310,2013,Ford,Edge,SEL,BROWN,151971,Yes,3.0,2026-08-07,D,1200.0
45,C-294,559305,2012,Ford,Edge,SEL,WHITE,157362,Yes,3.2,2026-08-07,C,1700.0
22,F-150,560261,2008,Ford,Edge,Limited,WHITE,168758,No,"",2026-08-07,F,1000.0
35,G-021,559379,2024,Ford,Escape,ACTIVE,GRAY,55820,Yes,4.7,2026-08-07,G,15200.0
35,D-061,556156,2022,Ford,Escape,SEL,WHITE,85418,Yes,4.6,2026-08-07,D,11000.0
22,C-005,557355,2020,Ford,Escape,SE,GREEN,112191,No,"",2026-08-07,C,4600.0
22,B-121,557465,2020,Ford,Escape,SE,WHITE,61370,No,"",2026-08-07,B,11400.0
41,E-063,560044,2020,Ford,Escape,SEL,BLUE,156922,Yes,3.8,2026-08-07,E,2500.0
21,B-089,559522,2020,Ford,Escape,SEL,BLACK,64025,No,"",2026-08-07,B,10000.0
36,D-104,559024,2018,Ford,Escape,SEL,WHITE,184676,Yes,4.2,2026-08-07,D,3200.0
41,P-001,556654,2018,Ford,Escape,SEL,RED,95454,Yes,4.1,2026-08-07,P,1700.0
20,B-100,559100,2017,Ford,Escape,S,BLACK,59036,No,"",2026-08-07,B,5200.0
23,B-065,560010,2017,Ford,Escape,S,BLACK,143752,No,"",2026-08-07,B,1700.0
22,B-082,559663,2017,Ford,Escape,Titanium,RED,67122,No,"",2026-08-07,B,9000.0
9,X-090,559107,2017,Ford,Escape,Titanium,WHITE,124616,No,"",2026-08-07,X,800.0
22,B-198,557773,2014,Ford,Escape,SE,BLUE,158439,No,"",2026-08-07,B,1300.0
38,D-062,555705,2014,Ford,Escape,SE,GRAY,173765,Yes,4.1,2026-08-07,D,1800.0
40,D-093,558876,2012,Ford,Escape,Limited,BLACK,183464,Yes,3.4,2026-08-07,D,1500.0
22,F-012,559799,2012,Ford,Escape,Limited,BLACK,274937,No,"",2026-08-07,F,600.0
38,F-169,559543,2012,Ford,Escape,XLT,WHITE,89855,Yes,3.7,2026-08-07,F,5700.0
22,B-077,559656,2010,Ford,Escape,XLT,BLACK,155330,No,"",2026-08-07,B,1600.0
39,C-246,558958,2021,Ford,Expedition,Limited,WHITE,95250,Yes,3.6,2026-08-07,C,22400.0
45,D-144,559509,2006,Ford,Expedition,EDDIE BAU,BROWN,225782,Yes,3.0,2026-08-07,D,1400.0
22,E-280,555621,2015,Ford,Expedition EL,LIMITE,BLACK,169152,No,"",2026-08-07,E,2800.0
40,C-269,558914,2020,Ford,Expedition Max,"",BLACK,102191,Yes,3.7,2026-08-07,C,11600.0
39,E-275,557257,2019,Ford,Expedition Max,XLT,BLACK,105985,Yes,3.1,2026-08-07,E,13800.0
22,F-003,560197,2018,Ford,Expedition Max,LIMIT,WHITE,149786,No,"",2026-08-07,F,8800.0
0,O-006,560342,2026,Ford,Explorer,ST-Line,"",143,No,"",2026-08-07,O,39000.0
33,F-263,559919,2024,Ford,Explorer,Platinum,WHITE,19099,Yes,4.8,2026-08-07,F,40800.0
35,C-058,558426,2023,Ford,Explorer,Platinum,WHITE,42288,Yes,4.4,2026-08-07,C,36000.0
45,E-099,558903,2018,Ford,Explorer,Platinum,WHITE,95759,Yes,3.5,2026-08-07,E,10800.0
47,D-125,559114,2018,Ford,Explorer,XLT,WHITE,92598,Yes,3.0,2026-08-07,D,8000.0
6,B-281,558982,2017,Ford,Explorer,Limited,GRAY,153882,No,"",2026-08-07,B,4500.0
43,F-134,559404,2017,Ford,Explorer,XLT,BLACK,177797,Yes,3.5,2026-08-07,F,5100.0
22,B-238,559857,2017,Ford,Explorer,XLT,GRAY,183917,No,"",2026-08-07,B,4500.0
37,E-066,560026,2016,Ford,Explorer,Limited,BLACK,137765,Yes,3.7,2026-08-07,E,7400.0
22,C-045,558923,2016,Ford,Explorer,Sport,SILVER,146177,No,"",2026-08-07,C,6800.0
41,C-250,555158,2016,Ford,Explorer,XLT,BLACK,120345,Yes,3.0,2026-08-07,C,4200.0
22,B-145,559204,2011,Ford,Explorer,Limited,BLACK,89391,No,"",2026-08-07,B,3900.0
22,C-186,559471,2000,Ford,Explorer,XLT,GOLD,160564,No,"",2026-08-07,C,700.0
22,F-132,559438,2008,Ford,Explorer Sport Trac,"",SILVER,163930,No,"",2026-08-07,F,3000.0
48,D-079,557968,2008,Ford,Explorer Sport Trac,"",SILVER,166763,Yes,3.0,2026-08-07,D,1000.0
41,C-274,552629,2012,Ford,F-550 CHASSIS XL,"",WHITE,110534,Yes,3.0,2026-08-07,C,16900.0
31,E-154,560177,2024,Ford,F150,XLT,WHITE,37852,Yes,4.5,2026-08-07,E,39800.0
0,E-900,560558,2023,Ford,F150,KING RANCH,GRAY,24458,No,"",2026-08-07,E,49000.0
31,E-086,559533,2023,Ford,F150,XL,WHITE,41264,Yes,4.3,2026-08-07,E,25800.0
21,F-031,559892,2022,Ford,F150,XLT,SILVER,137677,No,"",2026-08-07,F,16000.0
34,B-288,559900,2021,Ford,F150,LIMITED,BLUE,47693,Yes,4.6,2026-08-07,B,42000.0
40,D-302,559358,2020,Ford,F150,XLT,BLACK,265220,Yes,3.0,2026-08-07,D,7000.0
23,E-206,558807,2020,Ford,F150,XLT,BLACK,151558,No,"",2026-08-07,E,14400.0
43,C-326,559867,2020,Ford,F150,XLT,WHITE,164301,Yes,3.6,2026-08-07,C,13200.0
38,E-290,556851,2019,Ford,F150,LARIAT,SILVER,96654,Yes,3.7,2026-08-07,E,14400.0
35,F-026,556409,2019,Ford,F150,XLT,RED,79544,Yes,4.2,2026-08-07,F,18600.0
38,E-079,558488,2019,Ford,F150,XLT,BLACK,150268,Yes,4.4,2026-08-07,E,14000.0
47,C-114,559502,2019,Ford,F150,XLT,GRAY,146325,Yes,3.6,2026-08-07,C,18400.0
32,X-028,554331,2018,Ford,F150,KING RANCH,BLACK,95756,Yes,2.0,2026-08-07,X,17200.0
29,E-239,559593,2018,Ford,F150,LARIAT,GRAY,118800,Yes,4.3,2026-08-07,E,16200.0
39,C-321,559817,2018,Ford,F150,XLT,SILVER,139077,Yes,3.2,2026-08-07,C,12400.0
42,E-272,558937,2017,Ford,F150,LIMITED,BLACK,100484,Yes,3.3,2026-08-07,E,18200.0
35,A-117,558027,2017,Ford,F150,Raptor,BLACK,77031,Yes,3.6,2026-08-07,A,30800.0
22,D-281,560243,2017,Ford,F150,XL,WHITE,167117,No,"",2026-08-07,D,8000.0
43,F-345,551307,2017,Ford,F150,XL,GRAY,105346,Yes,3.0,2026-08-07,F,11800.0
41,E-059,560222,2017,Ford,F150,XL,WHITE,145094,Yes,3.2,2026-08-07,E,8000.0
42,E-101,559087,2017,Ford,F150,XL,WHITE,119904,Yes,4.1,2026-08-07,E,14000.0
43,D-097,558894,2017,Ford,F150,XLT,RED,167198,Yes,3.0,2026-08-07,D,10600.0
23,B-106,556442,2017,Ford,F150,XLT,SILVER,82285,No,"",2026-08-07,B,19500.0
48,D-168,557462,2017,Ford,F150,XLT,BLUE,121435,Yes,3.7,2026-08-07,D,14000.0
40,C-113,557727,2017,Ford,F150,XLT,GRAY,137286,Yes,3.0,2026-08-07,C,11800.0
43,X-024,557677,2016,Ford,F150,XLT,GRAY,184939,Yes,0.5,2026-08-07,X,3300.0
40,D-303,559354,2016,Ford,F150,XLT,SILVER,141795,Yes,4.0,2026-08-07,D,12200.0
38,A-120,558113,2016,Ford,F150,XLT,SILVER,174259,Yes,3.9,2026-08-07,A,8400.0
23,E-085,560198,2015,Ford,F150,XLT,BLACK,205347,No,"",2026-08-07,E,4200.0
48,F-044,559747,2015,Ford,F150,XLT,BLUE,114215,Yes,3.8,2026-08-07,F,11600.0
7,X-067,556781,2014,Ford,F150,XLT,RED,125846,No,"",2026-08-07,X,2200.0
22,F-013,559797,2011,Ford,F150,LARIAT,WHITE,108607,No,"",2026-08-07,F,13800.0
39,X-004,557408,2010,Ford,F150,XL,WHITE,253092,Yes,0.5,2026-08-07,X,800.0
37,D-002,559929,2010,Ford,F150,XL,GRAY,323504,Yes,3.0,2026-08-07,D,1200.0
41,D-096,558892,2010,Ford,F150,XL,WHITE,177961,Yes,3.0,2026-08-07,D,6800.0
18,B-170,559545,2010,Ford,F150,XL,BLACK,232325,No,"",2026-08-07,B,3200.0
22,F-166,559088,2009,Ford,F150,XLT,BLUE,216151,No,"",2026-08-07,F,1700.0
9,X-092,559120,2007,Ford,F150,LARIAT,BEIGE,127957,No,"",2026-08-07,X,700.0
22,C-345,558077,2007,Ford,F150,XL,BLACK,211534,No,"",2026-08-07,C,1800.0
21,F-168,559096,2005,Ford,F150,XLT,GOLD,155149,No,"",2026-08-07,F,2400.0
22,F-151,559554,2005,Ford,F150,XLT,BLUE,264006,No,"",2026-08-07,F,2000.0
38,F-224,558299,2004,Ford,F150,HERITAGE XL,WHITE,1,Yes,3.5,2026-08-07,F,1500.0
22,D-187,559684,2004,Ford,F150,STX,GREEN,244023,No,"",2026-08-07,D,1700.0
22,B-313,560247,2000,Ford,F150,XL,WHITE,1,No,"",2026-08-07,B,1800.0
39,C-109,559000,2024,Ford,F250SD,"",WHITE,94025,Yes,3.3,2026-08-07,C,23800.0
22,E-071,560051,2022,Ford,F250SD,"",WHITE,240870,No,"",2026-08-07,E,7200.0
36,B-114,553368,2022,Ford,F250SD,"",WHITE,17208,Yes,3.0,2026-08-07,B,24500.0
22,E-270,558853,2022,Ford,F250SD,"",WHITE,129515,No,"",2026-08-07,E,42000.0
38,M-006,550362,2022,Ford,F250SD,"",SILVER,40473,Yes,4.0,2026-08-07,M,51000.0
22,E-170,560237,2020,Ford,F250SD,"",WHITE,127080,No,"",2026-08-07,E,37800.0
39,X-032,557221,2018,Ford,F250SD,"",WHITE,225660,Yes,0.0,2026-08-07,X,5100.0
35,E-056,559561,2016,Ford,F250SD,"",BLUE,65864,Yes,4.0,2026-08-07,E,26000.0
21,E-277,557282,2016,Ford,F250SD,"",BLACK,185280,No,"",2026-08-07,E,24000.0
22,C-252,554076,2013,Ford,F250SD,"",BLACK,258513,No,"",2026-08-07,C,4100.0
39,F-010,559801,2018,Ford,Flex,SEL,BLACK,86035,Yes,3.8,2026-08-07,F,12800.0
23,F-228,558400,2016,Ford,Flex,SE,WHITE,198403,No,"",2026-08-07,F,600.0
22,E-284,559331,2014,Ford,Flex,Limited,WHITE,121104,No,"",2026-08-07,E,6400.0
22,F-250,559174,2011,Ford,Flex,SEL,BLUE,172420,No,"",2026-08-07,F,1600.0
46,E-098,559070,2018,Ford,Focus,SE,SILVER,115965,Yes,3.7,2026-08-07,E,2500.0
38,A-219,559917,2018,Ford,Focus,ST ST HATCH,BLACK,121223,Yes,3.6,2026-08-07,A,8000.0
22,E-194,559363,2016,Ford,Focus,S,WHITE,117625,No,"",2026-08-07,E,2400.0
22,C-004,560069,2016,Ford,Focus,SE,SILVER,130076,No,"",2026-08-07,C,1100.0
22,B-310,560234,2016,Ford,Focus,ST 5DR HB ST,RED,123912,No,"",2026-08-07,B,6600.0
22,F-122,560288,2014,Ford,Focus,SE,BLUE,82624,No,"",2026-08-07,F,1000.0
6,C-206,559270,2014,Ford,Focus,Titanium,BLUE,179689,No,"",2026-08-07,C,700.0
42,D-099,559016,2013,Ford,Focus,SE,WHITE,81918,Yes,3.9,2026-08-07,D,4100.0
22,F-234,559938,2007,Ford,Focus,S,SILVER,210070,No,"",2026-08-07,F,600.0
11,O-004,557017,2018,Ford,Fusion,SE,BLACK,125931,No,"",2026-08-07,O,4800.0
40,B-039,558359,2015,Ford,Fusion,SE,WHITE,111905,Yes,3.4,2026-08-07,B,1800.0
48,D-306,559784,2014,Ford,Fusion,SE,WHITE,174032,Yes,3.0,2026-08-07,D,3000.0
23,C-105,559976,2014,Ford,Fusion,SE,SILVER,121096,No,"",2026-08-07,C,2000.0
22,C-025,558856,2014,Ford,Fusion,SE,GRAY,81488,No,"",2026-08-07,C,4900.0
49,C-305,558546,2014,Ford,Fusion,SE,BLUE,132577,Yes,3.0,2026-08-07,C,2100.0
42,F-161,559084,2013,Ford,Fusion,HYBRID SE,SILVER,217134,Yes,3.2,2026-08-07,F,2100.0
22,F-202,557000,2012,Ford,Fusion,SEL,GRAY,125337,No,"",2026-08-07,F,2100.0
42,E-145,559773,2011,Ford,Fusion,SEL,BLACK,109346,Yes,3.8,2026-08-07,E,1800.0
52,F-065,558022,2008,Ford,Fusion,SE,GRAY,132906,Yes,3.0,2026-08-07,F,700.0
36,F-183,557347,2020,Ford,Mustang,GT PREMIUM F,BLACK,64350,Yes,3.7,2026-08-07,F,29800.0
46,E-243,559045,2018,Ford,Mustang,ECOBOOST,SILVER,150179,Yes,3.0,2026-08-07,E,7500.0
22,F-027,557659,2016,Ford,Mustang,ECOBOOST,BLUE,85014,No,"",2026-08-07,F,10800.0
33,E-287,555362,2012,Ford,Mustang,GT PREMIUM,BLACK,34532,Yes,3.0,2026-08-07,E,14800.0
48,X-038,553127,2007,Ford,Mustang,DELUXE,SILVER,100529,Yes,0.5,2026-08-07,X,650.0
22,F-008,558164,2007,Ford,Mustang,DELUXE,RED,72436,No,"",2026-08-07,F,2400.0
44,D-030,557454,2019,Ford,Ranger,XL,GRAY,132761,Yes,3.6,2026-08-07,D,6600.0
30,A-081,559191,2019,Ford,T250 Vans,"",WHITE,226818,Yes,2.7,2026-08-07,A,4400.0
22,F-033,559754,2015,Ford,Taurus,SEL,RED,115756,No,"",2026-08-07,F,5000.0
36,D-231,560093,2013,Ford,Taurus,Limited,WHITE,128796,Yes,3.8,2026-08-07,D,4200.0
37,A-166,559944,2013,Ford,Taurus,SEL,RED,166787,Yes,"",2026-08-07,A,5000.0
43,D-022,555497,2023,Genesis,G70,2.0T,GREEN,106581,Yes,3.9,2026-08-07,D,11000.0
36,C-150,559262,2023,Genesis,GV70,2.5T,RED,60667,Yes,4.3,2026-08-07,C,27500.0
36,D-051,558838,2022,Genesis,GV70,2.5T,RED,87266,Yes,4.2,2026-08-07,D,19600.0
33,D-238,560112,2025,Genesis,GV80,3.5T Prestige,WHITE,33459,Yes,4.6,2026-08-07,D,52800.0
33,E-083,555240,2023,Genesis,GV80,3.5T,SILVER,21810,Yes,4.3,2026-08-07,E,40200.0
38,D-183,559650,2021,Genesis,GV80,3.5T,BLACK,109530,Yes,4.1,2026-08-07,D,19800.0
33,C-315,559321,2021,GMC,Acadia,SLT,BLACK,96612,Yes,4.3,2026-08-07,C,14400.0
22,B-177,559575,2020,GMC,Acadia,AT4,BLACK,93014,No,"",2026-08-07,B,15400.0
22,B-055.1,553663,2018,GMC,Acadia,Denali,BLACK,139542,No,"",2026-08-07,B,7200.0
22,C-055,559287,2015,GMC,Acadia,SLE,GOLD,120515,No,"",2026-08-07,C,4000.0
22,F-315,559940,2011,GMC,Acadia,Denali,RED,191592,No,"",2026-08-07,F,1000.0
22,B-258,556865,2019,GMC,Canyon,DENALI,WHITE,62438,No,"",2026-08-07,B,22800.0
39,E-135,559620,2015,GMC,Canyon,SLE,GRAY,131618,Yes,3.8,2026-08-07,E,11200.0
6,C-249,558304,2005,GMC,Canyon,1SB SLE Z85,BLACK,180283,No,"",2026-08-07,C,3200.0
0,A-230,560369,2004,GMC,Envoy XL,SLT,RED,232467,No,"",2026-08-07,A,650.0
22,D-186,559688,2004,GMC,Envoy XL,SLT,RED,232467,No,"",2026-08-07,D,700.0
9,E-091,560091,2014,GMC,G2500 Vans,"",WHITE,204619,No,"",2026-08-07,E,2000.0
35,C-303,557871,2025,GMC,Sierra 1500,SLT,GRAY,13735,Yes,3.9,2026-08-07,C,38400.0
42,C-299,559151,2022,GMC,Sierra 1500,ELEVATIO,BLACK,53542,Yes,3.0,2026-08-07,C,27600.0
35,A-003,559384,2021,GMC,Sierra 1500,Denali,GRAY,125451,Yes,4.3,2026-08-07,A,23400.0
21,F-219,558205,2021,GMC,Sierra 1500,ELEVATIO,GRAY,68514,No,"",2026-08-07,F,27000.0
26,D-246,559232,2020,GMC,Sierra 1500,SLT,WHITE,156001,Yes,4.3,2026-08-07,D,18800.0
46,A-029,559420,2019,GMC,Sierra 1500,AT4,BLACK,96983,Yes,3.8,2026-08-07,A,27600.0
22,D-244,560126,2012,GMC,Sierra 1500,SLE,SILVER,156545,No,"",2026-08-07,D,8000.0
22,F-185,559647,2012,GMC,Sierra 1500,SLE,WHITE,144527,No,"",2026-08-07,F,11400.0
35,D-024,558483,2006,GMC,Sierra 1500,SL,BLACK,141273,Yes,3.0,2026-08-07,D,1200.0
22,C-344,557868,2015,GMC,Sierra 2500,2500HD AVAILA,GRAY,304887,No,"",2026-08-07,C,11000.0
34,C-312,559605,2024,GMC,Terrain,AT4,RED,44745,Yes,4.2,2026-08-07,C,22500.0
40,C-238,558198,2024,GMC,Terrain,SLE,WHITE,46310,Yes,3.7,2026-08-07,C,16800.0
37,C-300,559312,2019,GMC,Terrain,SLE,WHITE,68310,Yes,3.7,2026-08-07,C,10100.0
23,F-206,559224,2018,GMC,Terrain,SLE,WHITE,195907,No,"",2026-08-07,F,5000.0
9,X-100,559294,2013,GMC,Terrain,SLE,SILVER,167297,No,"",2026-08-07,X,650.0
39,A-111,558009,2012,GMC,Terrain,SLE-2,GOLD,103889,Yes,3.0,2026-08-07,A,3200.0
44,C-240,556958,2011,GMC,Terrain,SLE-2,GOLD,145549,Yes,3.0,2026-08-07,C,1200.0
22,A-246,558898,2021,GMC,Yukon,SLT,BLACK,123417,No,"",2026-08-07,A,25500.0
37,F-162,557683,2019,GMC,Yukon,Denali,WHITE,136489,Yes,4.3,2026-08-07,F,18900.0
22,C-018,557216,2018,GMC,Yukon,SLT,BLACK,135261,No,"",2026-08-07,C,13100.0
6,X-078,558306,2017,GMC,Yukon,SLE,SILVER,73934,No,"",2026-08-07,X,8500.0
45,C-323,559831,2017,GMC,Yukon,SLT,BLACK,135367,Yes,3.4,2026-08-07,C,14000.0
36,B-015.1,560025,2023,GMC,Yukon XL,SLT,GRAY,46917,Yes,4.3,2026-08-07,B,45750.0
44,C-168,559430,2016,GMC,Yukon XL,SLT,BLACK,170620,Yes,3.0,2026-08-07,C,6000.0
22,B-211,559046,2015,GMC,Yukon XL,DENALI,WHITE,182023,No,"",2026-08-07,B,8400.0
21,F-244,557829,2015,GMC,Yukon XL,SLT,SILVER,124806,No,"",2026-08-07,F,8900.0
0,O-007,560400,2005,HARLEY-DAVIDSON,FLSTFSE,"","",12498,No,"",2026-08-07,O,4000.0
42,B-034,557929,2021,Honda,Accord,SEDAN SPORT,BLUE,87312,Yes,3.7,2026-08-07,B,19800.0
34,C-215,559441,2021,Honda,Accord,SEDAN SPORT,WHITE,32060,Yes,4.5,2026-08-07,C,22000.0
22,B-127,555067,2019,Honda,Accord,HYBRID TOURIN,SILVER,195682,No,"",2026-08-07,B,5600.0
43,C-318,559810,2019,Honda,Accord,SEDAN SPORT 1,SILVER,127516,Yes,3.0,2026-08-07,C,11800.0
22,B-048,560008,2018,Honda,Accord,SEDAN EX 1.5T,BLACK,139220,No,"",2026-08-07,B,10900.0
22,B-068,559758,2018,Honda,Accord,SEDAN LX 1.5T,BLACK,113237,No,"",2026-08-07,B,11000.0
40,E-061,560207,2018,Honda,Accord,SEDAN SPORT 1,BLACK,119409,Yes,4.3,2026-08-07,E,12600.0
42,B-010,559591,2018,Honda,Accord,SEDAN TOURING,WHITE,184197,Yes,3.5,2026-08-07,B,8800.0
40,D-207,559925,2017,Honda,Accord,SEDAN EX-L V6,WHITE,67765,Yes,3.0,2026-08-07,D,13200.0
22,B-049,560007,2017,Honda,Accord,SEDAN SPORT,RED,108764,No,"",2026-08-07,B,10700.0
36,F-299,558870,2017,Honda,Accord,SEDAN TOURING,WHITE,103428,Yes,3.6,2026-08-07,F,11800.0
43,D-232,560094,2016,Honda,Accord,SEDAN EX-L,SILVER,151176,Yes,3.0,2026-08-07,D,8800.0
22,B-108,557897,2016,Honda,Accord,SEDAN SPORT,BLUE,49837,No,"",2026-08-07,B,12200.0
58,A-119,559003,2015,Honda,Accord,COUPE EX-L,GREEN,123512,Yes,3.7,2026-08-07,A,14400.0
42,D-172,559479,2015,Honda,Accord,SEDAN EX,WHITE,76384,Yes,2.9,2026-08-07,D,12500.0
45,C-235,556792,2015,Honda,Accord,SEDAN EX-L,BLUE,163058,Yes,3.0,2026-08-07,C,3700.0
22,C-097,559279,2015,Honda,Accord,SEDAN SPORT,SILVER,138306,No,"",2026-08-07,C,4700.0
22,B-167,559528,2013,Honda,Accord,CPE EX-L,SILVER,227730,No,"",2026-08-07,B,2200.0
22,B-165,559525,2012,Honda,Accord,CPE EX-L,BLACK,214268,No,"",2026-08-07,B,1200.0
22,E-198,560245,2012,Honda,Accord,SDN SE,BLACK,230390,No,"",2026-08-07,E,800.0
45,D-112,558962,2009,Honda,Accord,SDN LX,WHITE,217761,Yes,3.0,2026-08-07,D,900.0
23,C-197,558994,2008,Honda,Accord,SDN EX-L,WHITE,148110,No,"",2026-08-07,C,3800.0
22,B-071,559744,2008,Honda,Accord,SDN LX-P,BLACK,206438,No,"",2026-08-07,B,2400.0
22,B-080,559653,2004,Honda,Accord,SDN LX,GREEN,215990,No,"",2026-08-07,B,800.0
22,B-065.3,559581,2011,Honda,Accord Crosstour,EX-,GREEN,120133,No,"",2026-08-07,B,6200.0
44,F-305,559335,2025,Honda,Civic,SEDAN SPORT,BLACK,16170,Yes,3.6,2026-08-07,F,14000.0
22,B-084,559652,2023,Honda,Civic,SEDAN TOURING,SILVER,10295,No,"",2026-08-07,B,23600.0
0,M-010,559760,2020,Honda,Civic,Si,"",84951,No,"",2026-08-07,M,15000.0
22,B-051,560014,2019,Honda,Civic,SEDAN LX,GRAY,134898,No,"",2026-08-07,B,7500.0
22,B-065.4,559583,2019,Honda,Civic,SEDAN SPORT,WHITE,118422,No,"",2026-08-07,B,12200.0
39,C-169,559434,2018,Honda,Civic,SEDAN LX,BLACK,133731,Yes,4.4,2026-08-07,C,9700.0
47,F-223,558295,2017,Honda,Civic,COUPE SI,SILVER,86366,Yes,3.0,2026-08-07,F,10400.0
48,C-075.1,560068,2017,Honda,Civic,SEDAN LX,BLACK,134950,Yes,3.0,2026-08-07,C,5800.0
22,F-242,559185,2014,Honda,Civic,COUPE EX-L,BLACK,55427,No,"",2026-08-07,F,8600.0
22,B-085,559655,2012,Honda,Civic,SDN LX,GRAY,1,No,"",2026-08-07,B,2200.0
22,B-104,557839,2009,Honda,Civic,SDN EX,BLUE,178909,No,"",2026-08-07,B,1900.0
22,E-254,556231,2007,Honda,Civic,CPE EX,RED,216330,No,"",2026-08-07,E,1400.0
6,C-209,559578,2006,Honda,Civic,SDN LX,SILVER,271911,No,"",2026-08-07,C,600.0
23,B-058,560030,2002,Honda,Civic,LX,WHITE,109667,No,"",2026-08-07,B,3800.0
46,D-054,558823,2001,Honda,Civic,LX,WHITE,188078,Yes,3.0,2026-08-07,D,800.0
35,G-005,559255,2025,Honda,CR-V,EX,BLUE,23469,Yes,4.5,2026-08-07,G,26200.0
0,G-017,560316,2025,Honda,CR-V,EX,"",23469,No,"",2026-08-07,G,27000.0
22,B-111,557790,2024,Honda,CR-V,EX,GRAY,34738,No,"",2026-08-07,B,23200.0
33,G-016,558865,2024,Honda,CR-V,HYBRID SPORT-L,SILVER,17574,Yes,4.7,2026-08-07,G,29800.0
6,C-205,559266,2023,Honda,CR-V,Hybrid Sport,BLACK,174598,No,"",2026-08-07,C,15000.0
32,M-008,558544,2021,Honda,CR-V,EX-L,BLUE,32088,Yes,4.4,2026-08-07,M,23500.0
46,C-185,557720,2019,Honda,CR-V,EX,GRAY,67411,Yes,3.0,2026-08-07,C,14100.0
36,D-175,559585,2019,Honda,CR-V,LX,SILVER,80375,Yes,3.5,2026-08-07,D,14000.0
55,D-208,559928,2018,Honda,CR-V,EX,BLUE,202544,Yes,3.0,2026-08-07,D,7400.0
22,E-291,552238,2014,Honda,CR-V,EX-L,WHITE,126490,No,"",2026-08-07,E,4000.0
38,D-237,560109,2014,Honda,CR-V,LX,GRAY,152119,Yes,3.8,2026-08-07,D,6400.0
45,B-318,559824,2012,Honda,CR-V,LX,GREEN,273712,Yes,3.0,2026-08-07,B,1300.0
46,A-007,558902,2011,Honda,CR-V,SE,BLUE,188480,Yes,3.0,2026-08-07,A,3600.0
42,A-041,559454,2010,Honda,CR-V,EX-L,BLUE,140499,Yes,4.0,2026-08-07,A,4800.0
22,B-118,557792,2010,Honda,CR-V,LX,SILVER,181181,No,"",2026-08-07,B,2200.0
39,D-107,559012,2007,Honda,CR-V,LX,WHITE,204754,Yes,3.8,2026-08-07,D,2200.0
8,X-103,560015,2000,Honda,CR-V,EX,GREEN,264615,No,"",2026-08-07,X,700.0
22,E-191,559334,2012,Honda,Crosstour,EX-L,SILVER,201073,No,"",2026-08-07,E,2300.0
39,D-154,559486,2013,Honda,Fit,Sport,SILVER,159772,Yes,3.7,2026-08-07,D,2600.0
23,B-057,560027,2016,Honda,HR-V,LX,SILVER,130966,No,"",2026-08-07,B,7200.0
48,A-005,558912,2010,Honda,Insight,EX,BLACK,203088,Yes,3.4,2026-08-07,A,700.0
5,M-005,558639,2023,Honda,Odyssey,Elite,WHITE,51442,No,"",2026-08-07,M,32800.0
22,B-168,559527,2023,Honda,Odyssey,Touring,BLACK,76643,No,"",2026-08-07,B,26000.0
44,C-032,558755,2016,Honda,Odyssey,TOURING ELIT,GRAY,118696,Yes,3.5,2026-08-07,C,9600.0
45,F-130,559440,2010,Honda,Odyssey,EX,BLUE,212360,Yes,3.0,2026-08-07,F,1700.0
43,B-109,556297,2023,Honda,Passport,TrailSport,BLACK,47507,Yes,4.0,2026-08-07,B,28400.0
38,D-040,558803,2023,Honda,Pilot,EX-L 8 PASSENG,WHITE,132031,Yes,4.0,2026-08-07,D,20500.0
22,B-088,559521,2023,Honda,Pilot,EX-L 8 PASSENG,BLACK,61543,No,"",2026-08-07,B,27000.0
37,D-211,559966,2021,Honda,Pilot,EX,GREEN,122642,Yes,4.5,2026-08-07,D,13800.0
34,D-157,559516,2020,Honda,Pilot,EX-L,GRAY,128571,Yes,4.4,2026-08-07,D,13200.0
39,A-129,559704,2020,Honda,Pilot,TOURING 7-PASS,WHITE,87247,Yes,4.6,2026-08-07,A,20400.0
36,A-193,4062394,2017,Honda,Pilot,EX-L,BLACK,160775,Yes,2.9,2026-08-07,A,7600.0
44,E-027,559771,2016,Honda,Pilot,EX,GRAY,151327,Yes,3.7,2026-08-07,E,9800.0
39,A-036,559452,2016,Honda,Pilot,EX-L,GRAY,98725,Yes,4.6,2026-08-07,A,13400.0
22,B-139,559197,2012,Honda,Pilot,EX-L,SILVER,167244,No,"",2026-08-07,B,3800.0
22,C-077,559049,2010,Honda,Pilot,EX-L,TAN,178130,No,"",2026-08-07,C,3300.0
51,D-126,559115,2009,Honda,Pilot,EX-L,BLUE,231391,Yes,3.0,2026-08-07,D,800.0
42,E-142,559613,2019,Honda,Ridgeline,RTL-T,BLUE,156491,Yes,3.6,2026-08-07,E,9600.0
42,C-130,559949,2019,Hyundai,Accent,SE,SILVER,116939,Yes,3.0,2026-08-07,C,3500.0
23,F-230,559964,2018,Hyundai,Accent,SE,WHITE,100527,No,"",2026-08-07,F,3100.0
22,B-164,559512,2013,Hyundai,Accent,GLS,BROWN,126691,No,"",2026-08-07,B,2800.0
41,D-060,558829,2013,Hyundai,Azera,4DR SDN,RED,182962,Yes,3.9,2026-08-07,D,1800.0
8,X-105,560020,2013,Hyundai,Azera,4DR SDN,RED,184349,No,"",2026-08-07,X,650.0
32,D-115,559009,2025,Hyundai,Elantra,SEL SPORT,RED,51272,Yes,4.1,2026-08-07,D,14000.0
22,B-156,559514,2023,Hyundai,Elantra,HYBRID LIMIT,WHITE,59101,No,"",2026-08-07,B,16800.0
42,F-076,557094,2023,Hyundai,Elantra,HYBRID LIMIT,GRAY,97615,Yes,3.6,2026-08-07,F,11800.0
36,D-193,559713,2023,Hyundai,Elantra,N DCT,BLUE,50585,Yes,4.4,2026-08-07,D,23800.0
39,D-224,560029,2023,Hyundai,Elantra,SEL,BLACK,58860,Yes,3.2,2026-08-07,D,12250.0
23,B-036,560035,2021,Hyundai,Elantra,SEL,GRAY,96840,No,"",2026-08-07,B,7900.0
42,D-228,560086,2021,Hyundai,Elantra,SEL,BLUE,104381,Yes,3.0,2026-08-07,D,7800.0
32,C-062,559410,2020,Hyundai,Elantra,SEL,WHITE,115647,Yes,3.4,2026-08-07,C,7400.0
44,D-177,559341,2020,Hyundai,Elantra,SEL,BLUE,86531,Yes,2.9,2026-08-07,D,5200.0
22,F-239,559303,2020,Hyundai,Elantra,VALUE EDITIO,GRAY,144168,No,"",2026-08-07,F,4900.0
41,D-198,559726,2020,Hyundai,Elantra,VALUE EDITIO,RED,25986,Yes,3.7,2026-08-07,D,11800.0
37,C-158,559472,2018,Hyundai,Elantra,GT AUTO,WHITE,122247,Yes,3.7,2026-08-07,C,4700.0
40,D-140,559492,2018,Hyundai,Elantra,GT AUTO,SILVER,71006,Yes,3.4,2026-08-07,D,6400.0
8,X-112,560232,2018,Hyundai,Elantra,SEL,BLACK,131774,No,"",2026-08-07,X,2500.0
23,E-302,560064,2018,Hyundai,Elantra,SEL,WHITE,105304,No,"",2026-08-07,E,4000.0
43,E-087,560110,2017,Hyundai,Elantra,LIMITED,WHITE,166724,Yes,3.0,2026-08-07,E,3500.0
43,C-108,559027,2017,Hyundai,Elantra,LIMITED,BLACK,129185,Yes,3.3,2026-08-07,C,5000.0
28,C-056,556403,2016,Hyundai,Elantra,SE,WHITE,127251,Yes,"",2026-08-07,C,2700.0
22,E-282,559337,2016,Hyundai,Elantra,SE,BLUE,90698,No,"",2026-08-07,E,5000.0
22,F-104,559181,2016,Hyundai,Elantra,SE,SILVER,89731,No,"",2026-08-07,F,4100.0
22,B-208,559112,2016,Hyundai,Elantra,SE,BLACK,134871,No,"",2026-08-07,B,3200.0
41,E-164,560166,2014,Hyundai,Elantra,SE,BROWN,182887,Yes,3.3,2026-08-07,E,1500.0
22,B-151,559245,2013,Hyundai,Elantra,GLS PZEV,BROWN,89824,No,"",2026-08-07,B,2400.0
22,C-009.5,560118,2012,Hyundai,Elantra,GLS,SILVER,130846,No,"",2026-08-07,C,2600.0
21,E-231,559897,2012,Hyundai,Elantra,TOURING GLS,GRAY,121850,No,"",2026-08-07,E,1400.0
22,C-098,559999,2008,Hyundai,Elantra,GLS,WHITE,192321,No,"",2026-08-07,C,600.0
0,A-228,560361,2008,Hyundai,Elantra,GLS,WHITE,192321,No,"",2026-08-07,A,650.0
41,D-073,557822,2016,Hyundai,Genesis,3.8L,BLACK,139832,Yes,4.2,2026-08-07,D,4600.0
39,D-013,555717,2016,Hyundai,Genesis,3.8L,RED,133618,Yes,3.8,2026-08-07,D,5200.0
19,F-191,556892,2010,Hyundai,Genesis,4DR SDN 4.6L,BLACK,186709,No,"",2026-08-07,F,1400.0
21,E-235,559893,2013,Hyundai,Genesis Coupe,3.8 GR,BLACK,178281,No,"",2026-08-07,E,2300.0
36,E-250,554168,2023,Hyundai,Kona,SE,GRAY,36237,Yes,4.1,2026-08-07,E,15900.0
40,D-011,557489,2021,Hyundai,Palisade,Limited,BLUE,92918,Yes,4.1,2026-08-07,D,16500.0
41,C-259,553462,2021,Hyundai,Palisade,SEL,WHITE,81129,Yes,3.2,2026-08-07,C,16000.0
39,F-297,558859,2021,Hyundai,Palisade,SEL,WHITE,78705,Yes,4.4,2026-08-07,F,18000.0
35,D-141,559499,2024,Hyundai,Santa Cruz,SEL,GRAY,28314,Yes,3.9,2026-08-07,D,20800.0
22,B-067,559767,2024,Hyundai,Santa Fe,HYBRID LIMI,GREEN,31793,No,"",2026-08-07,B,29000.0
46,D-150,559480,2022,Hyundai,Santa Fe,Limited,WHITE,93334,Yes,3.2,2026-08-07,D,15000.0
38,C-048,558928,2020,Hyundai,Santa Fe,SEL,SILVER,44827,Yes,4.1,2026-08-07,C,15200.0
38,D-134,559237,2020,Hyundai,Santa Fe,SEL,RED,91822,Yes,3.6,2026-08-07,D,11200.0
22,F-111,559163,2019,Hyundai,Santa Fe,SEL,BLUE,147934,No,"",2026-08-07,F,6200.0
39,D-068,555652,2017,Hyundai,Santa Fe,LIMITED ULT,BLUE,116703,Yes,3.9,2026-08-07,D,6600.0
42,D-036,558832,2016,Hyundai,Santa Fe,SE,BROWN,204949,Yes,3.6,2026-08-07,D,2600.0
10,X-094,559124,2015,Hyundai,Santa Fe,GLS,GRAY,167260,No,"",2026-08-07,X,700.0
22,B-073,559743,2014,Hyundai,Santa Fe,LIMITED,WHITE,115515,No,"",2026-08-07,B,5000.0
9,X-091,559111,2005,Hyundai,Santa Fe,GLS,BLUE,134962,No,"",2026-08-07,X,650.0
22,B-136,559102,2003,Hyundai,Santa Fe,GLS,SILVER,160394,No,"",2026-08-07,B,600.0
0,A-229,560367,2003,Hyundai,Santa Fe,GLS,SILVER,160394,No,"",2026-08-07,A,650.0
39,A-209,559916,2018,Hyundai,Santa Fe Sport,2.4L,WHITE,117925,Yes,3.0,2026-08-07,A,5000.0
42,D-241,560117,2017,Hyundai,Santa Fe Sport,2.4L,WHITE,126794,Yes,3.2,2026-08-07,D,4400.0
22,B-140,559201,2017,Hyundai,Santa Fe Sport,2.4L,BLUE,91977,No,"",2026-08-07,B,7200.0
40,C-163,559487,2017,Hyundai,Santa Fe Sport,2.4L,BLACK,168505,Yes,3.5,2026-08-07,C,4600.0
21,B-046,559985,2017,Hyundai,Santa Fe Sport,2.4L,BLUE,148398,No,"",2026-08-07,B,5100.0
22,D-318,559324,2016,Hyundai,Santa Fe Sport,4,GRAY,175909,No,"",2026-08-07,D,4200.0
41,D-098,559497,2013,Hyundai,Santa Fe Sport,"",GREEN,124538,Yes,3.7,2026-08-07,D,3800.0
43,X-085,558794,2013,Hyundai,Santa Fe Sport,"",BLACK,220291,Yes,3.0,2026-08-07,X,1300.0
21,F-262,559924,2013,Hyundai,Santa Fe Sport,"",SILVER,176642,No,"",2026-08-07,F,2800.0
22,B-163,559513,2013,Hyundai,Santa Fe Sport,"",SILVER,142838,No,"",2026-08-07,B,3000.0
22,F-252,559190,2013,Hyundai,Santa Fe Sport,"",WHITE,102256,No,"",2026-08-07,F,3600.0
34,E-248,556228,2023,Hyundai,Sonata,SE,WHITE,68953,Yes,4.4,2026-08-07,E,13200.0
21,D-145,559054,2022,Hyundai,Sonata,N LINE,GRAY,45793,No,"",2026-08-07,D,18000.0
38,D-151,559421,2021,Hyundai,Sonata,SEL Plus,RED,135782,Yes,4.2,2026-08-07,D,11400.0
22,B-143,559205,2019,Hyundai,Sonata,Limited,GRAY,48362,No,"",2026-08-07,B,12200.0
40,D-182,559340,2018,Hyundai,Sonata,LIMITED,GRAY,70276,Yes,3.2,2026-08-07,D,9800.0
35,D-236,560107,2017,Hyundai,Sonata,2.4L,WHITE,119534,Yes,3.8,2026-08-07,D,5800.0
22,B-153,559246,2016,Hyundai,Sonata,2.4L SE,RED,114218,No,"",2026-08-07,B,5800.0
40,A-224,560142,2014,Hyundai,Sonata,GLS,BLUE,163253,Yes,3.0,2026-08-07,A,1800.0
22,X-096,559072,2013,Hyundai,Sonata,GLS,BLACK,159890,No,"",2026-08-07,X,700.0
22,C-071,557522,2013,Hyundai,Sonata,GLS PZEV,SILVER,128543,No,"",2026-08-07,C,2300.0
8,X-110,560225,2013,Hyundai,Sonata,SE,BLACK,180449,No,"",2026-08-07,X,650.0
22,B-150,559242,2013,Hyundai,Sonata,SE,WHITE,169943,No,"",2026-08-07,B,1600.0
22,B-131.3,560190,2012,Hyundai,Sonata,GLS,BLACK,220904,No,"",2026-08-07,B,700.0
9,X-102,559702,2012,Hyundai,Sonata,GLS,BLACK,190917,No,"",2026-08-07,X,650.0
50,D-122,559110,2011,Hyundai,Sonata,LTD,SILVER,158365,Yes,3.0,2026-08-07,D,1700.0
51,D-078,558106,2011,Hyundai,Sonata,SE,SILVER,183727,Yes,3.0,2026-08-07,D,1600.0
22,C-101,559992,2010,Hyundai,Sonata,GLS,SILVER,155430,No,"",2026-08-07,C,1400.0
40,D-029,558849,2010,Hyundai,Sonata,GLS,GRAY,168206,Yes,3.7,2026-08-07,D,1000.0
36,G-012,558927,2025,Hyundai,Tucson,SEL,GRAY,45746,Yes,4.6,2026-08-07,G,19600.0
22,B-131.2,560192,2024,Hyundai,Tucson,SE,SILVER,25082,No,"",2026-08-07,B,19000.0
34,D-049,558834,2024,Hyundai,Tucson,SEL,GRAY,37496,Yes,4.6,2026-08-07,D,19000.0
8,X-082,558515,2022,Hyundai,Tucson,HYBRID BLUE,WHITE,40301,No,"",2026-08-07,X,12300.0
22,C-200,559474,2022,Hyundai,Tucson,SE,SILVER,123896,No,"",2026-08-07,C,10400.0
22,B-155,559248,2020,Hyundai,Tucson,ULTIMATE,SILVER,115904,No,"",2026-08-07,B,8500.0
37,F-268,555535,2019,Hyundai,Tucson,Value,WHITE,52911,Yes,3.2,2026-08-07,F,9400.0
22,B-045,559983,2018,Hyundai,Tucson,LIMITED,SILVER,109218,No,"",2026-08-07,B,7400.0
39,X-086,556227,2018,Hyundai,Tucson,SE,SILVER,73831,Yes,3.0,2026-08-07,X,5000.0
32,X-084,558793,2016,Hyundai,Tucson,SE,RED,110229,Yes,3.1,2026-08-07,X,2800.0
22,B-087,559646,2015,Hyundai,Tucson,SE,WHITE,165566,No,"",2026-08-07,B,4000.0
8,X-113,560176,2014,Hyundai,Tucson,SE,SILVER,110684,No,"",2026-08-07,X,1500.0
38,D-217,559965,2013,Hyundai,Tucson,GLS,GOLD,88167,Yes,3.7,2026-08-07,D,7000.0
22,C-024,558854,2012,Hyundai,Tucson,GLS PZEV,GRAY,166585,No,"",2026-08-07,C,3100.0
50,C-277,559152,2013,Hyundai,Veloster,W/BLACK INT,BLACK,104540,Yes,3.0,2026-08-07,C,2800.0
23,B-122,557458,2013,Hyundai,Veloster,W/GRAY INT,RED,136464,No,"",2026-08-07,B,2000.0
22,B-134,559103,2012,Hyundai,Veloster,W/GRAY INT,WHITE,165188,No,"",2026-08-07,B,1800.0
36,D-220,559953,2021,Hyundai,Venue,SE,GRAY,155199,Yes,3.0,2026-08-07,D,7400.0
22,C-075.4,560073,2009,INFINITI,FX35,4DR,WHITE,255527,No,"",2026-08-07,C,1400.0
38,C-164,559485,2016,INFINITI,Q50,3.0T PREMIUM,WHITE,139760,Yes,3.5,2026-08-07,C,6800.0
34,X-039,555428,2014,INFINITI,Q50,PREMIUM,BLUE,119056,Yes,0.5,2026-08-07,X,1600.0
42,A-015,558915,2017,INFINITI,Q60,3.0T PREMIUM,GRAY,82944,Yes,3.0,2026-08-07,A,12200.0
39,A-093,559006,2016,INFINITI,Q70,4DR SDN V6,SILVER,146320,Yes,4.6,2026-08-07,A,7800.0
38,A-105,556626,2020,INFINITI,QX50,ESSENTIAL,SILVER,139521,Yes,4.5,2026-08-07,A,7200.0
33,Q-001,557742,2023,INFINITI,QX55,Essential,BLACK,18556,Yes,4.8,2026-08-07,Q,30200.0
39,D-190,559668,2017,INFINITI,QX80,LIMITED,BLACK,102336,Yes,4.7,2026-08-07,D,15200.0
22,D-292,560246,2003,Isuzu,Rodeo,4DR S 2.2L MAN,WHITE,111728,No,"",2026-08-07,D,2000.0
33,F-287,559352,2019,Jaguar,E-Pace,R-DYNAMIC HSE,BLACK,105066,Yes,4.6,2026-08-07,F,9200.0
22,B-146,559213,2018,Jaguar,F-Pace,25t Premium,BLACK,71148,No,"",2026-08-07,B,9800.0
22,F-210,559299,2018,Jaguar,F-Pace,25t Prestige,BLUE,128212,No,"",2026-08-07,F,6100.0
39,F-158,557608,2017,Jaguar,F-Pace,"",BLUE,92733,Yes,4.4,2026-08-07,F,6800.0
45,C-254,558601,2018,Jeep,All-New Wrangler,"",WHITE,93627,Yes,3.5,2026-08-07,C,12000.0
40,E-065,560052,2018,Jeep,All-New Wrangler,"",GRAY,103154,Yes,4.0,2026-08-07,E,20400.0
32,F-313,559957,2022,Jeep,Cherokee,Limited,WHITE,47721,Yes,4.3,2026-08-07,F,20500.0
23,B-043,560009,2020,Jeep,Cherokee,Latitude,BLACK,130688,No,"",2026-08-07,B,5700.0
22,C-217,559445,2018,Jeep,Cherokee,Overland,WHITE,117663,No,"",2026-08-07,C,7600.0
21,B-137,557362,2016,Jeep,Cherokee,Sport,WHITE,106136,No,"",2026-08-07,B,3800.0
28,E-090,560081,2014,Jeep,Cherokee,ALTITUDE,BLACK,168265,Yes,3.1,2026-08-07,E,1500.0
43,A-034,559451,2014,Jeep,Cherokee,Limited,GRAY,150107,Yes,3.8,2026-08-07,A,3600.0
31,X-005,557585,2014,Jeep,Cherokee,Limited,WHITE,145152,Yes,0.5,2026-08-07,X,650.0
23,B-130.8,560186,2006,Jeep,Commander,4DR,TAN,242071,No,"",2026-08-07,B,700.0
23,B-047,559986,2021,Jeep,Compass,FREEDOM,BLACK,113318,No,"",2026-08-07,B,7000.0
36,D-041,558796,2020,Jeep,Compass,Trailhawk,WHITE,101885,Yes,4.5,2026-08-07,D,9400.0
38,C-287,559166,2018,Jeep,Compass,Latitude,RED,120809,Yes,4.0,2026-08-07,C,7000.0
32,D-214,559981,2015,Jeep,Compass,Sport,SILVER,89793,Yes,4.5,2026-08-07,D,7800.0
22,B-063,559777,2014,Jeep,Compass,Sport,GRAY,169975,No,"",2026-08-07,B,1000.0
40,F-058,559622,2013,Jeep,Compass,Sport,SILVER,114988,Yes,3.6,2026-08-07,F,3200.0
35,D-039,558802,2021,Jeep,Gladiator,Mojave,GRAY,86090,Yes,4.6,2026-08-07,D,26600.0
43,C-074,557999,2020,Jeep,Gladiator,Rubicon,GRAY,68481,Yes,3.7,2026-08-07,C,25200.0
36,C-014,559683,2024,Jeep,Grand Cherokee,4XE 4,WHITE,52509,Yes,4.5,2026-08-07,C,22250.0
36,B-032,559210,2024,Jeep,Grand Cherokee,ALTIT,SILVER,53776,Yes,3.7,2026-08-07,B,22000.0
22,C-175,559911,2022,Jeep,Grand Cherokee,WK LI,WHITE,114130,No,"",2026-08-07,C,11700.0
22,E-188,559383,2020,Jeep,Grand Cherokee,LIMIT,GRAY,37199,No,"",2026-08-07,E,17800.0
44,C-082,559051,2019,Jeep,Grand Cherokee,ALTIT,GRAY,89035,Yes,3.1,2026-08-07,C,12000.0
41,E-103,559090,2019,Jeep,Grand Cherokee,LIMIT,BLUE,108920,Yes,3.0,2026-08-07,E,10000.0
41,F-025,554881,2019,Jeep,Grand Cherokee,LIMIT,RED,74270,Yes,3.0,2026-08-07,F,14600.0
22,F-298,558874,2018,Jeep,Grand Cherokee,LARED,WHITE,174536,No,"",2026-08-07,F,5000.0
37,F-053,559568,2018,Jeep,Grand Cherokee,LIMIT,RED,132383,Yes,3.8,2026-08-07,F,7700.0
38,C-075.8,560041,2018,Jeep,Grand Cherokee,LIMIT,RED,85012,Yes,3.2,2026-08-07,C,11200.0
35,A-050,558173,2017,Jeep,Grand Cherokee,SUMMI,WHITE,81173,Yes,3.6,2026-08-07,A,14800.0
40,F-045,559735,2015,Jeep,Grand Cherokee,ALTIT,WHITE,56255,Yes,3.7,2026-08-07,F,9200.0
39,F-055,559560,2014,Jeep,Grand Cherokee,LIMIT,GRAY,162097,Yes,4.0,2026-08-07,F,4700.0
22,E-266,558841,2014,Jeep,Grand Cherokee,OVERL,BLACK,95384,No,"",2026-08-07,E,7600.0
22,B-207,559029,2014,Jeep,Grand Cherokee,OVERL,BLACK,55467,No,"",2026-08-07,B,8000.0
45,X-040,553843,2013,Jeep,Grand Cherokee,LARED,BLACK,170543,Yes,0.5,2026-08-07,X,1000.0
7,X-093,559118,2012,Jeep,Grand Cherokee,OVERL,WHITE,132049,No,"",2026-08-07,X,700.0
22,C-191,558991,2007,Jeep,Grand Cherokee,LARED,WHITE,254790,No,"",2026-08-07,C,700.0
43,D-058,558852,2005,Jeep,Grand Cherokee,LARED,WHITE,1,Yes,3.0,2026-08-07,D,900.0
31,G-011,559360,2025,Jeep,Grand Cherokee L,LAR,WHITE,23964,Yes,5.0,2026-08-07,G,27000.0
36,C-012,559709,2024,Jeep,Grand Cherokee L,LIM,WHITE,82280,Yes,4.4,2026-08-07,C,21500.0
21,B-065.5,559582,2022,Jeep,Grand Cherokee L,LIM,BLACK,48904,No,"",2026-08-07,B,23700.0
39,D-050,558837,2021,Jeep,Grand Cherokee L,LIM,BLACK,104774,Yes,3.8,2026-08-07,D,15800.0
39,C-266,555544,2024,Jeep,Grand Wagoneer,SERIE,BLUE,25239,Yes,4.2,2026-08-07,C,53600.0
39,A-138,559617,2022,Jeep,Grand Wagoneer,SERIE,WHITE,43544,Yes,4.5,2026-08-07,A,44400.0
22,B-171,559547,2012,Jeep,Liberty,SPORT LATITU,WHITE,153556,No,"",2026-08-07,B,2400.0
22,E-173,559805,2023,Jeep,Renegade,Latitude,WHITE,52026,No,"",2026-08-07,E,13800.0
43,E-009,559776,2021,Jeep,Renegade,Latitude,TEAL,104256,Yes,3.0,2026-08-07,E,6400.0
38,C-081,559050,2018,Jeep,Renegade,Latitude,BLACK,110618,Yes,4.1,2026-08-07,C,6100.0
35,D-083,558381,2018,Jeep,Renegade,Sport,BLACK,137108,Yes,3.7,2026-08-07,D,3800.0
21,C-227,559935,2017,Jeep,Renegade,Latitude,GRAY,171712,No,"",2026-08-07,C,3700.0
43,D-149,559478,2016,Jeep,Renegade,Latitude,BLUE,78580,Yes,3.5,2026-08-07,D,5600.0
29,Q-002,557743,2023,Jeep,Wrangler,4XE SAHARA,YELLOW,30716,Yes,5.0,2026-08-07,Q,23800.0
34,A-059,559239,2023,Jeep,Wrangler,Rubicon,RED,20389,Yes,4.7,2026-08-07,A,36200.0
32,M-007,558557,2023,Jeep,Wrangler,RUBICON 392,YELLOW,20301,Yes,5.0,2026-08-07,M,62000.0
35,E-141,559998,2021,Jeep,Wrangler,Sport,WHITE,44909,Yes,4.4,2026-08-07,E,16800.0
32,E-026,558404,2020,Jeep,Wrangler,UNLIMITED R,ORANGE,103935,Yes,4.9,2026-08-07,E,18600.0
38,F-215,560175,2020,Jeep,Wrangler,UNLIMITED S,WHITE,88608,Yes,4.1,2026-08-07,F,17000.0
22,E-196,559344,2019,Jeep,Wrangler,UNLIMITED S,GRAY,97802,No,"",2026-08-07,E,14000.0
22,B-287,560218,2019,Jeep,Wrangler,UNLIMITED S,ORANGE,151978,No,"",2026-08-07,B,11200.0
42,D-287,560235,2019,Jeep,Wrangler,UNLIMITED S,RED,91368,Yes,3.0,2026-08-07,D,18000.0
22,C-211,559447,2018,Jeep,Wrangler,JK UNLIMITE,WHITE,94682,No,"",2026-08-07,C,11200.0
37,D-155,559508,2017,Jeep,Wrangler,UNLIMITED R,WHITE,144228,Yes,4.1,2026-08-07,D,12100.0
34,A-172,559849,2017,Jeep,Wrangler,UNLIMITED S,BLACK,44705,Yes,4.5,2026-08-07,A,17000.0
40,D-143,559500,2016,Jeep,Wrangler,UNLIMITED S,WHITE,125029,Yes,3.4,2026-08-07,D,11200.0
21,E-238,556937,2015,Jeep,Wrangler,Rubicon,YELLOW,110776,No,"",2026-08-07,E,10600.0
40,A-109,557974,2015,Jeep,Wrangler,UNLIMITED S,WHITE,127394,Yes,3.2,2026-08-07,A,10400.0
52,C-333,559032,2015,Jeep,Wrangler,UNLIMITED S,WHITE,164457,Yes,4.3,2026-08-07,C,7800.0
22,D-199,559721,2015,Jeep,Wrangler,UNLIMITED S,SILVER,105709,No,"",2026-08-07,D,10800.0
42,C-172,559462,2014,Jeep,Wrangler,UNLIMITED S,ORANGE,60529,Yes,4.3,2026-08-07,C,11800.0
37,C-107,559026,2012,Jeep,Wrangler,UNLIMITED S,BLACK,143625,Yes,3.6,2026-08-07,C,7400.0
47,D-135,559240,2008,Jeep,Wrangler,UNLIMITED S,RED,168169,Yes,3.0,2026-08-07,D,2800.0
37,C-115,559501,2000,Jeep,Wrangler,Sport,GRAY,166218,Yes,3.7,2026-08-07,C,6700.0
32,E-089,560101,2022,Kia,EV6,WIND,RED,32752,Yes,4.6,2026-08-07,E,21000.0
22,C-066,559408,2022,Kia,Forte,GT,GRAY,132365,No,"",2026-08-07,C,5000.0
22,B-079,559592,2022,Kia,Forte,GT,RED,47881,No,"",2026-08-07,B,13400.0
22,B-130.7,560191,2021,Kia,Forte,FE,BLACK,71590,No,"",2026-08-07,B,5800.0
34,F-141,560259,2021,Kia,Forte,GT,RED,131651,Yes,4.3,2026-08-07,F,6600.0
39,F-213,560156,2021,Kia,Forte,GT-Line,ORANGE,116722,Yes,3.0,2026-08-07,F,6200.0
34,C-291,559300,2021,Kia,Forte,LXS,BLACK,54023,Yes,3.6,2026-08-07,C,5400.0
38,D-133,559235,2019,Kia,Forte,LXS,BLUE,94349,Yes,3.6,2026-08-07,D,7600.0
23,F-112,559159,2019,Kia,Forte,LXS,RED,211822,No,"",2026-08-07,F,2100.0
33,C-297,559314,2019,Kia,Forte,LXS,WHITE,31212,Yes,4.5,2026-08-07,C,12400.0
22,F-004,560196,2018,Kia,Forte,LX,GRAY,113147,No,"",2026-08-07,F,1600.0
48,D-156,559422,2018,Kia,Forte,S,BLUE,101915,Yes,3.0,2026-08-07,D,4200.0
37,F-164,559093,2017,Kia,Forte,LX,WHITE,152987,Yes,3.5,2026-08-07,F,3000.0
40,C-031,558725,2017,Kia,Forte,LX,WHITE,123179,Yes,3.5,2026-08-07,C,5300.0
22,B-130.5,560185,2012,Kia,Forte,5-DOOR EX,RED,112802,No,"",2026-08-07,B,700.0
28,C-148,559271,2025,Kia,K5,GT-LINE,WHITE,21973,Yes,4.4,2026-08-07,C,25500.0
39,C-065,559392,2022,Kia,K5,GT-LINE,BLACK,103584,Yes,4.5,2026-08-07,C,13000.0
37,D-109,556158,2022,Kia,K5,GT-LINE,BLUE,55024,Yes,4.0,2026-08-07,D,16000.0
42,E-030,560136,2019,Kia,Optima,S,BLUE,93147,Yes,3.0,2026-08-07,E,6400.0
32,X-027,555436,2018,Kia,Optima,LX,BLACK,82383,Yes,1.4,2026-08-07,X,1800.0
21,C-230,559934,2016,Kia,Optima,LX,BLACK,180574,No,"",2026-08-07,C,1400.0
38,D-085,555782,2015,Kia,Optima,EX,GRAY,131582,Yes,4.1,2026-08-07,D,3800.0
40,A-052,559488,2015,Kia,Optima,EX,BLACK,127233,Yes,3.0,2026-08-07,A,4400.0
46,B-321,559818,2013,Kia,Optima,EX,BLACK,228419,Yes,3.0,2026-08-07,B,1000.0
22,F-294,559338,2011,Kia,Optima,SX,SILVER,201661,No,"",2026-08-07,F,2000.0
6,X-101,559699,2008,Kia,Optima,EX,WHITE,1,No,"",2026-08-07,X,650.0
22,E-271,557327,2013,Kia,Rio,LX,RED,65290,No,"",2026-08-07,E,2800.0
43,D-095,558879,2016,Kia,Sedona,L,WHITE,126930,Yes,3.0,2026-08-07,D,3400.0
21,C-280,559156,2016,Kia,Sedona,SX,WHITE,269796,No,"",2026-08-07,C,1200.0
32,C-149,559284,2026,Kia,Seltos,EX,BLUE,8245,Yes,4.9,2026-08-07,C,21400.0
39,C-236,558199,2024,Kia,Seltos,EX,BLUE,84679,Yes,3.8,2026-08-07,C,14600.0
40,C-043,553971,2022,Kia,Seltos,S,YELLOW,59663,Yes,3.4,2026-08-07,C,12800.0
36,E-268,558858,2025,Kia,Sorento,X-LINE EX,RED,7840,Yes,4.7,2026-08-07,E,33000.0
34,C-151,557517,2023,Kia,Sorento,X-LINE SX PR,GRAY,19262,Yes,4.5,2026-08-07,C,30500.0
36,C-080,558392,2022,Kia,Sorento,LX,BLACK,130583,Yes,4.6,2026-08-07,C,11200.0
36,D-219,559952,2021,Kia,Sorento,S,WHITE,85328,Yes,4.2,2026-08-07,D,14200.0
32,F-091,559129,2021,Kia,Sorento,SX PRESTIGE,GREEN,142399,Yes,4.5,2026-08-07,F,13900.0
37,D-119,558965,2020,Kia,Sorento,LX,WHITE,130070,Yes,3.4,2026-08-07,D,6200.0
23,E-205,558806,2017,Kia,Sorento,EX V6,WHITE,114716,No,"",2026-08-07,E,5000.0
37,F-243,559171,2017,Kia,Sorento,LX,WHITE,60729,Yes,3.7,2026-08-07,F,8200.0
41,F-133,558625,2017,Kia,Sorento,LX V6,WHITE,126350,Yes,3.2,2026-08-07,F,3500.0
22,C-009.1,559705,2016,Kia,Sorento,SX,WHITE,136477,No,"",2026-08-07,C,3800.0
35,X-035,552853,2014,Kia,Sorento,LX,BLUE,147785,Yes,0.5,2026-08-07,X,1500.0
21,B-130,557556,2014,Kia,Sorento,SX,RED,93233,No,"",2026-08-07,B,3400.0
39,E-133,557590,2013,Kia,Sorento,EX,SILVER,116790,Yes,4.1,2026-08-07,E,3600.0
37,C-016,556407,2024,Kia,Soul,EX,GRAY,45709,Yes,3.9,2026-08-07,C,15500.0
36,D-110,557225,2024,Kia,Soul,EX,WHITE,12223,Yes,4.3,2026-08-07,D,18200.0
34,B-183,557971,2021,Kia,Soul,GT-Line,BLUE,49996,Yes,3.6,2026-08-07,B,12000.0
39,C-092,559275,2021,Kia,Soul,GT-Line,GRAY,77754,Yes,3.7,2026-08-07,C,8200.0
34,F-256,559297,2021,Kia,Soul,X-LINE,WHITE,134721,Yes,4.5,2026-08-07,F,6900.0
37,E-007,559780,2020,Kia,Soul,S,WHITE,130029,Yes,3.0,2026-08-07,E,3500.0
42,D-077,557162,2019,Kia,Soul,+,BLUE,79187,Yes,3.0,2026-08-07,D,5200.0
22,B-162,559550,2019,Kia,Soul,+,ORANGE,102262,No,"",2026-08-07,B,6800.0
46,D-120,558968,2019,Kia,Soul,BASE,GRAY,91530,Yes,3.0,2026-08-07,D,4600.0
22,B-120,557424,2016,Kia,Soul,Base,GRAY,88719,No,"",2026-08-07,B,2600.0
41,A-211,559948,2016,Kia,Soul,Base,GRAY,124329,Yes,2.7,2026-08-07,A,1000.0
39,F-172,560270,2015,Kia,Soul,Base,BLACK,94434,Yes,3.0,2026-08-07,F,2400.0
6,A-020,559370,2015,Kia,Soul,Base,GRAY,87292,No,"",2026-08-07,A,3000.0
22,D-196,559725,2014,Kia,Soul,+,GREEN,75395,No,"",2026-08-07,D,3600.0
22,F-109,559160,2014,Kia,Soul,+,WHITE,150458,No,"",2026-08-07,F,2000.0
22,C-207,559080,2014,Kia,Soul,Base,BROWN,156031,No,"",2026-08-07,C,1300.0
38,C-153,555909,2025,Kia,Sportage,EX,BLACK,15634,Yes,4.1,2026-08-07,C,23200.0
36,C-011,559701,2025,Kia,Sportage,HYBRID SX-P,GRAY,15331,Yes,4.6,2026-08-07,C,29000.0
32,C-035,558424,2025,Kia,Sportage,LX,GRAY,29789,Yes,4.5,2026-08-07,C,18800.0
35,F-051,559609,2024,Kia,Sportage,X-Line,WHITE,14846,Yes,4.5,2026-08-07,F,25000.0
5,Q-003,558650,2023,Kia,Sportage,X-Line,RED,28177,No,"",2026-08-07,Q,23700.0
32,C-053,559283,2023,Kia,Sportage,X-Line,BLUE,51728,Yes,4.8,2026-08-07,C,20000.0
33,C-054,559286,2023,Kia,Sportage,X-PRO PREST,GREEN,42675,Yes,4.4,2026-08-07,C,23750.0
37,D-297,559739,2020,Kia,Sportage,SX TURBO,BLACK,78508,Yes,4.3,2026-08-07,D,13500.0
9,X-081,558661,2013,Kia,Sportage,EX,SILVER,189934,No,"",2026-08-07,X,1600.0
22,F-179,559757,2011,Kia,Sportage,EX,TAN,189449,No,"",2026-08-07,F,2400.0
22,D-044,559091,2007,Kia,Sportage,LX,GREEN,86363,No,"",2026-08-07,D,900.0
35,D-137,559433,2024,Kia,Telluride,EX X-LINE,GRAY,21179,Yes,4.6,2026-08-07,D,34200.0
36,C-013,559686,2024,Kia,Telluride,S,BLACK,15353,Yes,4.6,2026-08-07,C,30500.0
34,C-064,559691,2024,Kia,Telluride,S,WHITE,32813,Yes,5.0,2026-08-07,C,29000.0
44,C-049,558932,2023,Kia,Telluride,S,WHITE,68640,Yes,4.1,2026-08-07,C,22000.0
34,C-078,558399,2022,Kia,Telluride,LX,GRAY,107557,Yes,4.0,2026-08-07,C,12000.0
36,D-101,559018,2022,Kia,Telluride,SX,BROWN,99895,Yes,4.4,2026-08-07,D,18600.0
39,C-010,559695,2021,Kia,Telluride,LX,GRAY,111946,Yes,4.4,2026-08-07,C,11500.0
48,A-210,559946,2020,Kia,Telluride,EX,PURPLE,131890,Yes,3.5,2026-08-07,A,8400.0
37,D-108,557157,2020,Kia,Telluride,SX,GREEN,52681,Yes,3.5,2026-08-07,D,18500.0
30,Q-008,558019,2024,Land Rover,Defender,"",BLACK,34571,Yes,4.8,2026-08-07,Q,52700.0
34,A-073,556830,2023,Land Rover,Defender,110 SE,"",21530,Yes,4.6,2026-08-07,A,45000.0
37,A-068,556821,2023,Land Rover,Defender,110 X-DYNAM,"",57183,Yes,4.1,2026-08-07,A,40600.0
34,A-150,557512,2021,Land Rover,Defender,"",GREEN,64954,Yes,4.5,2026-08-07,A,33800.0
34,A-248,556264,2025,Land Rover,Discovery Sport,DYNA,GRAY,7668,Yes,4.8,2026-08-07,A,34400.0
39,A-057,555843,2023,Land Rover,Discovery Sport,S R-,GRAY,39437,Yes,4.2,2026-08-07,A,21200.0
21,B-116,556165,2020,Land Rover,Discovery Sport,S R-,WHITE,64967,No,"",2026-08-07,B,13000.0
44,F-273,556121,2020,Land Rover,Range Rover,"",BLACK,84029,Yes,2.1,2026-08-07,F,18200.0
37,C-322,559823,2015,Land Rover,Range Rover,"",GRAY,79240,Yes,3.9,2026-08-07,C,11000.0
36,X-037,553844,2013,Land Rover,Range Rover,HSE,SILVER,1,Yes,0.5,2026-08-07,X,1900.0
29,X-002,554387,2011,Land Rover,Range Rover,HSE LUX,WHITE,1,Yes,0.5,2026-08-07,X,650.0
36,F-094,559135,2020,Land Rover,Range Rover Evoque,F,GRAY,60731,Yes,4.1,2026-08-07,F,16600.0
34,A-086,558896,2012,Land Rover,Range Rover Evoque,P,GOLD,60994,Yes,3.0,2026-08-07,A,3400.0
43,A-106,558893,2021,Land Rover,Range Rover Sport,"",SILVER,116955,Yes,3.9,2026-08-07,A,15900.0
38,A-060,558895,2017,Land Rover,Range Rover Sport,HS,BLACK,77301,Yes,4.7,2026-08-07,A,13000.0
22,B-149,559241,2013,Land Rover,Range Rover Sport,HS,BLACK,185304,No,"",2026-08-07,B,1000.0
38,A-165,558075,2020,Land Rover,Range Rover Velar,"",BLUE,62072,Yes,4.1,2026-08-07,A,18400.0
37,A-113,558884,2020,Land Rover,Range Rover Velar,R-,WHITE,69771,Yes,4.6,2026-08-07,A,17200.0
21,F-265,556108,2013,Lexus,ES 300h,4DR SDN HYBR,BLACK,128735,No,"",2026-08-07,F,5600.0
33,A-183,559772,2022,Lexus,ES 350,ES 350,WHITE,57839,Yes,4.3,2026-08-07,A,31600.0
22,B-172,559571,2018,Lexus,ES 350,ES 350,BLACK,109747,No,"",2026-08-07,B,15800.0
35,F-260,560127,2024,Lexus,ES-Series,"",SILVER,40604,Yes,4.0,2026-08-07,F,25600.0
39,E-109,560146,2024,Lexus,ES-Series,"",BLACK,75269,Yes,3.9,2026-08-07,E,32000.0
22,B-130.1,559606,2002,Lexus,GS 300,4DR SDN,WHITE,201880,No,"",2026-08-07,B,1000.0
22,B-135,559099,2015,Lexus,GS 350,4DR SDN,SILVER,156825,No,"",2026-08-07,B,11200.0
22,F-303,559355,2015,Lexus,GS 350,4DR SDN,BLACK,141749,No,"",2026-08-07,F,8400.0
40,B-006,558900,2020,Lexus,GX 460,PREMIUM,BLACK,42546,Yes,4.4,2026-08-07,B,35000.0
9,O-001,558518,2017,Lexus,GX 460,GX 460 PREMIU,GRAY,115826,No,"",2026-08-07,O,13000.0
43,A-131,559711,2015,Lexus,GX 460,4DR,BLACK,221425,Yes,3.0,2026-08-07,A,12200.0
21,F-278,559922,2008,Lexus,GX 470,4DR,WHITE,169427,No,"",2026-08-07,F,4100.0
54,A-208,558954,2014,Lexus,IS 250,4DR SPORT SDN,BLACK,192390,Yes,3.0,2026-08-07,A,4900.0
22,F-296,558867,2014,Lexus,IS 250,4DR SPORT SDN,BLACK,209330,No,"",2026-08-07,F,3700.0
23,F-105,559180,2015,Lexus,LS 460,L,SILVER,115513,No,"",2026-08-07,F,17100.0
22,F-288,560181,2013,Lexus,LS 460,L,BLACK,117435,No,"",2026-08-07,F,11000.0
21,B-023,559703,2008,Lexus,LS 460,4DR SDN,BLACK,200488,No,"",2026-08-07,B,1500.0
32,A-127,554354,2024,Lexus,LX-Series,"",GRAY,20859,Yes,4.4,2026-08-07,A,85000.0
33,P-008,558007,2024,Lexus,LX-Series,"",BLACK,27458,Yes,4.8,2026-08-07,P,83750.0
35,F-272,559923,2017,Lexus,NX 200t,F SPORT,BLACK,25550,Yes,4.7,2026-08-07,F,19400.0
39,F-292,558872,2015,Lexus,NX 200t,4DR,GRAY,85303,Yes,4.2,2026-08-07,F,14000.0
34,F-259,559902,2018,Lexus,RC 300,RC 300 F SPOR,WHITE,70207,Yes,4.1,2026-08-07,F,22600.0
39,A-180,559738,2015,Lexus,RC 350,2DR CPE,SILVER,119032,Yes,3.0,2026-08-07,A,16000.0
22,F-140,559439,2005,Lexus,RX 330,4DR SUV,WHITE,133554,No,"",2026-08-07,F,2700.0
31,A-170,559733,2017,Lexus,RX 350,RX 350,SILVER,82678,Yes,4.6,2026-08-07,A,20800.0
35,A-066,559199,2017,Lexus,RX 350,RX 350,SILVER,44512,Yes,4.8,2026-08-07,A,26600.0
22,F-279,559905,2015,Lexus,RX 350,4DR,SILVER,137771,No,"",2026-08-07,F,11100.0
40,A-028,557550,2013,Lexus,RX 350,4DR,WHITE,144971,Yes,3.4,2026-08-07,A,7800.0
22,F-301,559359,2010,Lexus,RX 350,4DR,BLUE,161121,No,"",2026-08-07,F,5100.0
52,D-201,559829,2006,Lexus,RX 400h,4DR HYBRID S,WHITE,252548,Yes,3.0,2026-08-07,D,800.0
30,D-063,553323,2024,Lexus,RX-Series,"",WHITE,21113,Yes,5.0,2026-08-07,D,55800.0
33,A-112,557905,2024,Lincoln,Aviator,Reserve,WHITE,22870,Yes,4.7,2026-08-07,A,45500.0
39,A-123,559685,2020,Lincoln,Aviator,Reserve,WHITE,45269,Yes,4.5,2026-08-07,A,27600.0
40,A-241,559588,2020,Lincoln,Aviator,Reserve,GRAY,78186,Yes,3.3,2026-08-07,A,23000.0
39,A-197,560062,2020,Lincoln,Continental,STANDARD,SILVER,112867,Yes,3.0,2026-08-07,A,12600.0
35,B-013,557246,2019,Lincoln,Continental,STANDARD,SILVER,91304,Yes,4.1,2026-08-07,B,11400.0
38,D-070,556307,2020,Lincoln,Corsair,Reserve,RED,39329,Yes,3.9,2026-08-07,D,20600.0
22,E-222,559861,2017,Lincoln,MKC,Select,WHITE,101398,No,"",2026-08-07,E,5800.0
40,D-209,559988,2016,Lincoln,MKX,Reserve,WHITE,90464,Yes,3.8,2026-08-07,D,10600.0
22,B-176,559577,2019,Lincoln,MKZ,RESERVE I,BLACK,191015,No,"",2026-08-07,B,3800.0
40,E-096,559073,2011,Lincoln,MKZ,4DR SDN,BLACK,108621,Yes,4.1,2026-08-07,E,3600.0
34,A-085,555474,2025,Lincoln,Nautilus,PREMIERE,WHITE,9904,Yes,4.2,2026-08-07,A,43800.0
37,D-185,559681,2019,Lincoln,Nautilus,Reserve,WHITE,49512,Yes,4.3,2026-08-07,D,17200.0
22,A-240,559595,2018,Lincoln,Navigator,Select,BLACK,152029,No,"",2026-08-07,A,14800.0
53,D-014,559982,2007,Lincoln,Navigator, 4DR,BEIGE,222166,Yes,3.1,2026-08-07,D,700.0
22,B-276,560211,2007,Lincoln,Navigator,4DR,GRAY,246413,No,"",2026-08-07,B,600.0
22,B-091,559638,2017,Maserati,Ghibli,S Q4,BLACK,81185,No,"",2026-08-07,B,11800.0
22,F-233,559963,2019,Mazda,CX-3,Sport,RED,115064,No,"",2026-08-07,F,9000.0
33,C-061,559399,2025,Mazda,CX-30,2.5 S,BLACK,11859,Yes,4.6,2026-08-07,C,20000.0
38,D-046,558816,2023,Mazda,CX-5,2.5 S SELECT PA,RED,33902,Yes,4.2,2026-08-07,D,19800.0
45,C-057,557285,2022,Mazda,CX-5,2.5 S SELECT PA,BLACK,78125,Yes,4.0,2026-08-07,C,16400.0
22,B-178,559602,2020,Mazda,CX-5,Grand Touring,WHITE,71847,No,"",2026-08-07,B,16600.0
22,C-008,559227,2018,Mazda,CX-5,Touring,SILVER,150187,No,"",2026-08-07,C,8100.0
22,B-128,558603,2017,Mazda,CX-5,GRAND TOURING,RED,86337,No,"",2026-08-07,B,13000.0
22,F-083,558785,2014,Mazda,CX-5,Touring,GRAY,231731,No,"",2026-08-07,F,3800.0
40,D-045,558815,2014,Mazda,CX-5,Touring,BLACK,196927,Yes,3.9,2026-08-07,D,3800.0
22,B-065.6,559586,2024,Mazda,CX-50,2.5 S PREMIUM,BLUE,44213,No,"",2026-08-07,B,21200.0
40,G-013,559506,2022,Mazda,CX-9,Grand Touring,BLACK,40443,Yes,4.6,2026-08-07,G,24500.0
9,X-108,560032,2019,Mazda,CX-9,Signature,GRAY,134368,No,"",2026-08-07,X,6000.0
22,B-070,559746,2019,Mazda,CX-9,Touring,RED,73113,No,"",2026-08-07,B,12800.0
5,C-037,557237,2016,Mazda,CX-9,Grand Touring,GRAY,167170,No,"",2026-08-07,C,5500.0
22,C-070,559264,2013,Mazda,CX-9,Touring,GRAY,99147,No,"",2026-08-07,C,2800.0
23,B-195,559972,2017,Mazda,Mazda3,4-DOOR SPORT,RED,102085,No,"",2026-08-07,B,5000.0
22,F-115,559183,2017,Mazda,Mazda3,5-DOOR SPORT,GRAY,81030,No,"",2026-08-07,F,7000.0
22,B-083,559662,2015,Mazda,Mazda3,i Sport,BLACK,155393,No,"",2026-08-07,B,3600.0
22,B-159,559548,2015,Mazda,Mazda3,i Touring,BLUE,102312,No,"",2026-08-07,B,6000.0
22,C-201,559465,2014,Mazda,Mazda3,i Touring,WHITE,127393,No,"",2026-08-07,C,3100.0
6,F-117,559184,2012,Mazda,Mazda3,i Touring,BLUE,149758,No,"",2026-08-07,F,2400.0
45,D-042,558964,2012,Mazda,Mazda3,i Touring,WHITE,274962,Yes,3.0,2026-08-07,D,800.0
21,F-280,559904,2010,Mazda,Mazda3,I SPORT,SILVER,249980,No,"",2026-08-07,F,600.0
50,D-003,559926,2010,Mazda,Mazda3,S SPORT,RED,143221,Yes,3.0,2026-08-07,D,1200.0
22,D-235,560000,2008,Mazda,Mazda3,S TOURING *LT,WHITE,230890,No,"",2026-08-07,D,800.0
21,C-218,559930,2007,Mazda,Mazda3,S TOURING,SILVER,258457,No,"",2026-08-07,C,600.0
22,C-221,559467,2012,Mazda,Mazda5,Sport,SILVER,225567,No,"",2026-08-07,C,600.0
21,C-023,557108,2021,Mazda,Mazda6,Touring,BLACK,107801,No,"",2026-08-07,C,9000.0
41,F-261,559903,2015,Mazda,Mazda6,i Touring,GRAY,77115,Yes,3.5,2026-08-07,F,8800.0
21,C-232,559931,2014,Mazda,Mazda6,i Touring,SILVER,176231,No,"",2026-08-07,C,3600.0
22,B-152,559252,2013,Mazda,Mazda6,I GRAND TOURI,BLUE,141432,No,"",2026-08-07,B,900.0
22,C-090,559258,2002,Mazda,Protege,PROTEGE5 5DR WGN 2.0,SILVER,186334,No,"",2026-08-07,C,600.0
21,F-054,559599,1992,Mercedes-Benz,190 Series,190E,TAN,238591,No,"",2026-08-07,F,600.0
34,X-021,558641,2020,Mercedes-Benz,A-Class,"",GRAY,112544,Yes,0.5,2026-08-07,X,5100.0
42,X-009,558506,2019,Mercedes-Benz,A-Class,"",WHITE,86890,Yes,0.5,2026-08-07,X,4500.0
33,A-206,560164,2019,Mercedes-Benz,A-Class,"",SILVER,52541,Yes,4.0,2026-08-07,A,15000.0
37,D-188,559644,2015,Mercedes-Benz,C Class,"",BLUE,142609,Yes,4.0,2026-08-07,D,5000.0
21,C-103,559994,2013,Mercedes-Benz,C Class,C 250 SPORT,SILVER,169492,No,"",2026-08-07,C,1800.0
43,A-144,559614,2006,Mercedes-Benz,C Class,LUXURY,BLACK,97041,Yes,2.7,2026-08-07,A,1800.0
30,A-042,559490,2023,Mercedes-Benz,C-Class,"",WHITE,32459,Yes,4.7,2026-08-07,A,28000.0
39,A-058,559236,2023,Mercedes-Benz,C-Class,"",BLUE,37280,Yes,4.4,2026-08-07,A,28800.0
34,A-155,558581,2020,Mercedes-Benz,C-Class,"",WHITE,72566,Yes,4.3,2026-08-07,A,16600.0
16,F-295,558861,2018,Mercedes-Benz,C-Class,"",WHITE,186421,No,"",2026-08-07,F,4000.0
38,A-024,559882,2018,Mercedes-Benz,C-Class,"",WHITE,102223,Yes,4.2,2026-08-07,A,8600.0
39,E-110,560148,2016,Mercedes-Benz,C-Class,"",WHITE,130090,Yes,3.5,2026-08-07,E,7000.0
36,A-204,560160,2025,Mercedes-Benz,CLA,250 COUPE CLA 25,WHITE,15388,Yes,3.9,2026-08-07,A,27200.0
35,D-158,559505,2021,Mercedes-Benz,CLA,250 CLA 250 COUP,GRAY,80573,Yes,4.3,2026-08-07,D,15600.0
35,A-202,560157,2020,Mercedes-Benz,CLA,250 CLA 250 COUP,GRAY,45102,Yes,3.6,2026-08-07,A,17200.0
41,A-035,558293,2018,Mercedes-Benz,CLA,250 CLA 250 COUP,BLACK,97116,Yes,3.0,2026-08-07,A,7400.0
29,A-063,559250,2024,Mercedes-Benz,CLE,300 4MATIC,BLACK,3945,Yes,5.0,2026-08-07,A,47800.0
37,A-188,559883,2014,Mercedes-Benz,E Class,E 350,BLACK,92262,Yes,4.2,2026-08-07,A,10600.0
35,B-014,558908,2014,Mercedes-Benz,E Class,E 350 SPORT,WHITE,141253,Yes,4.4,2026-08-07,B,5800.0
22,B-086,559541,2012,Mercedes-Benz,E Class,E 350 LUXURY,SILVER,129907,No,"",2026-08-07,B,3000.0
39,A-046,551019,2023,Mercedes-Benz,E-Class,"",BLACK,56956,Yes,3.6,2026-08-07,A,26200.0
34,E-147,560205,2019,Mercedes-Benz,E-Class,"",WHITE,64301,Yes,4.6,2026-08-07,E,16400.0
22,A-273,559819,2016,Mercedes-Benz,E-Class,"",GRAY,139262,No,"",2026-08-07,A,6200.0
30,A-142,555797,2022,Mercedes-Benz,EQS,450+ SEDAN EQS 4,WHITE,27974,Yes,4.8,2026-08-07,A,32400.0
44,B-303,560251,2016,Mercedes-Benz,GL-Class,"",BLUE,122404,Yes,2.9,2026-08-07,B,6700.0
28,A-126,559690,2023,Mercedes-Benz,GLA,"",BLACK,34039,Yes,4.7,2026-08-07,A,35800.0
30,A-064,559259,2023,Mercedes-Benz,GLA,250 4MATIC,BLUE,22872,Yes,4.9,2026-08-07,A,26300.0
29,A-161,559787,2023,Mercedes-Benz,GLA,250 4MATIC,BLUE,28247,Yes,4.9,2026-08-07,A,26200.0
39,E-106,560150,2017,Mercedes-Benz,GLA,250 4MATIC,WHITE,128413,Yes,3.3,2026-08-07,E,4700.0
36,A-065,559265,2023,Mercedes-Benz,GLB,250 GLB 250 SUV,BLACK,24146,Yes,4.5,2026-08-07,A,26400.0
28,A-056,559234,2022,Mercedes-Benz,GLB,250 4MATIC,WHITE,31827,Yes,4.8,2026-08-07,A,25400.0
37,A-261,559813,2020,Mercedes-Benz,GLB,250 GLB 250 SUV,SILVER,24400,Yes,4.4,2026-08-07,A,18700.0
0,A-900,560341,2020,Mercedes-Benz,GLB,GLB250,"",24400,No,"",2026-08-07,A,19000.0
34,G-019,559641,2023,Mercedes-Benz,GLC,"",WHITE,19556,Yes,4.7,2026-08-07,G,48400.0
36,A-125,558138,2022,Mercedes-Benz,GLC,"",WHITE,61149,Yes,3.9,2026-08-07,A,28600.0
40,F-289,556019,2021,Mercedes-Benz,GLC,300 SUV,BLUE,56506,Yes,3.7,2026-08-07,F,14200.0
36,A-115,558081,2020,Mercedes-Benz,GLC,"",SILVER,52477,Yes,3.9,2026-08-07,A,27000.0
36,A-163,558156,2019,Mercedes-Benz,GLC,300 GLC 300 SUV,WHITE,86753,Yes,4.5,2026-08-07,A,13000.0
40,A-021,558777,2019,Mercedes-Benz,GLC,300 GLC 300 SUV,BLUE,95791,Yes,4.3,2026-08-07,A,12400.0
35,A-101,556326,2018,Mercedes-Benz,GLC,300 GLC 300 SUV,WHITE,61345,Yes,3.6,2026-08-07,A,11000.0
37,A-293,555215,2022,Mercedes-Benz,GLE,350 GLE 350 SUV,BLUE,15489,Yes,4.6,2026-08-07,A,33500.0
39,A-270,559814,2020,Mercedes-Benz,GLE,350 4MATIC,WHITE,43136,Yes,4.6,2026-08-07,A,22500.0
42,A-269,559826,2020,Mercedes-Benz,GLE,350 GLE 350 SUV,WHITE,53378,Yes,3.1,2026-08-07,A,20800.0
42,A-272,559815,2020,Mercedes-Benz,GLE,450 4MATIC,WHITE,71639,Yes,4.5,2026-08-07,A,26600.0
35,M-009,557926,2017,Mercedes-Benz,GLE,350 GLE 350 SUV,BLACK,98029,Yes,4.3,2026-08-07,M,12000.0
33,A-225,560143,2017,Mercedes-Benz,GLE,350 GLE 350 SUV,BLUE,47867,Yes,4.0,2026-08-07,A,14600.0
37,A-146,559627,2014,Mercedes-Benz,GLK Class,GLK 250 BL,WHITE,86471,Yes,4.3,2026-08-07,A,9200.0
22,A-268,559830,2012,Mercedes-Benz,GLK Class,GLK 350,WHITE,125974,No,"",2026-08-07,A,3800.0
41,A-067,555610,2020,Mercedes-Benz,GLS,450 4MATIC,SILVER,83623,Yes,3.7,2026-08-07,A,24400.0
34,X-008,555562,2017,Mercedes-Benz,GLS,"",SILVER,123987,Yes,0.5,2026-08-07,X,12600.0
49,X-011,558599,2015,Mercedes-Benz,M Class,"",SILVER,1,Yes,0.5,2026-08-07,X,1600.0
42,A-023,559186,2009,Mercedes-Benz,M Class,5.5L,TAN,103106,Yes,3.9,2026-08-07,A,3200.0
39,F-052,559559,2015,Mercedes-Benz,S Class,"",BLACK,100909,Yes,4.3,2026-08-07,F,13600.0
40,A-271,559563,2007,Mercedes-Benz,S Class,5.5L V8,WHITE,73524,Yes,3.0,2026-08-07,A,6100.0
32,X-025,548618,2019,Mercedes-Benz,SPRINTER 2500 HIGH R,"",GRAY,218683,Yes,0.5,2026-08-07,X,3900.0
22,B-138,559169,1998,Mercury,Mountaineer,"4DR 112""",RED,145475,No,"",2026-08-07,B,700.0
39,B-009,559587,2019,Mini,Cooper,"",GRAY,39360,Yes,4.3,2026-08-07,B,12000.0
50,X-001,555426,2013,Mini,Cooper,HARDTOP 2DR C,BLACK,87456,Yes,0.5,2026-08-07,X,650.0
39,F-176,559853,2012,Mini,Cooper,Countryman S,GRAY,106997,Yes,3.8,2026-08-07,F,2600.0
22,B-267,559015,2005,Mini,Cooper,HARDTOP,PURPLE,87905,No,"",2026-08-07,B,3900.0
38,E-138,559626,2016,Mini,Cooper Clubman,S,GREEN,110775,Yes,3.8,2026-08-07,E,5100.0
36,E-077,559959,2024,Mini,Cooper Countryman,"",BLUE,41914,Yes,4.5,2026-08-07,E,22000.0
45,D-121,558969,2018,Mini,Cooper Countryman,"",BLACK,124923,Yes,3.0,2026-08-07,D,4000.0
5,C-348,559322,2015,Mitsubishi,Lancer,ES,RED,86881,No,"",2026-08-07,C,3800.0
42,F-207,559225,2013,Mitsubishi,Lancer,ES,WHITE,123612,Yes,3.0,2026-08-07,F,1900.0
22,F-108,559162,2012,Mitsubishi,Lancer,ES,GRAY,151269,No,"",2026-08-07,F,1200.0
38,C-017,557104,2023,Mitsubishi,Outlander,SE,RED,50081,Yes,3.9,2026-08-07,C,18250.0
46,F-181,559296,2020,Mitsubishi,Outlander,SE,BLACK,117591,Yes,3.2,2026-08-07,F,4800.0
41,B-323,559828,2019,Mitsubishi,Outlander,ES,SILVER,141819,Yes,3.0,2026-08-07,B,2500.0
22,F-030,559852,2003,Mitsubishi,Outlander,LS,BLUE,162445,No,"",2026-08-07,F,600.0
0,A-227,560354,2003,Mitsubishi,Outlander,LS,BLUE,162445,No,"",2026-08-07,A,650.0
37,B-182,558462,2022,Mitsubishi,Outlander Sport,ES,SILVER,49990,Yes,3.0,2026-08-07,B,11800.0
34,B-307,555264,2018,Mitsubishi,Outlander Sport,ES 2,SILVER,110693,Yes,4.3,2026-08-07,B,5500.0
21,C-223,559932,2012,Mitsubishi,Outlander Sport,ES,SILVER,127701,No,"",2026-08-07,C,1600.0
22,E-069,560046,2007,Mitsubishi,Raider,LS,GRAY,188874,No,"",2026-08-07,E,1000.0
40,E-157,560174,2020,Nissan,Altima,2.5 SR,RED,31629,Yes,4.1,2026-08-07,E,16000.0
22,F-089,558674,2019,Nissan,Altima,2.5 SR,BLUE,109746,No,"",2026-08-07,F,9000.0
0,M-013,560084,2018,Nissan,Altima,2.5,"",220098,No,"",2026-08-07,M,1000.0
23,B-206,551037,2017,Nissan,Altima,2.5 S,SILVER,68660,No,"",2026-08-07,B,1200.0
8,C-202,559082,2017,Nissan,Altima,2.5 SV,BLACK,70153,No,"",2026-08-07,C,5800.0
40,B-305,558232,2015,Nissan,Altima,2.5 S,WHITE,187881,Yes,3.2,2026-08-07,B,1200.0
49,F-153,559537,2015,Nissan,Altima,2.5 S,BLACK,120340,Yes,3.0,2026-08-07,F,2900.0
22,B-131.4,560188,2015,Nissan,Altima,2.5 S,SILVER,121816,No,"",2026-08-07,B,2200.0
22,C-007,559229,2015,Nissan,Altima,2.5 S,GRAY,109642,No,"",2026-08-07,C,4000.0
21,B-018,559136,2014,Nissan,Altima,2.5,BLACK,129228,No,"",2026-08-07,B,1300.0
22,B-169,559529,2013,Nissan,Altima,3.5 SL,BLACK,175284,No,"",2026-08-07,B,1800.0
22,C-179,558987,2013,Nissan,Altima,3.5 SL,SILVER,163748,No,"",2026-08-07,C,1500.0
22,B-174,559600,2012,Nissan,Altima,2.5 S,GRAY,168517,No,"",2026-08-07,B,1900.0
41,F-236,559936,2012,Nissan,Altima,3.5 SR,WHITE,80070,Yes,3.2,2026-08-07,F,2800.0
50,D-010,557729,2010,Nissan,Altima,2.5 S,RED,179711,Yes,3.0,2026-08-07,D,700.0
47,D-132,559233,2009,Nissan,Altima,2.5 S,BLUE,205042,Yes,3.0,2026-08-07,D,700.0
22,C-001,559228,2009,Nissan,Altima,2.5 SL,SILVER,183014,No,"",2026-08-07,C,1300.0
8,X-095,559125,2006,Nissan,Altima,3.5 SE,SILVER,1,No,"",2026-08-07,X,650.0
6,E-180,559790,2005,Nissan,Altima,2.5 S,BLUE,153345,No,"",2026-08-07,E,1000.0
22,B-192,559133,2018,Nissan,Armada,PLATINUM,GRAY,114387,No,"",2026-08-07,B,13200.0
22,B-234,559870,2015,Nissan,Armada,SL,BLACK,166646,No,"",2026-08-07,B,3300.0
22,B-017,559845,2010,Nissan,Armada,PLATINUM,WHITE,267655,No,"",2026-08-07,B,700.0
45,E-029,560132,2007,Nissan,Armada,LE,GRAY,194320,Yes,3.5,2026-08-07,E,2300.0
22,A-252,559566,2009,Nissan,cube,1.8 S,RED,90898,No,"",2026-08-07,A,2000.0
22,B-056,560037,2023,Nissan,Frontier,PRO-4X,TAN,68053,No,"",2026-08-07,B,28500.0
36,C-128,558975,2018,Nissan,Frontier,S,WHITE,77721,Yes,3.7,2026-08-07,C,10200.0
22,F-080,558784,2013,Nissan,Frontier,PRO-4X,WHITE,138588,No,"",2026-08-07,F,9200.0
43,F-346,558284,2013,Nissan,Frontier,SV,BLACK,148324,Yes,3.7,2026-08-07,F,5500.0
23,F-231,559960,2010,Nissan,Frontier,SE,SILVER,189449,No,"",2026-08-07,F,3600.0
41,F-157,555987,2016,Nissan,JUKE,S,BLACK,147690,Yes,3.0,2026-08-07,F,1500.0
34,C-075.2,560058,2025,Nissan,Kicks,SR,GRAY,14157,Yes,4.2,2026-08-07,C,19200.0
38,D-320,559362,2023,Nissan,Kicks,SR,BLACK,44537,Yes,4.0,2026-08-07,D,14500.0
41,F-075,557136,2021,Nissan,Kicks,SV,GRAY,45744,Yes,3.0,2026-08-07,F,11400.0
22,C-086,559056,2017,Nissan,Maxima,SV,WHITE,187497,No,"",2026-08-07,C,3300.0
22,F-241,559208,2012,Nissan,Maxima,3.5 S,BROWN,127086,No,"",2026-08-07,F,700.0
46,D-216,559950,2011,Nissan,Maxima,3.5 SV W/SPOR,BLACK,108178,Yes,3.0,2026-08-07,D,2200.0
34,D-192,559664,2024,Nissan,Murano,SL,RED,28176,Yes,4.4,2026-08-07,D,24200.0
33,E-010,559783,2019,Nissan,Murano,S,SILVER,64969,Yes,3.9,2026-08-07,E,8000.0
22,A-004,558899,2012,Nissan,Murano,SL,BROWN,171082,No,"",2026-08-07,A,600.0
23,B-144,559206,2011,Nissan,Murano,S,WHITE,149280,No,"",2026-08-07,B,2600.0
43,D-178,559345,2009,Nissan,Murano,LE,BURGUNDY,79937,Yes,4.0,2026-08-07,D,2500.0
22,F-110,559161,2009,Nissan,Murano,SL,BLACK,139239,No,"",2026-08-07,F,1000.0
41,A-216,559915,2017,Nissan,MURANO SV,"",RED,155976,Yes,3.6,2026-08-07,A,3200.0
27,Q-009,556692,2020,Nissan,NV 2500,"",WHITE,22492,Yes,4.7,2026-08-07,Q,23500.0
22,C-006,557850,2015,Nissan,NV 3500,"",BLACK,132811,No,"",2026-08-07,C,8000.0
28,A-033,555224,2017,Nissan,NV CARGO S,"",WHITE,134757,Yes,3.0,2026-08-07,A,2000.0
37,F-270,549677,2020,Nissan,Pathfinder,SV,WHITE,73370,Yes,3.5,2026-08-07,F,7200.0
11,X-072,557242,2018,Nissan,Pathfinder,S,GRAY,122621,No,"",2026-08-07,X,1200.0
7,X-080,556945,2018,Nissan,Pathfinder,SV,GRAY,117529,No,"",2026-08-07,X,1800.0
22,B-132,554213,2017,Nissan,Pathfinder,SV,RED,120016,No,"",2026-08-07,B,1500.0
40,F-145,560267,2014,Nissan,Pathfinder,SL,RED,90075,Yes,4.0,2026-08-07,F,2100.0
22,F-131,559432,2010,Nissan,Pathfinder,SE,SILVER,110762,No,"",2026-08-07,F,3500.0
22,B-130.4,560184,2012,Nissan,Quest,S,GRAY,186600,No,"",2026-08-07,B,600.0
33,G-024,560089,2025,Nissan,Rogue,SL,GRAY,17427,Yes,4.9,2026-08-07,G,25400.0
41,G-004,558797,2024,Nissan,Rogue,SL,BLUE,18274,Yes,4.9,2026-08-07,G,23000.0
37,C-160,559463,2023,Nissan,Rogue,SV,GRAY,64033,Yes,3.0,2026-08-07,C,12300.0
23,B-038,559984,2021,Nissan,Rogue,SV,GRAY,112629,No,"",2026-08-07,B,11400.0
42,A-011,558917,2019,Nissan,Rogue,S,RED,80755,Yes,3.1,2026-08-07,A,9000.0
34,C-328,560092,2019,Nissan,Rogue,SV,WHITE,54689,Yes,4.5,2026-08-07,C,12600.0
22,C-229,559909,2019,Nissan,Rogue,SV,SILVER,120785,No,"",2026-08-07,C,6200.0
38,F-221,559941,2017,Nissan,Rogue,S,BLACK,33554,Yes,3.9,2026-08-07,F,9600.0
46,A-205,560151,2017,Nissan,Rogue,S,GREEN,93181,Yes,3.0,2026-08-07,A,3800.0
22,B-131.1,560189,2017,Nissan,Rogue,S,BLACK,124261,No,"",2026-08-07,B,3800.0
22,B-290,560214,2017,Nissan,Rogue,SV,BLUE,157999,No,"",2026-08-07,B,2800.0
22,B-059,560028,2016,Nissan,Rogue,S,BLACK,148886,No,"",2026-08-07,B,3000.0
40,F-125.1,560291,2016,Nissan,Rogue,SV,SILVER,157528,Yes,4.3,2026-08-07,F,1800.0
38,D-166,557620,2015,Nissan,Rogue,SV,WHITE,108380,Yes,4.1,2026-08-07,D,3200.0
22,B-064,560016,2014,Nissan,Rogue,SL,RED,137667,No,"",2026-08-07,B,3000.0
51,D-113,559020,2013,Nissan,Rogue,S,GRAY,192172,Yes,3.0,2026-08-07,D,700.0
22,E-221,559856,2013,Nissan,Rogue,SV,WHITE,135801,No,"",2026-08-07,E,2200.0
22,C-194,558990,2012,Nissan,Rogue,SV,WHITE,118028,No,"",2026-08-07,C,1600.0
22,F-255,559200,2010,Nissan,Rogue,SL,GRAY,195703,No,"",2026-08-07,F,600.0
22,F-040,554813,2009,Nissan,Rogue,SL,BLUE,98020,No,"",2026-08-07,F,700.0
22,C-075,559643,2015,Nissan,Rogue Select,S,BLUE,164351,No,"",2026-08-07,C,1500.0
22,B-115,554738,2015,Nissan,Rogue Select,S,GRAY,91069,No,"",2026-08-07,B,2000.0
22,F-214,560163,2014,Nissan,Rogue Select,S,WHITE,273428,No,"",2026-08-07,F,600.0
40,B-277,556555,2022,Nissan,Rogue Sport,S,BLACK,42767,Yes,3.5,2026-08-07,B,14200.0
40,D-197,559732,2017,Nissan,Rogue Sport,SV,GRAY,117621,Yes,4.1,2026-08-07,D,5400.0
27,F-306,559378,2025,Nissan,Sentra,SV,WHITE,40935,Yes,4.4,2026-08-07,F,17000.0
39,E-122,560043,2020,Nissan,Sentra,SR,GRAY,71867,Yes,3.6,2026-08-07,E,10600.0
34,C-198,559473,2019,Nissan,Sentra,S,SILVER,70131,Yes,4.4,2026-08-07,C,11000.0
39,C-102,559979,2018,Nissan,Sentra,S,WHITE,98008,Yes,3.0,2026-08-07,C,2700.0
40,D-218,559951,2018,Nissan,Sentra,SR,GRAY,86955,Yes,4.0,2026-08-07,D,5600.0
22,F-229,559961,2016,Nissan,Sentra,SR,BLACK,118251,No,"",2026-08-07,F,2700.0
22,B-066,559765,2012,Nissan,Sentra,2.0 SR,SILVER,161944,No,"",2026-08-07,B,1000.0
35,D-194,559716,2010,Nissan,Sentra,2.0 S,SILVER,46708,Yes,4.3,2026-08-07,D,5600.0
48,B-308,555013,2006,Nissan,Sentra,1.8 S,BLACK,214735,Yes,3.0,2026-08-07,B,700.0
38,C-316,559796,2019,Nissan,Titan,SV,WHITE,121096,Yes,3.6,2026-08-07,C,16200.0
22,B-268,558836,2018,Nissan,Titan,SV,GRAY,120957,No,"",2026-08-07,B,7900.0
21,E-303,560078,2012,Nissan,Titan,SL,GRAY,120778,No,"",2026-08-07,E,8500.0
53,M-015,560104,2016,Nissan,Titan XD,PLATINUM RE,RED,88946,Yes,3.0,2026-08-07,M,13000.0
22,F-035,559766,2005,Nissan,Xterra,SE,RED,131147,No,"",2026-08-07,F,2100.0
43,D-239,560115,2003,Nissan,Xterra,XE,GRAY,174207,Yes,3.0,2026-08-07,D,800.0
31,A-038,559493,2007,Pontiac,G6,GT,WHITE,128673,Yes,3.7,2026-08-07,A,1100.0
41,D-038,558820,2006,Pontiac,Vibe,4DR HB,GRAY,164460,Yes,3.4,2026-08-07,D,2600.0
44,A-262,559822,2020,Porsche,911,CARRERA S,BLUE,63095,Yes,3.6,2026-08-07,A,86500.0
0,M-011,560048,2016,Porsche,911 Carrera 4,"","",21677,No,"",2026-08-07,M,89200.0
36,A-263,558144,2017,Porsche,911 CARRERA S,"",BLUE,55753,Yes,4.6,2026-08-07,A,80000.0
35,G-020,559565,2025,Porsche,Cayenne,"",BLUE,5468,Yes,4.6,2026-08-07,G,77250.0
41,C-336,557696,2023,Porsche,Cayenne,COUPE,BLACK,28636,Yes,4.4,2026-08-07,C,57000.0
34,G-015,559524,2023,Porsche,Macan,"",BLACK,33820,Yes,4.5,2026-08-07,G,38000.0
41,B-031,559211,2020,Porsche,Macan,"",BLACK,93500,Yes,3.7,2026-08-07,B,16000.0
32,D-159,559429,2018,Porsche,Macan,"",BLACK,51631,Yes,4.4,2026-08-07,D,17800.0
22,B-131.5,551111,2018,Porsche,Macan,S,BLACK,73213,No,"",2026-08-07,B,12500.0
36,A-178,559872,2016,Porsche,Panamera,GTS,BLACK,60878,Yes,"",2026-08-07,A,31000.0
33,C-009.2,559406,2022,Ram,1500,Big Horn,BLACK,33273,Yes,5.0,2026-08-07,C,28500.0
35,C-327,549246,2022,Ram,1500,Big Horn,GRAY,95779,Yes,3.8,2026-08-07,C,18800.0
33,A-002,559377,2020,Ram,1500,Big Horn,WHITE,90636,Yes,4.5,2026-08-07,A,23000.0
22,C-317,559795,2020,Ram,1500,Laramie,RED,182045,No,"",2026-08-07,C,9200.0
45,F-070,557836,2019,Ram,1500,BIG HORN/LONE S,BLACK,83045,Yes,3.0,2026-08-07,F,19600.0
45,P-010,557844,2019,Ram,1500,BIG HORN/LONE S,GRAY,78704,Yes,3.0,2026-08-07,P,19200.0
39,F-043,559749,2019,Ram,1500,BIG HORN/LONE S,SILVER,80276,Yes,3.0,2026-08-07,F,18800.0
35,E-073,560031,2019,Ram,1500,Limited,WHITE,113080,Yes,4.6,2026-08-07,E,24200.0
37,E-146,560201,2019,Ram,1500,Limited,GRAY,139211,Yes,3.9,2026-08-07,E,18200.0
36,Q-006,552448,2019,Ram,1500,Limited,BLACK,117338,Yes,4.3,2026-08-07,Q,23200.0
39,D-205,559838,2019,Ram,1500,Limited,WHITE,141729,Yes,4.0,2026-08-07,D,19000.0
39,E-117,559990,2018,Ram,1500,Tradesman,WHITE,90639,Yes,3.0,2026-08-07,E,10000.0
23,B-035,560012,2018,Ram,1500,Tradesman,GRAY,153167,No,"",2026-08-07,B,9100.0
46,D-195,559723,2017,Ram,1500,Laramie,WHITE,194802,Yes,3.5,2026-08-07,D,9400.0
43,C-276,558961,2017,Ram,1500,SLT,GRAY,50723,Yes,3.1,2026-08-07,C,15200.0
10,F-174,559310,2016,Ram,1500,Laramie,WHITE,89942,No,"",2026-08-07,F,7600.0
23,E-189,556999,2016,Ram,1500,LONE STAR,BLACK,117144,No,"",2026-08-07,E,4000.0
38,D-164,555827,2015,Ram,1500,EXPRESS,WHITE,76361,Yes,4.2,2026-08-07,D,10600.0
35,C-279,560096,2015,Ram,1500,LARAMIE LIMITED,WHITE,140473,Yes,3.5,2026-08-07,C,13000.0
40,C-247,555181,2015,Ram,1500,LARAMIE LONGHOR,TAN,148388,Yes,3.0,2026-08-07,C,7800.0
38,D-053,559189,2013,Ram,1500,EXPRESS,BROWN,178539,Yes,4.2,2026-08-07,D,6800.0
22,E-192,559361,2012,Ram,1500,Laramie,BLACK,162426,No,"",2026-08-07,E,5500.0
20,E-172,557161,2022,Ram,1500 DS,"",WHITE,61237,No,"",2026-08-07,E,20400.0
22,E-176,559798,2024,Ram,2500,Limited,WHITE,10521,No,"",2026-08-07,E,67000.0
41,B-317,559832,2013,Ram,2500,BIG HORN,BURGUNDY,111203,Yes,3.0,2026-08-07,B,11000.0
36,C-126,559412,2023,Ram,2500 ProMaster Vans,"",WHITE,51562,Yes,3.5,2026-08-07,C,22000.0
22,E-181,559806,2024,Ram,3500,Laramie,BLUE,25188,No,"",2026-08-07,E,64000.0
51,E-242,559042,2020,Ram,3500,Big Horn,WHITE,131346,Yes,3.0,2026-08-07,E,25900.0
22,C-089,557970,2017,Ram,3500,Tradesman,GRAY,188356,No,"",2026-08-07,C,15200.0
23,F-034,559751,2016,Ram,3500,Tradesman,WHITE,102392,No,"",2026-08-07,F,22000.0
38,X-036,554027,2020,Ram,3500 ProMaster Vans,"",GRAY,164363,Yes,0.5,2026-08-07,X,3600.0
45,E-006,559782,2009,Saturn,Aura,XE,GOLD,66643,Yes,3.0,2026-08-07,E,2000.0
22,F-178,559645,2015,Scion,tC,2DR HB AUTO (GS),GRAY,145257,No,"",2026-08-07,F,3800.0
22,F-086,558676,2014,Scion,tC,2DR HB MAN (GS),WHITE,131174,No,"",2026-08-07,F,7100.0
21,F-100,558770,2016,Smart,fortwo,PASSION,WHITE,68907,No,"",2026-08-07,F,3400.0
33,D-074,552829,2024,Subaru,Ascent,Limited,SILVER,32935,Yes,3.8,2026-08-07,D,26800.0
33,Q-004,553733,2024,Subaru,Ascent,Limited,WHITE,67485,Yes,4.4,2026-08-07,Q,24700.0
41,A-054,559498,2024,Subaru,Ascent,Touring,RED,47381,Yes,4.6,2026-08-07,A,27700.0
40,F-177,559755,2013,Subaru,BRZ,Limited,GRAY,47915,Yes,3.5,2026-08-07,F,11400.0
35,G-006,558801,2025,Subaru,Crosstrek,Limited,WHITE,5340,Yes,4.9,2026-08-07,G,27800.0
35,D-176,559590,2019,Subaru,Crosstrek,PREMIUM,BLUE,97457,Yes,4.3,2026-08-07,D,11000.0
33,F-099,557357,2026,Subaru,Forester,PREMIUM,RED,4099,Yes,4.1,2026-08-07,F,27200.0
36,D-035,558822,2022,Subaru,Forester,TOURING,BROWN,18742,Yes,3.7,2026-08-07,D,25200.0
37,D-189,559594,2020,Subaru,Forester,TOURING,GREEN,36269,Yes,4.2,2026-08-07,D,20200.0
43,F-175,556885,2017,Subaru,Forester,TOURING,BROWN,119034,Yes,3.9,2026-08-07,F,7500.0
22,C-083,559052,2001,Subaru,Forester,L,GOLD,156290,No,"",2026-08-07,C,900.0
35,D-071,553978,2024,Subaru,Outback,Limited,BROWN,25760,Yes,3.9,2026-08-07,D,23500.0
22,B-188,559971,2018,Subaru,Outback,LIMITED,RED,151768,No,"",2026-08-07,B,7200.0
40,A-047,559005,2017,Subaru,Outback,Limited,BLACK,37618,Yes,3.2,2026-08-07,A,15400.0
21,B-105,557840,2017,Subaru,Outback,Premium,RED,129496,No,"",2026-08-07,B,7400.0
22,E-177,558811,2012,Subaru,Outback,3.6R Limited,BLACK,127627,No,"",2026-08-07,E,2100.0
37,C-339,557989,2021,Subaru,WRX,PREMIUM,BLUE,39515,Yes,3.5,2026-08-07,C,20000.0
43,D-171,559574,2017,Subaru,WRX,Limited,WHITE,135848,Yes,3.9,2026-08-07,D,10000.0
38,F-194,558950,2015,Subaru,WRX,STI 4DR SDN,GRAY,99989,Yes,3.8,2026-08-07,F,14900.0
22,B-175,559601,2014,Subaru,XV Crosstrek,Limited,WHITE,155267,No,"",2026-08-07,B,4300.0
21,D-283,556105,2006,Suzuki,Aerio,PREMIUM PKG,GRAY,126059,No,"",2026-08-07,D,800.0
44,A-103,559455,2023,Tesla,Model 3,"",WHITE,95780,Yes,3.3,2026-08-07,A,15900.0
22,E-190,559326,2023,Tesla,Model 3,PERFORMANCE,GRAY,58425,No,"",2026-08-07,E,27000.0
40,F-072,558786,2021,Tesla,Model 3,Long Range,BLUE,68592,Yes,4.1,2026-08-07,F,21400.0
38,P-002,555579,2018,Tesla,Model 3,LONG RANGE B,BLACK,92540,Yes,2.6,2026-08-07,P,9700.0
36,C-116.2,560212,2021,Tesla,Model S,PLAID,BLUE,54484,Yes,3.8,2026-08-07,C,47400.0
36,F-137,560257,2023,Toyota,4Runner,TRD OFF ROAD,BLACK,74346,Yes,4.1,2026-08-07,F,34100.0
35,C-028,558850,2018,Toyota,4Runner,SR5 PREMIUM,WHITE,99859,Yes,4.1,2026-08-07,C,26000.0
38,A-149,559718,2016,Toyota,4Runner,LIMITED,BLACK,95238,Yes,4.5,2026-08-07,A,23600.0
49,E-240,559043,2016,Toyota,4Runner,SR5,WHITE,180774,Yes,3.2,2026-08-07,E,15500.0
41,A-135,557503,2014,Toyota,4Runner,SR5,BLACK,178126,Yes,3.0,2026-08-07,A,14600.0
33,F-302,559351,2022,Toyota,Avalon,LIMITED HYBRI,BLACK,131563,Yes,4.7,2026-08-07,F,16000.0
22,C-343,557692,2002,Toyota,Avalon,XLS,SILVER,201631,No,"",2026-08-07,C,600.0
39,D-225,559995,2000,Toyota,Avalon,XLS,WHITE,115145,Yes,3.4,2026-08-07,D,4000.0
32,G-018,558369,2025,Toyota,Camry,LE,WHITE,6628,Yes,4.8,2026-08-07,G,26200.0
38,A-095,559274,2025,Toyota,Camry,SE,BLACK,18250,Yes,4.3,2026-08-07,A,27600.0
37,C-234,560080,2025,Toyota,Camry,SE,BLACK,47509,Yes,4.4,2026-08-07,C,23400.0
36,C-119,558978,2024,Toyota,Camry,HYBRID XSE,SILVER,26001,Yes,4.3,2026-08-07,C,29200.0
38,C-044,558922,2023,Toyota,Camry,XLE,BLACK,78243,Yes,4.4,2026-08-07,C,20000.0
21,C-225,559906,2021,Toyota,Camry,LE,SILVER,136184,No,"",2026-08-07,C,10400.0
41,C-132,558973,2018,Toyota,Camry,SE,BLACK,58589,Yes,3.0,2026-08-07,C,15000.0
43,E-134,557084,2016,Toyota,Camry,LE,WHITE,30392,Yes,3.0,2026-08-07,E,11200.0
45,X-012,557679,2016,Toyota,Camry,SE,BLACK,145736,Yes,0.5,2026-08-07,X,2700.0
42,C-123,557306,2016,Toyota,Camry,SE,BLACK,186055,Yes,3.7,2026-08-07,C,6000.0
22,C-180,558996,2015,Toyota,Camry,SE,BLUE,189198,No,"",2026-08-07,C,4900.0
47,E-139,559589,2015,Toyota,Camry,SE,RED,181484,Yes,3.0,2026-08-07,E,3500.0
48,F-167,559538,2015,Toyota,Camry,XSE,GRAY,155864,Yes,3.0,2026-08-07,F,7600.0
40,A-074,559222,2014,Toyota,Camry,LE,WHITE,179132,Yes,4.1,2026-08-07,A,3800.0
22,B-050,559978,2014,Toyota,Camry,LE,GRAY,94183,No,"",2026-08-07,B,8900.0
22,C-278,559155,2013,Toyota,Camry,SE,GRAY,305385,No,"",2026-08-07,C,2600.0
45,F-165,559317,2012,Toyota,Camry,HYBRID XLE,RED,179830,Yes,2.9,2026-08-07,F,4300.0
22,D-056,560295,2012,Toyota,Camry,LE,GRAY,201805,No,"",2026-08-07,D,2000.0
44,F-149,559842,2011,Toyota,Camry,LE,RED,248677,Yes,3.1,2026-08-07,F,1600.0
22,F-126,560289,2011,Toyota,Camry,SE,BLACK,184583,No,"",2026-08-07,F,1600.0
22,F-129,559393,2007,Toyota,Camry,LE V6,BLUE,189309,No,"",2026-08-07,F,3400.0
8,X-107,560021,2006,Toyota,Camry,LE,RED,225016,No,"",2026-08-07,X,650.0
22,B-186,559968,2005,Toyota,Camry,LE,SILVER,252887,No,"",2026-08-07,B,1600.0
22,C-094,559640,2004,Toyota,Camry,LE,SILVER,202411,No,"",2026-08-07,C,1100.0
22,B-187,559970,2000,Toyota,Camry,LE,WHITE,1,No,"",2026-08-07,B,600.0
32,C-146,559254,2026,Toyota,Corolla,LE,SILVER,15126,Yes,4.7,2026-08-07,C,20400.0
22,F-125.3,559394,2024,Toyota,Corolla,LE,BLACK,41807,No,"",2026-08-07,F,11200.0
34,F-170,559551,2024,Toyota,Corolla,LE,BLUE,20968,Yes,3.5,2026-08-07,F,16500.0
38,C-281,559290,2023,Toyota,Corolla,LE,GRAY,112818,Yes,4.5,2026-08-07,C,11600.0
35,D-200,559827,2021,Toyota,Corolla,L,SILVER,131717,Yes,4.4,2026-08-07,D,10200.0
40,F-173,560268,2021,Toyota,Corolla,LE,GRAY,62171,Yes,2.8,2026-08-07,F,10600.0
23,C-195,558997,2021,Toyota,Corolla,LE,WHITE,110778,No,"",2026-08-07,C,11000.0
41,F-163,559095,2020,Toyota,Corolla,LE,WHITE,187116,Yes,3.0,2026-08-07,F,7100.0
44,F-148,559847,2020,Toyota,Corolla,SE,WHITE,120815,Yes,3.6,2026-08-07,F,10400.0
28,C-030,557849,2019,Toyota,Corolla,SE,SILVER,113794,Yes,"",2026-08-07,C,8500.0
22,C-020,555642,2018,Toyota,Corolla,LE,GRAY,222074,No,"",2026-08-07,C,3200.0
23,B-141,559202,2018,Toyota,Corolla,SE,BLUE,69317,No,"",2026-08-07,B,11300.0
48,C-171,559431,2017,Toyota,Corolla,LE,BLACK,170097,Yes,3.0,2026-08-07,C,3800.0
47,A-274,559825,2017,Toyota,Corolla,SE,RED,100682,Yes,4.3,2026-08-07,A,9400.0
23,B-053,560005,2017,Toyota,Corolla,SE,GRAY,142330,No,"",2026-08-07,B,6700.0
44,F-152,559552,2016,Toyota,Corolla,LE,WHITE,156223,Yes,3.0,2026-08-07,F,3500.0
10,C-203,559257,2016,Toyota,Corolla,LE,RED,142177,No,"",2026-08-07,C,4400.0
39,F-147,560263,2016,Toyota,Corolla,S,WHITE,141277,Yes,3.6,2026-08-07,F,4900.0
43,D-243,560113,2015,Toyota,Corolla,L,GRAY,193468,Yes,3.0,2026-08-07,D,3800.0
36,D-230,560088,2015,Toyota,Corolla,LE,BROWN,89529,Yes,4.0,2026-08-07,D,10200.0
23,E-210,558805,2014,Toyota,Corolla,L,SILVER,189143,No,"",2026-08-07,E,2600.0
42,F-159,559092,2013,Toyota,Corolla,LE,RED,168829,Yes,3.0,2026-08-07,F,4800.0
22,C-283,559158,2010,Toyota,Corolla,LE,GREEN,247171,No,"",2026-08-07,C,1700.0
22,B-076,559727,2010,Toyota,Corolla,S,SILVER,137287,No,"",2026-08-07,B,2800.0
23,C-178,559464,2009,Toyota,Corolla,S,SILVER,303419,No,"",2026-08-07,C,1800.0
22,C-009.4,560116,2009,Toyota,Corolla,XRS,RED,172920,No,"",2026-08-07,C,3800.0
22,F-212,558519,2006,Toyota,Corolla,CE,WHITE,155655,No,"",2026-08-07,F,1300.0
32,G-025,560102,2025,Toyota,Corolla Cross,LE,BLUE,7984,Yes,4.7,2026-08-07,G,25400.0
31,G-014,559168,2024,Toyota,Crown,Platinum,WHITE,15680,Yes,4.8,2026-08-07,G,38600.0
33,G-009,558514,2026,Toyota,Crown Signia,LIMITED,ORANGE,995,Yes,5.0,2026-08-07,G,46900.0
30,M-004,558542,2025,Toyota,Crown Signia,XLE,RED,15559,Yes,4.8,2026-08-07,M,37300.0
34,X-029,556070,2012,Toyota,FJ Cruiser,4DR A,SILVER,112258,Yes,1.2,2026-08-07,X,6000.0
32,A-169,559891,2021,Toyota,GR Supra,3.0 PREMIUM,RED,39724,Yes,4.4,2026-08-07,A,44000.0
23,C-228,559912,2025,Toyota,Grand Highlander,LE,GRAY,91126,No,"",2026-08-07,C,27900.0
37,A-043,558891,2023,Toyota,Highlander,PLATINUM,BLACK,42101,Yes,4.4,2026-08-07,A,39600.0
23,C-231,559937,2021,Toyota,Highlander,HYBRID XL,WHITE,100472,No,"",2026-08-07,C,22800.0
42,F-171,560265,2021,Toyota,Highlander,Platinum,BLACK,156861,Yes,3.7,2026-08-07,F,19000.0
43,A-107,557301,2021,Toyota,Highlander,XLE,GRAY,80897,Yes,3.0,2026-08-07,A,20600.0
40,Q-007,559071,2020,Toyota,Highlander,HYBRID PL,BLUE,82153,Yes,4.5,2026-08-07,Q,31700.0
22,B-189,559122,2019,Toyota,Highlander,LE,WHITE,123458,No,"",2026-08-07,B,13200.0
39,D-161,559674,2019,Toyota,Highlander,LIMITED,WHITE,140048,Yes,3.8,2026-08-07,D,18600.0
37,E-112,560172,2019,Toyota,Highlander,XLE,WHITE,147033,Yes,4.6,2026-08-07,E,13400.0
21,B-107,557359,2012,Toyota,Highlander,LIMITED V,BLUE,139533,No,"",2026-08-07,B,6400.0
22,C-204,559468,2010,Toyota,Matrix,5DR WGN AUTO,GRAY,163342,No,"",2026-08-07,C,2800.0
22,B-193,559030,2009,Toyota,Matrix,5DR WGN AUTO,SILVER,303325,No,"",2026-08-07,B,2000.0
33,E-143,560284,2024,Toyota,Prius,XLE,RED,31362,Yes,4.5,2026-08-07,E,25600.0
21,C-226,559933,2014,Toyota,Prius,TWO,SILVER,212640,No,"",2026-08-07,C,2100.0
42,F-127,559436,2011,Toyota,Prius,TWO,WHITE,229927,Yes,3.0,2026-08-07,F,2100.0
22,C-040,555290,2013,Toyota,Prius V,FIVE,GRAY,180746,No,"",2026-08-07,C,3100.0
36,C-188,558989,2025,Toyota,RAV4,XLE,WHITE,16276,Yes,4.4,2026-08-07,C,29200.0
36,G-007,559251,2024,Toyota,RAV4,Limited,GRAY,21669,Yes,4.6,2026-08-07,G,33000.0
31,G-001,559366,2024,Toyota,RAV4,XLE Premium,WHITE,20764,Yes,4.7,2026-08-07,G,33600.0
39,C-196,558998,2023,Toyota,RAV4,XLE Premium,BLUE,45981,Yes,3.6,2026-08-07,C,24200.0
38,D-152,559423,2021,Toyota,RAV4,Hybrid XLE,GRAY,78762,Yes,4.1,2026-08-07,D,22500.0
21,B-124,557361,2021,Toyota,RAV4,LE,BLUE,79890,No,"",2026-08-07,B,11200.0
22,C-216,559444,2019,Toyota,RAV4,LE,GRAY,170267,No,"",2026-08-07,C,10500.0
39,C-173,559466,2016,Toyota,RAV4,LE,GRAY,252384,Yes,4.3,2026-08-07,C,6100.0
70,X-041,553930,2011,Toyota,RAV4,4DR 4-CYL 4,RED,131279,Yes,0.5,2026-08-07,X,900.0
22,C-034,558845,2010,Toyota,RAV4,4DR 4-CYL 4,SILVER,222875,No,"",2026-08-07,C,2700.0
43,D-128,559119,2007,Toyota,RAV4,Limited,GREEN,94599,Yes,3.1,2026-08-07,D,6000.0
41,F-204,548971,2017,Toyota,Sienna,LIMITED PREMI,SILVER,120589,Yes,3.6,2026-08-07,F,14400.0
6,X-114,559763,2009,Toyota,Sienna,LE,BEIGE,202720,No,"",2026-08-07,X,700.0
22,C-237,558201,2006,Toyota,Sienna,LE,WHITE,227762,No,"",2026-08-07,C,1100.0
33,M-003,557525,2025,Toyota,Tacoma,SR,WHITE,22322,Yes,4.7,2026-08-07,M,29000.0
36,C-165,559268,2024,Toyota,Tacoma,SR5,GRAY,24329,Yes,4.3,2026-08-07,C,27750.0
38,C-199,558986,2022,Toyota,Tacoma,SR,GRAY,34668,Yes,4.7,2026-08-07,C,25000.0
41,D-102,559019,2021,Toyota,Tacoma,SR5 V6,GRAY,117688,Yes,3.0,2026-08-07,D,23200.0
24,X-019,552272,2019,Toyota,Tacoma,Limited,BLACK,134760,Yes,0.5,2026-08-07,X,11000.0
38,C-134,559945,2019,Toyota,Tacoma,SR5,WHITE,70541,Yes,4.1,2026-08-07,C,21800.0
22,E-185,560252,2018,Toyota,Tacoma,TRD SPORT,BLACK,95285,No,"",2026-08-07,E,21600.0
45,F-160,559306,2018,Toyota,Tacoma,TRD SPORT,GRAY,172325,Yes,3.5,2026-08-07,F,18200.0
36,A-069,559207,2016,Toyota,Tacoma,SR5 V6,SILVER,124504,Yes,4.1,2026-08-07,A,20000.0
22,F-119,559402,2015,Toyota,Tacoma,PRERUNNER V6,SILVER,160846,No,"",2026-08-07,F,13800.0
46,C-157,559483,2014,Toyota,Tacoma,PRERUNNER V6,GRAY,188465,Yes,3.0,2026-08-07,C,10200.0
16,B-112,559098,2009,Toyota,Tacoma,BASE V6,GRAY,191571,No,"",2026-08-07,B,9400.0
22,C-181,558993,2007,Toyota,Tacoma,PRERUNNER V6,RED,241493,No,"",2026-08-07,C,5600.0
22,E-195,559371,2007,Toyota,Tacoma,PRERUNNER V6,OTHER,296944,No,"",2026-08-07,E,3500.0
32,C-029,558365,2025,Toyota,Tundra,SR5,WHITE,18288,Yes,4.6,2026-08-07,C,41250.0
22,E-169,560233,2024,Toyota,Tundra,HYBRID TRD PR,WHITE,34948,No,"",2026-08-07,E,51800.0
34,C-009.3,559397,2024,Toyota,Tundra,SR5,GRAY,23093,Yes,4.6,2026-08-07,C,40750.0
35,B-007,559558,2023,Toyota,Tundra,HYBRID CAPSTO,WHITE,70095,Yes,4.7,2026-08-07,B,42200.0
21,F-264,559918,2013,Toyota,Tundra,GRADE 5.7L V8,WHITE,191494,No,"",2026-08-07,F,10600.0
23,C-193,558999,2011,Toyota,Tundra,GRADE 5.7L V8,SILVER,130778,No,"",2026-08-07,C,13900.0
23,B-214,560071,2010,Toyota,Tundra,GRADE 5.7L V8,RED,87128,No,"",2026-08-07,B,12200.0
22,E-193,559356,2007,Toyota,Tundra,LIMITED 5.7L,RED,246351,No,"",2026-08-07,E,2100.0
34,B-012,557254,2024,Toyota,Venza,LIMITED,BLUE,26660,Yes,3.0,2026-08-07,B,33000.0
39,E-097,559074,2015,Toyota,Yaris,L,GRAY,125411,Yes,3.0,2026-08-07,E,4300.0
9,X-083,558662,2012,Toyota,Yaris,LE,SILVER,127608,No,"",2026-08-07,X,900.0
9,X-089,559066,2021,Volkswagen,Arteon,SE,SILVER,74103,No,"",2026-08-07,X,6100.0
37,D-163,559678,2024,Volkswagen,Atlas,2.0T SE W/TECH,WHITE,65312,Yes,3.7,2026-08-07,D,20200.0
22,F-180,559302,2018,Volkswagen,Atlas,3.6L V6 SEL,SILVER,180953,No,"",2026-08-07,F,5200.0
22,E-197,560228,2018,Volkswagen,Atlas,3.6L V6 SEL,WHITE,138311,No,"",2026-08-07,E,4700.0
35,D-018,556813,2024,Volkswagen,Atlas Cross Sport,2.,GRAY,43839,Yes,3.9,2026-08-07,D,22200.0
37,P-006,552250,2015,Volkswagen,Beetle,CONVERTIBLE 1,TAN,122602,Yes,4.0,2026-08-07,P,4300.0
22,F-107,557479,2014,Volkswagen,Beetle,CONVERTIBLE 1,TAN,188871,No,"",2026-08-07,F,2900.0
22,C-319,559811,2012,Volkswagen,Beetle,2.5L,RED,61990,No,"",2026-08-07,C,7200.0
9,X-068,559021,2002,Volkswagen,Cabrio,GLX,SILVER,113403,No,"",2026-08-07,X,650.0
39,C-260,553215,2019,Volkswagen,Golf,SPORTWAGEN S,WHITE,102467,Yes,3.4,2026-08-07,C,8600.0
23,B-062,560017,2022,Volkswagen,GTI,"",BLUE,38652,No,"",2026-08-07,B,23000.0
36,D-047,558818,2023,Volkswagen,ID.4,Pro S,RED,39909,Yes,3.8,2026-08-07,D,17400.0
21,B-126,557795,2019,Volkswagen,Jetta,S,BLACK,53350,No,"",2026-08-07,B,9200.0
39,D-114,559010,2019,Volkswagen,Jetta,S,WHITE,70779,Yes,3.2,2026-08-07,D,8200.0
37,F-009,556985,2019,Volkswagen,Jetta,SEL Premium,GRAY,92151,Yes,4.3,2026-08-07,F,10000.0
37,D-147,559489,2018,Volkswagen,Jetta,1.4T S,GRAY,85418,Yes,3.7,2026-08-07,D,6200.0
51,D-160,559476,2015,Volkswagen,Jetta,SEDAN 2.0L S,GOLD,187049,Yes,3.0,2026-08-07,D,700.0
22,C-293,559304,2014,Volkswagen,Jetta,SEDAN SE,SILVER,176144,No,"",2026-08-07,C,600.0
35,D-090,550717,2014,Volkswagen,Jetta,SEDAN SE W/CON,SILVER,135396,Yes,3.8,2026-08-07,D,2000.0
22,B-237,557655,2014,Volkswagen,Jetta,SEDAN SE W/CON,BLACK,127648,No,"",2026-08-07,B,3000.0
22,D-279,560220,2013,Volkswagen,Jetta,SEDAN SE,BLACK,169867,No,"",2026-08-07,D,1100.0
22,C-288,559291,2003,Volkswagen,Jetta,SEDAN GL,BLACK,115314,No,"",2026-08-07,C,600.0
21,F-029,559894,2005,Volkswagen,New Beetle,COUPE GLS,GRAY,125020,No,"",2026-08-07,F,600.0
35,E-028,560134,2021,Volkswagen,Passat,2.0T R-LINE,GRAY,84610,Yes,4.4,2026-08-07,E,12700.0
36,E-067,558385,2020,Volkswagen,Passat,2.0T SE,SILVER,91332,Yes,3.5,2026-08-07,E,7300.0
42,C-136,559395,2017,Volkswagen,Passat,R-LINE W/COMF,GRAY,95968,Yes,4.4,2026-08-07,C,7800.0
22,B-065.8,559604,2015,Volkswagen,Passat,1.8T SE,BLACK,96248,No,"",2026-08-07,B,2200.0
55,D-222,559975,2014,Volkswagen,Passat,TDI SEL PREMI,SILVER,183346,Yes,3.0,2026-08-07,D,1100.0
22,C-093,559636,2007,Volkswagen,Passat,SEDAN 2.0T,WHITE,149030,No,"",2026-08-07,C,800.0
42,C-063,559390,2024,Volkswagen,Taos,S,GRAY,18424,Yes,4.5,2026-08-07,C,17400.0
33,B-233,559866,2023,Volkswagen,Taos,S,GRAY,46106,Yes,4.1,2026-08-07,B,15000.0
33,B-235,559859,2022,Volkswagen,Taos,SE,WHITE,56654,Yes,4.5,2026-08-07,B,14600.0
36,D-138,559353,2022,Volkswagen,Tiguan,SE,SILVER,96390,Yes,4.5,2026-08-07,D,9900.0
21,B-225,559069,2019,Volkswagen,Tiguan,SE,BLUE,121099,No,"",2026-08-07,B,5700.0
38,D-321,559368,2018,Volkswagen,Tiguan,S,RED,131019,Yes,3.0,2026-08-07,D,6000.0
22,B-196,559973,2017,Volkswagen,Tiguan,WOLFSBURG EDI,BLUE,94148,No,"",2026-08-07,B,5000.0
37,A-076,559230,2015,Volkswagen,Touareg,SPORT W/TECH,SILVER,141572,Yes,4.5,2026-08-07,A,8200.0
43,A-027,559413,2015,Volvo,S60,T5 PREMIER,WHITE,133407,Yes,3.0,2026-08-07,A,2800.0
9,X-097,559223,2011,Volvo,S80,3.2L,BLACK,110640,No,"",2026-08-07,X,700.0
35,D-017,556315,2017,Volvo,XC60,"",WHITE,85863,Yes,4.1,2026-08-07,D,7800.0
22,B-020,559142,2013,Volvo,XC60,3.2L,WHITE,166128,No,"",2026-08-07,B,2000.0
0,A-231,560371,2011,Volvo,XC60,3.2,GRAY,170717,No,"",2026-08-07,A,650.0
21,C-189,558995,2011,Volvo,XC60,3.2L,GRAY,170717,No,"",2026-08-07,C,600.0
35,E-076,559958,2025,Volvo,XC90,PLUG-IN HYBRID,BLUE,24741,Yes,4.5,2026-08-07,E,48000.0
41,A-143,559633,2016,Volvo,XC90,"",BLUE,163282,Yes,2.7,2026-08-07,A,5600.0
36,D-203,559834,2016,Volvo,XC90,"",WHITE,75616,Yes,4.5,2026-08-07,D,13600.0
41,A-077,556318,2007,Volvo,XC90,I6,BLUE,190087,Yes,2.5,2026-08-07,A,1100.0
