Picture Count,Run Number,Stock #,Year,Make,Model,Style,Color,Odometer,CR,Grade,Sale Date,Lane,Price
41,F-242,557711,2019,Acura,ILX,W/PREMIUM PKG,GRAY,120228,Yes,3.2,2026-07-31,F,9800.0
30,B-026,557250,2025,Acura,MDX,W/A-SPEC PACKAGE,BLUE,15644,Yes,4.8,2026-07-31,B,45500.0
28,G-006,557190,2025,Acura,MDX,W/TECHNOLOGY PAC,GRAY,22769,Yes,5.0,2026-07-31,G,45600.0
43,G-005,557768,2023,Acura,MDX,W/ADVANCE PACKAG,GRAY,31959,Yes,4.5,2026-07-31,G,37600.0
32,B-028,557258,2022,Acura,MDX,W/TECHNOLOGY PAC,GRAY,26844,Yes,4.6,2026-07-31,B,34000.0
45,A-111,557584,2016,Acura,MDX,W/TECH,SILVER,97281,Yes,3.2,2026-07-31,A,12800.0
22,C-193,555688,2013,Acura,MDX,TECH/ENTERTAINME,BLACK,132218,No,"",2026-07-31,C,3400.0
32,F-260,557756,2025,Acura,RDX,W/A-SPEC ADVANCE,GRAY,3535,Yes,5.0,2026-07-31,F,43600.0
50,C-158,558265,2020,Acura,RDX,W/A-SPEC PKG,WHITE,101501,Yes,3.0,2026-07-31,C,15400.0
44,D-042,557189,2017,Acura,RDX,W/ADVANCE PKG,BLACK,152890,Yes,3.0,2026-07-31,D,7800.0
42,F-113,557690,2017,Acura,RDX,W/ADVANCE PKG,RED,179010,Yes,4.1,2026-07-31,F,7400.0
42,F-274,557716,2016,Acura,RDX,ADVANCE PKG,GRAY,70302,Yes,3.7,2026-07-31,F,12500.0
41,D-043,557196,2015,Acura,RDX,4DR,WHITE,163922,Yes,3.5,2026-07-31,D,6600.0
41,D-133,557373,2014,Acura,RDX,TECH PKG,WHITE,120398,Yes,3.0,2026-07-31,D,2200.0
5,E-155,557027,2006,Acura,RL,4DR SDN AT (NATL),GRAY,223940,No,"",2026-07-31,E,700.0
33,B-002,557936,2017,Acura,TLX,V6 W/TECHNOLOGY,SILVER,97392,Yes,4.9,2026-07-31,B,12900.0
22,E-015,558153,2014,Acura,TSX,TECH PKG,BLACK,104823,No,"",2026-07-31,E,5700.0
22,A-231,558191,2011,Acura,TSX,4DR SDN I4 AUTO,GRAY,198658,No,"",2026-07-31,A,1200.0
37,D-049,557193,2024,Acura,ZDX,W/A-SPEC PACKAGE,RED,15536,Yes,3.6,2026-07-31,D,28000.0
38,A-149,558002,2018,Alfa Romeo,Giulia,TI LUSSO,WHITE,103042,Yes,3.7,2026-07-31,A,9200.0
22,B-130,557371,2018,Audi,A3,SEDAN PREMIUM,GRAY,65907,No,"",2026-07-31,B,11200.0
43,A-258,556488,2015,Audi,A4,Premium Plus,GRAY,119560,Yes,3.0,2026-07-31,A,4800.0
20,E-203,557168,2010,Audi,A4,2.0T PREMIUM,BLUE,158582,No,"",2026-07-31,E,800.0
22,C-217,558260,2017,Audi,Q3,Premium,BLUE,56719,No,"",2026-07-31,C,8200.0
35,D-033,557188,2021,Audi,Q3 S-Line,Premium,WHITE,69982,Yes,4.5,2026-07-31,D,16000.0
35,B-006.4,558012,2025,Audi,Q5,S LINE PREMIUM,WHITE,26467,Yes,4.6,2026-07-31,B,30200.0
38,D-122,557270,2018,Audi,Q5,Prestige,BLACK,105952,Yes,4.3,2026-07-31,D,9400.0
23,F-160,558505,2016,Audi,Q5,Premium Plus,GRAY,94019,No,"",2026-07-31,F,5600.0
35,F-330,558285,2014,Audi,Q5,"",BLACK,62839,Yes,4.4,2026-07-31,F,8700.0
33,F-261,557757,2023,Audi,Q5 S-Line,PREMIUM,GRAY,6445,Yes,4.7,2026-07-31,F,27400.0
34,A-124,557745,2021,Audi,Q7,Premium Plus,SILVER,84989,Yes,4.7,2026-07-31,A,16600.0
45,F-157,557686,2019,Audi,Q7,"",SILVER,103433,Yes,3.2,2026-07-31,F,12800.0
35,E-125,558001,2024,BMW,2-Series,M240I XDRIV,BLUE,17278,Yes,4.7,2026-07-31,E,45400.0
36,A-092,555701,2021,BMW,2-Series,228I XDRIVE,BLACK,7390,Yes,3.4,2026-07-31,A,19200.0
35,A-090,556622,2021,BMW,3-Series,330e,BLUE,17811,Yes,4.3,2026-07-31,A,24400.0
41,A-027,557042,2020,BMW,3-Series,330i,WHITE,59492,Yes,3.6,2026-07-31,A,19000.0
38,A-181,558270,2020,BMW,3-Series,330i,WHITE,62564,Yes,4.3,2026-07-31,A,17200.0
44,A-025,557299,2020,BMW,3-Series,330i,WHITE,67392,Yes,3.0,2026-07-31,A,18800.0
44,C-156,558267,2015,BMW,3-Series,328i,GRAY,125789,Yes,3.4,2026-07-31,C,3800.0
42,A-057,554277,2013,BMW,3-Series,328I XDRIVE,WHITE,167166,Yes,2.6,2026-07-31,A,2100.0
35,A-193,558271,2008,BMW,3-Series,328i,BLACK,31435,Yes,4.3,2026-07-31,A,11800.0
22,D-004,557493,2007,BMW,3-Series,335i,WHITE,131811,No,"",2026-07-31,D,2600.0
22,B-099,557364,2019,BMW,4-Series,430I,WHITE,65047,No,"",2026-07-31,B,14200.0
35,A-122,557744,2016,BMW,5-Series,528i,BLUE,73763,Yes,4.3,2026-07-31,A,9600.0
52,D-127,557340,2012,BMW,5-Series,535i,BLACK,156335,Yes,3.0,2026-07-31,D,2400.0
35,B-047.1,557940,2022,BMW,7-Series,750I XDRIVE,WHITE,35817,Yes,3.9,2026-07-31,B,41500.0
28,A-169,557953,2024,BMW,i5,M60,WHITE,34650,Yes,4.8,2026-07-31,A,51250.0
37,A-126,557741,2024,BMW,M3,Competition,WHITE,25504,Yes,4.4,2026-07-31,A,69000.0
25,A-083,556860,2018,BMW,M4,CONVERTIBLE,SILVER,51408,Yes,4.9,2026-07-31,A,34800.0
42,A-147,557988,2022,BMW,X1,sDrive28i,GRAY,43684,Yes,4.3,2026-07-31,A,17000.0
41,A-155,557990,2017,BMW,X1,sDrive28i,BLACK,103480,Yes,2.9,2026-07-31,A,5800.0
22,F-079,1597945,2014,BMW,X1,XDrive28i,WHITE,137114,No,"",2026-07-31,F,3200.0
32,Q-004,552395,2025,BMW,X3,M50 xDrive,GRAY,17498,Yes,5.0,2026-07-31,Q,50500.0
40,A-141,556638,2022,BMW,X3,sDrive30i,BLACK,46928,Yes,3.6,2026-07-31,A,21600.0
39,A-039,557044,2019,BMW,X3,XDrive30i,BLACK,73268,Yes,3.3,2026-07-31,A,15000.0
37,A-105,557576,2023,BMW,X4,XDrive30i,BLACK,37058,Yes,3.9,2026-07-31,A,34600.0
41,A-146,553601,2022,BMW,X5,xDrive45e,BLUE,58476,Yes,4.4,2026-07-31,A,31000.0
35,F-231,555993,2021,BMW,X5,sDrive40i,WHITE,90299,Yes,4.6,2026-07-31,F,23600.0
37,A-029,557303,2021,BMW,X5,XDrive40i,GRAY,67104,Yes,4.3,2026-07-31,A,25200.0
38,A-200,557966,2020,BMW,X5,sDrive40i,BLACK,77393,Yes,4.1,2026-07-31,A,20400.0
31,A-176,557996,2019,BMW,X5,XDrive40i,BLUE,56178,Yes,4.2,2026-07-31,A,25200.0
40,B-076,557397,2018,BMW,X5,XDrive35i,GRAY,131164,Yes,3.5,2026-07-31,B,8100.0
40,B-006.1,557985,2016,BMW,X5,XDrive35i,WHITE,107217,Yes,3.7,2026-07-31,B,9400.0
46,A-153,558020,2016,BMW,X5,XDrive35i,WHITE,191582,Yes,3.0,2026-07-31,A,2600.0
33,A-118,555012,2023,BMW,X7,XDrive40i,BLACK,56776,Yes,4.8,2026-07-31,A,41900.0
40,A-135,555912,2022,BMW,X7,XDrive40i,BLACK,67236,Yes,3.5,2026-07-31,A,34000.0
6,B-042,558537,2019,Buick,Enclave,Essence,BURGUNDY,100229,No,"",2026-07-31,B,8900.0
9,X-089,558005,2018,Buick,Encore,Essence,SILVER,86376,No,"",2026-07-31,X,3500.0
40,E-118,556914,2017,Buick,Encore,Preferred,BURGUNDY,98375,Yes,4.0,2026-07-31,E,6400.0
41,F-146,556065,2014,Buick,Encore,Leather,SILVER,46252,Yes,3.0,2026-07-31,F,3600.0
36,D-055,557200,2013,Buick,Encore,Convenience,WHITE,82414,Yes,4.6,2026-07-31,D,6000.0
22,C-190,554988,2014,Buick,ENCORE 2014 NULL,"",SILVER,162430,No,"",2026-07-31,C,900.0
22,B-234,557648,2024,Buick,Encore GX,Preferred,BLACK,65270,No,"",2026-07-31,B,13400.0
38,A-161,558042,2011,Buick,Regal,CXL RL4,WHITE,136018,Yes,4.5,2026-07-31,A,5200.0
36,B-024,556483,2022,Cadillac,CT5,CT5-V 4DR SDN,GRAY,47496,Yes,4.7,2026-07-31,B,38000.0
30,X-022,556891,2019,Cadillac,CTS,CTS-V SEDAN,WHITE,61868,Yes,1.0,2026-07-31,X,26600.0
45,A-022,557591,2013,Cadillac,CTS,SEDAN LUXURY,WHITE,87499,Yes,3.6,2026-07-31,A,6100.0
0,A-835,558712,2005,Cadillac,CTS,"","",72014,No,"",2026-07-31,A,650.0
41,D-117,557762,2005,Cadillac,CTS,4DR SDN 3.6L,BLACK,72014,Yes,3.0,2026-07-31,D,700.0
0,A-822,558759,2005,Cadillac,DeVille,"","",95764,No,"",2026-07-31,A,650.0
22,B-210,555828,2005,Cadillac,DeVille,4DR SDN,WHITE,95764,No,"",2026-07-31,B,600.0
0,A-821,558758,2004,Cadillac,DeVille,"","",74620,No,"",2026-07-31,A,650.0
23,B-208,557523,2004,Cadillac,DeVille,4DR SDN,GRAY,74620,No,"",2026-07-31,B,600.0
22,B-085,557910,2009,Cadillac,DTS,W/1SA,WHITE,128321,No,"",2026-07-31,B,700.0
22,F-035,558123,2007,Cadillac,DTS,LUXURY I,WHITE,52988,No,"",2026-07-31,F,1800.0
34,A-190,558086,2022,Cadillac,Escalade,ESV PREMIUM,GRAY,92051,Yes,3.9,2026-07-31,A,45000.0
35,A-211,558090,2022,Cadillac,Escalade,PREMIUM LUX,BLACK,72739,Yes,4.5,2026-07-31,A,51000.0
42,A-165,555738,2021,Cadillac,Escalade,Sport,BLACK,96344,Yes,4.2,2026-07-31,A,45250.0
22,C-185,557335,2019,Cadillac,Escalade,ESV Luxury,BLACK,112830,No,"",2026-07-31,C,19300.0
32,A-133,556980,2017,Cadillac,Escalade,Platinum,WHITE,132620,Yes,3.4,2026-07-31,A,14600.0
8,X-075,556430,2013,Cadillac,Escalade,Hybrid,BLACK,167042,No,"",2026-07-31,X,1400.0
22,C-007,557853,2012,Cadillac,Escalade,Luxury,RED,187348,No,"",2026-07-31,C,1400.0
22,F-156,557626,2008,Cadillac,Escalade, 4DR,GOLD,165687,No,"",2026-07-31,F,4500.0
22,C-071,557511,2016,Cadillac,SRX,LUXURY COLLECTIO,BROWN,167796,No,"",2026-07-31,C,2500.0
45,B-006.5,558476,2015,Cadillac,SRX,PERFORMANCE COLL,WHITE,80747,Yes,3.0,2026-07-31,B,6000.0
43,D-169,557728,2014,Cadillac,SRX,LUXURY COLLECTIO,SILVER,156765,Yes,3.0,2026-07-31,D,1600.0
22,E-211,558613,2011,Cadillac,SRX,PERFORMANCE COLL,GOLD,154372,No,"",2026-07-31,E,800.0
41,A-036,557279,2010,Cadillac,SRX,LUXURY COLLECTIO,WHITE,158102,Yes,3.0,2026-07-31,A,1600.0
42,A-094,556575,2021,Cadillac,XT4,PREMIUM LUXU,WHITE,88590,Yes,3.0,2026-07-31,A,13200.0
35,E-051,558445,2018,Cadillac,XT5,"",BLUE,119095,Yes,4.4,2026-07-31,E,8000.0
40,E-265,555734,2017,Cadillac,XT5,Luxury,RED,100789,Yes,3.0,2026-07-31,E,9400.0
22,B-253,557775,2017,Cadillac,XT5,Luxury,BLUE,134303,No,"",2026-07-31,B,6200.0
37,B-006.7,558477,2024,Cadillac,XT6,PREMIUM LUXU,SILVER,24206,Yes,4.4,2026-07-31,B,38400.0
36,A-058,554419,2016,Cadillac,XTS,LUXURY COLLECTIO,SILVER,95156,Yes,3.4,2026-07-31,A,8600.0
7,B-174,556414,2023,CFMOTO,300NK NULL,"",BLACK,1561,No,"",2026-07-31,B,1500.0
38,X-044,553032,2012,Chevrolet,Avalanche,LTZ,BLACK,205785,Yes,0.5,2026-07-31,X,800.0
20,F-196.5,558535,2004,Chevrolet,Avalanche,1500 5DR C,GREEN,230037,No,"",2026-07-31,F,800.0
38,A-019,558041,2017,Chevrolet,Bolt EV,LT,GRAY,118087,Yes,3.5,2026-07-31,A,3000.0
35,A-142,557943,2021,Chevrolet,Camaro,1LT,GRAY,74270,Yes,3.4,2026-07-31,A,19000.0
41,C-278,557928,2018,Chevrolet,Camaro,"",BLACK,37357,Yes,4.3,2026-07-31,C,48800.0
23,B-120,557367,2013,Chevrolet,Camaro,LS,RED,132638,No,"",2026-07-31,B,6600.0
21,F-126,557694,2014,Chevrolet,Captiva Sport,FLEET,SILVER,163592,No,"",2026-07-31,F,700.0
0,A-807,558734,2002,Chevrolet,Cavalier,"","",204816,No,"",2026-07-31,A,650.0
23,B-151,557555,2002,Chevrolet,Cavalier,2DR CPE,SILVER,204816,No,"",2026-07-31,B,600.0
22,B-198,557807,2007,Chevrolet,Cobalt,LT,TAN,226342,No,"",2026-07-31,B,600.0
33,E-229,558615,2021,Chevrolet,Colorado, Z71,TAN,64248,Yes,4.5,2026-07-31,E,22600.0
37,C-289,556903,2021,Chevrolet,Colorado, Z71,RED,59966,Yes,4.6,2026-07-31,C,24000.0
43,F-241,557713,2020,Chevrolet,Colorado, LT,BLACK,98709,Yes,4.0,2026-07-31,F,13800.0
21,E-216,558279,2017,Chevrolet,Colorado,Z71,BLUE,124424,No,"",2026-07-31,E,13300.0
22,F-106,557697,2016,Chevrolet,Colorado, LT,WHITE,85490,No,"",2026-07-31,F,12500.0
22,C-297,558220,2015,Chevrolet,Colorado, WT,WHITE,234617,No,"",2026-07-31,C,1100.0
35,E-227,558215,2021,Chevrolet,Corvette,2LT,BLUE,7670,Yes,4.7,2026-07-31,E,61250.0
0,O-004,558948,2015,Chevrolet,Corvette,3LT,WHITE,62397,No,"",2026-07-31,O,35800.0
36,E-043,558421,2008,Chevrolet,Corvette,2DR CPE,RED,30577,Yes,4.4,2026-07-31,E,27000.0
21,B-180,557846,2018,Chevrolet,Cruze,LS,WHITE,138134,No,"",2026-07-31,B,3500.0
22,F-190,557445,2018,Chevrolet,Cruze,LT,WHITE,154943,No,"",2026-07-31,F,700.0
22,B-187,557894,2017,Chevrolet,Cruze,LS,SILVER,101708,No,"",2026-07-31,B,5400.0
22,B-252,557771,2016,Chevrolet,Cruze,LT,SILVER,122417,No,"",2026-07-31,B,2800.0
22,B-113,555947,2014,Chevrolet,Cruze,1LT,RED,87581,No,"",2026-07-31,B,3400.0
0,A-900,557553,2012,Chevrolet,Cruze,2LS,"",179453,No,"",2026-07-31,A,650.0
49,E-090,558422,2012,Chevrolet,Cruze,LS,SILVER,184992,Yes,3.0,2026-07-31,E,600.0
38,C-262,557710,2012,Chevrolet,Cruze,LS,WHITE,47229,Yes,3.3,2026-07-31,C,4000.0
0,A-812,558744,2011,Chevrolet,Cruze,LTZ,"",1,No,"",2026-07-31,A,650.0
9,X-066,557187,2011,Chevrolet,Cruze,LTZ,BLACK,1,No,"",2026-07-31,X,600.0
32,C-085,558396,2026,Chevrolet,Equinox,LT,WHITE,12583,Yes,5.0,2026-07-31,C,24000.0
34,E-223,558276,2023,Chevrolet,Equinox,LT,WHITE,27541,Yes,4.7,2026-07-31,E,18500.0
45,A-023,557496,2020,Chevrolet,Equinox,LS,WHITE,165926,Yes,3.0,2026-07-31,A,4200.0
30,C-161,558268,2020,Chevrolet,Equinox,LS,WHITE,248394,Yes,3.6,2026-07-31,C,2100.0
39,C-334,558618,2020,Chevrolet,Equinox,LT,ORANGE,95858,Yes,3.9,2026-07-31,C,8300.0
21,B-071,558349,2019,Chevrolet,Equinox,LS,WHITE,138310,No,"",2026-07-31,B,5000.0
22,B-103,557056,2018,Chevrolet,Equinox,LS,BLUE,151903,No,"",2026-07-31,B,3500.0
39,A-194,558099,2018,Chevrolet,Equinox,LT,GRAY,129730,Yes,3.9,2026-07-31,A,7000.0
22,B-251,557769,2015,Chevrolet,Equinox,LT,BLACK,143962,No,"",2026-07-31,B,1900.0
36,D-113,557337,2015,Chevrolet,Equinox,LTZ,GOLD,102709,Yes,4.1,2026-07-31,D,7200.0
46,A-237,558248,2011,Chevrolet,Equinox,LT W/1LT,BROWN,99327,Yes,3.2,2026-07-31,A,2200.0
22,B-117,556180,2011,Chevrolet,Equinox,LT W/2LT,WHITE,129418,No,"",2026-07-31,B,1600.0
0,A-811,558741,2006,Chevrolet,Equinox,LT,"",250405,No,"",2026-07-31,A,650.0
22,F-196.2,558521,2006,Chevrolet,Equinox,LT,BLUE,250405,No,"",2026-07-31,F,600.0
37,A-065,554281,2022,Chevrolet,Express Cargo,VAN RW,WHITE,85398,Yes,3.0,2026-07-31,A,12400.0
20,F-110,557137,2016,Chevrolet,G2500 Vans,"",WHITE,198362,No,"",2026-07-31,F,4400.0
20,C-280,557805,2014,Chevrolet,G2500 Vans,"",WHITE,101312,No,"",2026-07-31,C,5900.0
42,D-013,558114,2011,Chevrolet,HHR,LT W/2LT,WHITE,137264,Yes,3.0,2026-07-31,D,1500.0
22,E-068,558494,2008,Chevrolet,HHR,LS,BLUE,211748,No,"",2026-07-31,E,600.0
0,A-830,558702,2008,Chevrolet,HHR,LS,"",211748,No,"",2026-07-31,A,650.0
21,B-070.3,558342,2020,Chevrolet,Impala,Premier,SILVER,111008,No,"",2026-07-31,B,10600.0
37,E-006,556543,2019,Chevrolet,Impala,Premier,BLACK,92403,Yes,3.9,2026-07-31,E,5000.0
22,F-197,557973,2017,Chevrolet,Impala,Premier,BLACK,180472,No,"",2026-07-31,F,2400.0
22,E-058,558589,2014,Chevrolet,Impala,LT,BLACK,153834,No,"",2026-07-31,E,2700.0
23,B-069,558353,2020,Chevrolet,Malibu,LT,SILVER,102532,No,"",2026-07-31,B,10200.0
35,D-106,555369,2018,Chevrolet,Malibu,LS,WHITE,112380,Yes,3.0,2026-07-31,D,4600.0
9,O-001,557069,2018,Chevrolet,Malibu,Premier,BLACK,160779,No,"",2026-07-31,O,5200.0
23,B-247,557770,2017,Chevrolet,Malibu,LS,SILVER,122938,No,"",2026-07-31,B,3600.0
20,E-167,557155,2017,Chevrolet,Malibu,Premier,SILVER,124664,No,"",2026-07-31,E,4900.0
33,D-141,557731,2014,Chevrolet,Malibu,LS,GRAY,52228,Yes,4.5,2026-07-31,D,7600.0
72,F-147,557385,2011,Chevrolet,Malibu,LS W/1LS,BLUE,132670,Yes,3.0,2026-07-31,F,600.0
5,C-329,557908,2011,Chevrolet,Malibu,LT W/1LT,BLACK,105179,No,"",2026-07-31,C,1100.0
41,C-018,557218,2011,Chevrolet,Malibu,LT W/2LT,RED,104709,Yes,3.0,2026-07-31,C,1600.0
21,E-128,557954,2000,Chevrolet,S10,LS,RED,86781,No,"",2026-07-31,E,3600.0
0,A-842,558763,1996,Chevrolet,S10,"","",141535,No,"",2026-07-31,A,650.0
41,C-301,556171,2024,Chevrolet,Silverado 1500,CUSTO,BLACK,73662,Yes,3.8,2026-07-31,C,20800.0
37,E-213,558219,2024,Chevrolet,Silverado 1500,LT TR,WHITE,73596,Yes,4.4,2026-07-31,E,35200.0
39,C-313,555537,2023,Chevrolet,Silverado 1500,CUSTO,GRAY,44428,Yes,3.7,2026-07-31,C,26000.0
34,E-225,558216,2023,Chevrolet,Silverado 1500,LT,WHITE,35964,Yes,4.8,2026-07-31,E,30000.0
39,D-222,558140,2021,Chevrolet,Silverado 1500,CUSTO,WHITE,98601,Yes,3.0,2026-07-31,D,12000.0
39,E-102,557412,2021,Chevrolet,Silverado 1500,LT,BLUE,133855,Yes,4.3,2026-07-31,E,16200.0
5,Q-008,558517,2021,Chevrolet,Silverado 1500,LT TR,BLACK,105584,No,"",2026-07-31,Q,26500.0
38,D-232,549018,2021,Chevrolet,Silverado 1500,RST,GRAY,99123,Yes,4.3,2026-07-31,D,26800.0
39,C-268,555164,2020,Chevrolet,Silverado 1500,CUSTO,BLACK,75960,Yes,3.6,2026-07-31,C,18000.0
38,F-043,558035,2020,Chevrolet,Silverado 1500,HIGH,WHITE,127298,Yes,4.5,2026-07-31,F,24600.0
32,A-017,558069,2020,Chevrolet,Silverado 1500,HIGH,WHITE,92331,Yes,4.6,2026-07-31,A,29200.0
22,F-102,554376,2020,Chevrolet,Silverado 1500,RST,BLACK,104670,No,"",2026-07-31,F,19600.0
35,E-062,558543,2020,Chevrolet,Silverado 1500,RST,WHITE,103575,Yes,4.3,2026-07-31,E,24200.0
32,D-124,557256,2019,Chevrolet,Silverado 1500,LT,OTHER,77478,Yes,3.0,2026-07-31,D,25000.0
22,B-032.2,558609,2018,Chevrolet,Silverado 1500,LT,GRAY,60139,No,"",2026-07-31,B,23000.0
33,E-073,558380,2017,Chevrolet,Silverado 1500,HIGH,BROWN,33356,Yes,4.0,2026-07-31,E,26400.0
43,C-110,557782,2017,Chevrolet,Silverado 1500,LT,WHITE,160279,Yes,3.2,2026-07-31,C,8700.0
22,E-226,558278,2016,Chevrolet,Silverado 1500,LT,BLACK,143912,No,"",2026-07-31,E,16200.0
38,A-245,558193,2016,Chevrolet,Silverado 1500,LT,BROWN,99146,Yes,4.0,2026-07-31,A,13500.0
43,E-087,558425,2015,Chevrolet,Silverado 1500,LTZ,WHITE,144897,Yes,4.3,2026-07-31,E,12600.0
44,F-329,558289,2014,Chevrolet,Silverado 1500,LT,BLUE,110175,Yes,3.0,2026-07-31,F,4200.0
20,E-165,557165,2014,Chevrolet,Silverado 1500,LTZ,BLACK,166731,No,"",2026-07-31,E,12400.0
41,C-249,557435,2014,Chevrolet,Silverado 1500,WORK,WHITE,56247,Yes,3.0,2026-07-31,C,8000.0
22,C-075,557518,2013,Chevrolet,Silverado 1500,LT,RED,229486,No,"",2026-07-31,C,5200.0
38,B-006.8,558474,2012,Chevrolet,Silverado 1500,LT,RED,128047,Yes,3.6,2026-07-31,B,8500.0
21,E-217,557004,2012,Chevrolet,Silverado 1500,WORK,RED,135411,No,"",2026-07-31,E,5200.0
23,C-255,557552,2007,Chevrolet,Silverado 1500,LT W/,RED,154176,No,"",2026-07-31,C,7300.0
47,A-232,558185,2004,Chevrolet,Silverado 1500,LS,WHITE,185832,Yes,3.0,2026-07-31,A,2500.0
22,B-900,554594,2019,Chevrolet,Silverado 2500,2500HD HIG,BLACK,221977,No,"",2026-07-31,B,20500.0
10,C-252,557491,2016,Chevrolet,Silverado 3500,3500HD HIG,BLACK,194719,No,"",2026-07-31,C,21200.0
23,C-264,557634,2008,Chevrolet,Silverado 3500,3500HD SRW,WHITE,480431,No,"",2026-07-31,C,3600.0
6,B-070.4,558330,2016,Chevrolet,Sonic,LS,WHITE,92734,No,"",2026-07-31,B,3200.0
22,B-245,558362,2013,Chevrolet,Sonic,LT,RED,96308,No,"",2026-07-31,B,2000.0
20,E-206,557171,2023,Chevrolet,Suburban,Z71,BLACK,110179,No,"",2026-07-31,E,31200.0
40,B-302,558237,2019,Chevrolet,Suburban,LT,BLACK,208282,Yes,4.1,2026-07-31,B,6200.0
22,E-175,558054,2019,Chevrolet,Suburban,LT,SILVER,145713,No,"",2026-07-31,E,11400.0
0,M-022,558638,2017,Chevrolet,Suburban,1500 PREMIE,"",144193,No,"",2026-07-31,M,9500.0
21,B-228,557260,2014,Chevrolet,Suburban,LT,BLACK,184021,No,"",2026-07-31,B,3200.0
38,D-052,557191,2019,Chevrolet,Tahoe,LT,GRAY,151805,Yes,4.5,2026-07-31,D,14400.0
36,C-318,558448,2018,Chevrolet,Tahoe,LT,BLACK,113538,Yes,3.5,2026-07-31,C,14200.0
24,B-276,557559,2015,Chevrolet,Tahoe,LTZ,WHITE,348696,No,"",2026-07-31,B,4200.0
22,C-326,558549,2007,Chevrolet,Tahoe,LT,BLACK,233755,No,"",2026-07-31,C,2200.0
32,D-001,558522,2024,Chevrolet,Trailblazer,LS,BLUE,23074,Yes,4.4,2026-07-31,D,18000.0
23,B-064,558357,2024,Chevrolet,Trailblazer,LT,BLACK,112891,No,"",2026-07-31,B,12100.0
31,D-093,555710,2021,Chevrolet,Trailblazer,RS,WHITE,101586,Yes,4.2,2026-07-31,D,12200.0
36,C-314,558197,2023,Chevrolet,Traverse,LT CLOTH,WHITE,49435,Yes,3.4,2026-07-31,C,21800.0
33,B-258,558092,2023,Chevrolet,Traverse,RS,WHITE,36862,Yes,4.5,2026-07-31,B,32500.0
40,A-059,557571,2020,Chevrolet,Traverse,LS,SILVER,98002,Yes,3.0,2026-07-31,A,10600.0
41,F-105,557505,2019,Chevrolet,Traverse,LT CLOTH,SILVER,98670,Yes,3.4,2026-07-31,F,9300.0
48,C-104,557725,2019,Chevrolet,Traverse,Premier,SILVER,125807,Yes,3.0,2026-07-31,C,12600.0
22,F-104,557499,2017,Chevrolet,Traverse,LT,SILVER,123269,No,"",2026-07-31,F,5500.0
22,B-036.2,558241,2015,Chevrolet,Traverse,LS,BLUE,166131,No,"",2026-07-31,B,1300.0
31,E-111.2,558529,2026,Chevrolet,Trax,2RS,BLUE,3189,Yes,5.0,2026-07-31,E,22200.0
34,C-285,558082,2024,Chevrolet,Trax,2RS,RED,41451,Yes,4.3,2026-07-31,C,18000.0
36,B-033,557798,2020,Chevrolet,Trax,LS,SILVER,63701,Yes,4.4,2026-07-31,B,7300.0
37,F-152,557388,2019,Chevrolet,Trax,LT,BLACK,104448,Yes,3.6,2026-07-31,F,4800.0
21,B-165,556164,2019,Chevrolet,Trax,LT,SILVER,51975,No,"",2026-07-31,B,6000.0
22,F-009,558160,2017,Chevrolet,Volt,Premier,BLUE,214640,No,"",2026-07-31,F,1400.0
23,B-142,557459,2015,Chrysler,200,Limited,SILVER,160766,No,"",2026-07-31,B,1400.0
21,B-072,558331,2021,Chrysler,300,300S,RED,83510,No,"",2026-07-31,B,18900.0
49,A-222,556832,2015,Chrysler,300,Limited,BLUE,130013,Yes,3.7,2026-07-31,A,5000.0
22,F-306,558628,2014,Chrysler,300,4DR SDN,WHITE,129671,No,"",2026-07-31,F,1900.0
22,F-179,556313,2006,Chrysler,300,4DR SDN 300,BLACK,93022,No,"",2026-07-31,F,1300.0
35,B-292,556949,2023,Chrysler,Pacifica,Touring L,WHITE,71462,Yes,4.4,2026-07-31,B,17200.0
43,F-136,557612,2021,Chrysler,Pacifica,HYBRID TOUR,RED,74465,Yes,3.0,2026-07-31,F,15800.0
21,E-170,557166,2021,Chrysler,Pacifica,Limited,GRAY,99431,No,"",2026-07-31,E,17200.0
21,F-305,558627,2020,Chrysler,Pacifica,Touring,BLACK,87784,No,"",2026-07-31,F,10200.0
0,M-024,558642,2017,Chrysler,Pacifica,Touring L,"",97764,No,"",2026-07-31,M,5000.0
22,D-230,558150,2009,Chrysler,PT Cruiser,4DR WGN,SILVER,123573,No,"",2026-07-31,D,700.0
0,A-827,558694,2008,Chrysler,PT Cruiser,"","",76968,No,"",2026-07-31,A,650.0
41,E-014,558131,2008,Chrysler,PT Cruiser,2DR CONV,WHITE,76968,Yes,3.5,2026-07-31,E,600.0
48,B-023,557878,2007,Chrysler,PT Cruiser,TOURING,WHITE,85755,Yes,3.0,2026-07-31,B,600.0
43,E-115,558325,2015,Chrysler,Town & Country,TOURI,WHITE,183977,Yes,3.0,2026-07-31,E,1500.0
21,F-005,558154,2015,Chrysler,Town & Country,TOURI,TAN,150229,No,"",2026-07-31,F,2100.0
21,B-166.2,558432,2005,Chrysler,Town & Country,4DR S,RED,133879,No,"",2026-07-31,B,700.0
50,D-114,557338,2013,Dodge,Avenger,SXT,BLUE,152045,Yes,3.0,2026-07-31,D,700.0
0,A-833,558709,2013,Dodge,Avenger,SXT,"",152045,No,"",2026-07-31,A,650.0
40,B-275,557557,2021,Dodge,Challenger,SXT,BLACK,84883,Yes,3.0,2026-07-31,B,13000.0
22,E-261,555813,2017,Dodge,Challenger,R/T SCAT,GRAY,85628,No,"",2026-07-31,E,20100.0
22,E-239,554755,2012,Dodge,Challenger,R/T CLASS,RED,161349,No,"",2026-07-31,E,3200.0
33,X-042,552602,2011,Dodge,Challenger,2DR CPE,RED,198848,Yes,0.5,2026-07-31,X,600.0
0,A-809,558738,2011,Dodge,Challenger,SE,"",198848,No,"",2026-07-31,A,650.0
0,A-813,558746,2009,Dodge,Challenger,SE,"",327240,No,"",2026-07-31,A,650.0
7,X-071,557195,2009,Dodge,Challenger,SE,BLACK,327240,No,"",2026-07-31,X,600.0
35,E-147,558038,2023,Dodge,Charger,SXT,BLACK,47243,Yes,4.5,2026-07-31,E,21600.0
31,X-010,551874,2023,Dodge,Charger,SXT,BLACK,69343,Yes,0.5,2026-07-31,X,7500.0
21,E-205,557172,2022,Dodge,Charger,GT,RED,105746,No,"",2026-07-31,E,12000.0
22,E-189,557687,2020,Dodge,Charger,SCAT PACK,GREEN,90570,No,"",2026-07-31,E,20000.0
23,E-183,557685,2019,Dodge,Charger,SXT,GREEN,87053,No,"",2026-07-31,E,10400.0
31,F-225,555861,2018,Dodge,Charger,DAYTONA 392,WHITE,99413,Yes,4.2,2026-07-31,F,23400.0
22,B-129,557394,2018,Dodge,Charger,GT,BLACK,95575,No,"",2026-07-31,B,11000.0
44,C-272,557947,2018,Dodge,Charger,SXT Plus,BLUE,123183,Yes,3.6,2026-07-31,C,8200.0
21,B-075,558337,2017,Dodge,Charger,SXT,BLACK,129436,No,"",2026-07-31,B,7100.0
22,B-068,558352,2016,Dodge,Charger,R/T,WHITE,108486,No,"",2026-07-31,B,12600.0
22,B-188,557895,2016,Dodge,Charger,SXT,PURPLE,109521,No,"",2026-07-31,B,8800.0
22,C-184,557320,2013,Dodge,Charger,SXT PLUS,WHITE,190732,No,"",2026-07-31,C,2200.0
33,X-005,555891,2012,Dodge,Charger,SE,GRAY,215721,Yes,0.5,2026-07-31,X,600.0
0,A-802,558723,2012,Dodge,Charger,SE,"",215721,No,"",2026-07-31,A,650.0
22,B-102,556388,2008,Dodge,Dakota,TRX,BLACK,184127,No,"",2026-07-31,B,1000.0
22,C-059,558375,2015,Dodge,Dart,GT,BLUE,199219,No,"",2026-07-31,C,700.0
7,X-077,557422,2015,Dodge,Dart,SXT,GRAY,174975,No,"",2026-07-31,X,600.0
0,A-814,558749,2015,Dodge,Dart,SXT,"",174975,No,"",2026-07-31,A,650.0
41,A-033,556702,2022,Dodge,Durango,GT,WHITE,61954,Yes,3.3,2026-07-31,A,22000.0
35,C-286,558083,2021,Dodge,Durango,GT,BLUE,114572,Yes,4.3,2026-07-31,C,15800.0
40,C-321,558442,2020,Dodge,Durango,GT PLUS,GRAY,110842,Yes,3.6,2026-07-31,C,12400.0
22,B-070.1,558550,2018,Dodge,Durango,GT,BLACK,144133,No,"",2026-07-31,B,8100.0
22,E-164,558068,2017,Dodge,Durango,GT,WHITE,100200,No,"",2026-07-31,E,11600.0
40,D-022,557906,2014,Dodge,Durango,Limited,SILVER,137231,Yes,3.5,2026-07-31,D,3400.0
22,F-313,557051,2012,Dodge,Durango,SXT,BLUE,98977,No,"",2026-07-31,F,4300.0
22,C-076,557531,2011,Dodge,Durango,Crew,BLACK,161561,No,"",2026-07-31,C,1000.0
46,E-122,558206,2019,Dodge,Grand Caravan,SXT,BLACK,89853,Yes,2.3,2026-07-31,E,3100.0
5,B-063,558343,2017,Dodge,Grand Caravan,SE,SILVER,101368,No,"",2026-07-31,B,6000.0
22,E-276,556229,2013,Dodge,Grand Caravan,SE,BLUE,189132,No,"",2026-07-31,E,700.0
42,E-024,558416,2010,Dodge,Grand Caravan,SE,SILVER,130483,Yes,3.6,2026-07-31,E,1000.0
21,B-061,558340,2020,Dodge,Journey,SE Value,BLACK,77543,No,"",2026-07-31,B,7400.0
44,F-129,558101,2018,Dodge,Journey,Crossroad,BLACK,123268,Yes,3.0,2026-07-31,F,3900.0
52,F-023,554878,2018,Dodge,Journey,SE,BLACK,140353,Yes,3.0,2026-07-31,F,2700.0
37,D-025,557630,2018,Dodge,Journey,SE,RED,138966,Yes,3.8,2026-07-31,D,4400.0
22,B-226,557261,2014,Dodge,Journey,AMERICAN VAL,BLUE,191721,No,"",2026-07-31,B,600.0
22,F-196.3,558527,2010,Dodge,Journey,SE,BLACK,144697,No,"",2026-07-31,F,600.0
53,E-072,558384,2008,Dodge,Ram 1500,SLT,WHITE,164202,Yes,3.0,2026-07-31,E,2700.0
52,B-040,558255,2014,Fiat,500L,Pop,WHITE,100084,Yes,3.0,2026-07-31,B,1100.0
41,F-292,558274,2016,Fiat,500X,Easy,GREEN,72812,Yes,3.2,2026-07-31,F,2400.0
37,E-228,558611,2024,Ford,Bronco,Wildtrak,RED,28009,Yes,4.5,2026-07-31,E,45000.0
32,A-077,557278,2023,Ford,Bronco,BADLANDS,GREEN,48575,Yes,5.0,2026-07-31,A,38600.0
33,A-114,557610,2023,Ford,Bronco,BLACK DIAMOND,BLACK,69632,Yes,4.5,2026-07-31,A,32800.0
35,B-289,551766,2025,Ford,Bronco Sport,BIG BEN,GRAY,6812,Yes,4.1,2026-07-31,B,22000.0
34,B-304,558234,2021,Ford,Bronco Sport,BASE 4X,SILVER,39856,Yes,4.5,2026-07-31,B,16500.0
36,D-067,557879,2013,Ford,C-Max,HYBRID SE,BLUE,120550,Yes,4.4,2026-07-31,D,2800.0
20,E-204,557173,2006,Ford,Crown Victoria,"",WHITE,157062,No,"",2026-07-31,E,700.0
36,F-165,558512,2022,Ford,EcoSport,S,GRAY,43425,Yes,4.5,2026-07-31,F,12500.0
37,M-025,554486,2020,Ford,EcoSport,SE,BLUE,55741,Yes,3.7,2026-07-31,M,6000.0
22,F-042,554801,2018,Ford,EcoSport,S,BLACK,203549,No,"",2026-07-31,F,1500.0
9,X-108,556359,2024,Ford,Edge,SEL,BLACK,194487,No,"",2026-07-31,X,4600.0
36,D-168,557767,2022,Ford,Edge,Titanium,SILVER,85562,Yes,4.5,2026-07-31,D,13400.0
38,F-039,554814,2020,Ford,Edge,SEL,GRAY,74637,Yes,3.9,2026-07-31,F,8400.0
8,X-068,552727,2019,Ford,Edge,SE,GRAY,119626,No,"",2026-07-31,X,2300.0
36,M-011,552542,2018,Ford,Edge,Titanium,WHITE,81634,Yes,3.7,2026-07-31,M,6500.0
40,C-106,557779,2017,Ford,Edge,SE,GRAY,135286,Yes,3.3,2026-07-31,C,4800.0
8,X-092,558039,2017,Ford,Edge,SEL,WHITE,101311,No,"",2026-07-31,X,1700.0
40,A-007,557296,2017,Ford,Edge,Titanium,WHITE,95927,Yes,3.4,2026-07-31,A,6600.0
23,B-123,557365,2015,Ford,Edge,Titanium,BLACK,134682,No,"",2026-07-31,B,5000.0
8,X-100,558461,2014,Ford,Edge,SE,WHITE,258724,No,"",2026-07-31,X,600.0
0,A-823,558760,2014,Ford,Edge,SE,"",258724,No,"",2026-07-31,A,650.0
0,A-817,558752,2013,Ford,Edge,Limited,"",171434,No,"",2026-07-31,A,650.0
9,X-087,557781,2013,Ford,Edge,Limited,WHITE,171434,No,"",2026-07-31,X,600.0
38,E-096,557939,2013,Ford,Edge,SEL,BROWN,127283,Yes,4.1,2026-07-31,E,5200.0
22,F-010,556039,2010,Ford,Edge,Limited,GRAY,174851,No,"",2026-07-31,F,2200.0
0,X-084,557532,2010,Ford,Edge,Limited,BLACK,166911,No,"",2026-07-31,X,600.0
0,A-816,558751,2010,Ford,Edge,Limited,"",166911,No,"",2026-07-31,A,650.0
49,M-007,556565,2020,Ford,Escape,S,BLACK,70410,Yes,3.0,2026-07-31,M,6500.0
44,A-204,558540,2020,Ford,Escape,SE,ORANGE,61694,Yes,3.0,2026-07-31,A,8200.0
46,C-263,548989,2020,Ford,Escape,SEL,BLACK,49460,Yes,3.0,2026-07-31,C,9800.0
22,B-084,556741,2019,Ford,Escape,SEL,BLACK,95943,No,"",2026-07-31,B,4700.0
41,C-025,557102,2018,Ford,Escape,S,SILVER,109701,Yes,3.5,2026-07-31,C,4800.0
37,E-007,556540,2018,Ford,Escape,SE,GOLD,100015,Yes,4.0,2026-07-31,E,2100.0
22,B-138,557440,2018,Ford,Escape,SE,GRAY,146531,No,"",2026-07-31,B,3000.0
22,F-164,558507,2017,Ford,Escape,SE,WHITE,79042,No,"",2026-07-31,F,3900.0
39,E-274,554161,2017,Ford,Escape,SE,BLACK,103810,Yes,3.0,2026-07-31,E,4600.0
22,D-063,558367,2017,Ford,Escape,Titanium,GOLD,48607,No,"",2026-07-31,D,8400.0
41,C-328,558089,2017,Ford,Escape,Titanium,SILVER,83363,Yes,3.4,2026-07-31,C,7600.0
22,E-309,556528,2016,Ford,Escape,S,BLACK,112682,No,"",2026-07-31,E,2000.0
22,B-236,556534,2014,Ford,Escape,SE,BLACK,200278,No,"",2026-07-31,B,700.0
46,B-041,558257,2013,Ford,Escape,Titanium,BLACK,150076,Yes,3.0,2026-07-31,B,1600.0
21,C-186,557334,2012,Ford,Escape,XLT,BLACK,138606,No,"",2026-07-31,C,700.0
35,E-133,557079,2011,Ford,Escape,XLT,RED,109497,Yes,3.1,2026-07-31,E,2000.0
34,B-016,558418,2024,Ford,Expedition,Limited,BLACK,41899,Yes,4.3,2026-07-31,B,42200.0
39,B-013,557915,2020,Ford,Expedition,Limited,BLACK,42708,Yes,3.9,2026-07-31,B,26000.0
35,C-111,557780,2019,Ford,Expedition,XLT,BLUE,121609,Yes,4.3,2026-07-31,C,13000.0
47,E-044,558430,2008,Ford,Expedition,EDDIE BAU,BROWN,189867,Yes,3.3,2026-07-31,E,2700.0
22,A-223,558489,2006,Ford,Expedition,Limited,BLACK,216778,No,"",2026-07-31,A,600.0
53,C-103,557726,2005,Ford,Expedition,SPECIAL S,WHITE,225650,Yes,3.0,2026-07-31,C,600.0
44,E-099,557417,2017,Ford,Expedition EL,LIMITE,WHITE,132341,Yes,3.7,2026-07-31,E,11000.0
22,F-205,558412,2017,Ford,Expedition EL,XLT,BLACK,167212,No,"",2026-07-31,F,4800.0
40,A-006,557295,2021,Ford,Explorer,Base,WHITE,81368,Yes,4.3,2026-07-31,A,13000.0
35,B-058,557023,2021,Ford,Explorer,Platinum,BLACK,59226,Yes,3.5,2026-07-31,B,24600.0
38,C-145,557547,2021,Ford,Explorer,ST,BLACK,67571,Yes,4.2,2026-07-31,C,25000.0
33,E-270,556225,2020,Ford,Explorer,Limited,WHITE,68680,Yes,3.3,2026-07-31,E,18000.0
35,E-219,555355,2020,Ford,Explorer,XLT,WHITE,81436,Yes,3.8,2026-07-31,E,14000.0
40,F-338,558288,2020,Ford,Explorer,XLT,BLUE,145327,Yes,4.0,2026-07-31,F,7400.0
38,C-284,558079,2019,Ford,Explorer,XLT,WHITE,121430,Yes,4.0,2026-07-31,C,9000.0
42,B-003,557931,2018,Ford,Explorer,XLT,BLACK,132993,Yes,3.7,2026-07-31,B,8700.0
22,B-239,557654,2017,Ford,Explorer,Base,RED,130848,No,"",2026-07-31,B,3600.0
21,B-057,557577,2017,Ford,Explorer,Limited,WHITE,158801,No,"",2026-07-31,B,7300.0
22,B-260,558004,2016,Ford,Explorer,Sport,WHITE,105964,No,"",2026-07-31,B,9800.0
22,E-289,549428,2016,Ford,Explorer,XLT,BLACK,132255,No,"",2026-07-31,E,6100.0
47,M-005,556186,2015,Ford,Explorer,Limited,BLACK,105370,Yes,3.0,2026-07-31,M,5000.0
23,B-163,557598,2015,Ford,Explorer,Limited,BLACK,102030,No,"",2026-07-31,B,9600.0
22,C-074,557515,2014,Ford,Explorer,XLT,BLACK,105435,No,"",2026-07-31,C,5400.0
39,E-074,558382,2007,Ford,Explorer,XLT,TAN,83308,Yes,4.3,2026-07-31,E,4000.0
22,F-161,558504,2008,Ford,Explorer Sport Trac,"",BLUE,103713,No,"",2026-07-31,F,4300.0
22,F-026,558133,2008,Ford,Explorer Sport Trac,"",WHITE,137341,No,"",2026-07-31,F,4900.0
38,G-020,557593,2025,Ford,F150,XLT,BLACK,14970,Yes,4.6,2026-07-31,G,41200.0
34,E-091,558203,2023,Ford,F150,KING RANCH,GRAY,24455,Yes,4.6,2026-07-31,E,51000.0
38,E-089,558208,2023,Ford,F150,XL,WHITE,41263,Yes,3.4,2026-07-31,E,30000.0
46,C-267,557698,2021,Ford,F150,LARIAT,BLACK,115832,Yes,3.7,2026-07-31,C,25400.0
34,B-010,557917,2020,Ford,F150,XLT,GRAY,58556,Yes,4.5,2026-07-31,B,18800.0
37,B-308,553855,2019,Ford,F150,LARIAT,WHITE,77471,Yes,4.3,2026-07-31,B,20500.0
38,E-293,556263,2019,Ford,F150,LARIAT,GRAY,93640,Yes,3.8,2026-07-31,E,21400.0
37,C-302,557635,2019,Ford,F150,XLT,RED,112379,Yes,4.3,2026-07-31,C,18800.0
52,A-120,556571,2019,Ford,F150,XLT,WHITE,100862,Yes,4.2,2026-07-31,A,12400.0
0,O-003,558835,2018,Ford,F150,XL,SILVER,146899,No,"",2026-07-31,O,11315.0
23,F-019,557664,2018,Ford,F150,XLT,SILVER,213651,No,"",2026-07-31,F,5500.0
47,F-048,558040,2018,Ford,F150,XLT,GRAY,141836,Yes,4.1,2026-07-31,F,12600.0
22,C-079,557633,2018,Ford,F150,XLT,BLACK,166763,No,"",2026-07-31,C,9500.0
39,E-052,558003,2018,Ford,F150,XLT,BLUE,119306,Yes,3.6,2026-07-31,E,16200.0
37,C-108,556768,2017,Ford,F150,LARIAT,RED,105554,Yes,3.6,2026-07-31,C,17900.0
43,C-235,556841,2017,Ford,F150,XL,GRAY,91301,Yes,3.6,2026-07-31,C,15200.0
22,E-245,555368,2017,Ford,F150,XLT,WHITE,165243,No,"",2026-07-31,E,8000.0
22,E-098,557927,2016,Ford,F150,LARIAT,WHITE,202612,No,"",2026-07-31,E,7000.0
41,C-273,557964,2016,Ford,F150,XL,WHITE,159922,Yes,3.3,2026-07-31,C,9200.0
39,E-063,558481,2016,Ford,F150,XL,BLACK,185662,Yes,3.6,2026-07-31,E,3800.0
10,B-121,557360,2016,Ford,F150,XL,WHITE,109771,No,"",2026-07-31,B,10400.0
44,F-234,554612,2016,Ford,F150,XLT,BLACK,73231,Yes,3.0,2026-07-31,F,13000.0
41,C-119,551436,2015,Ford,F150,XLT,WHITE,135713,Yes,3.0,2026-07-31,C,9100.0
22,F-215,558302,2014,Ford,F150,STX,GRAY,126064,No,"",2026-07-31,F,9000.0
55,F-059,554462,2013,Ford,F150,LARIAT,BROWN,265203,Yes,3.0,2026-07-31,F,2600.0
35,E-050,558166,2013,Ford,F150,XLT,BLUE,142923,Yes,4.0,2026-07-31,E,11800.0
22,B-287,551767,2013,Ford,F150,XLT,WHITE,181578,No,"",2026-07-31,B,3200.0
22,B-197,557816,2012,Ford,F150,FX4,BLACK,142560,No,"",2026-07-31,B,14200.0
38,D-036,557186,2011,Ford,F150,XLT,GRAY,201711,Yes,3.0,2026-07-31,D,4600.0
22,C-250,557486,2008,Ford,F150,XL,BLACK,163172,No,"",2026-07-31,C,5900.0
22,E-212,558281,2008,Ford,F150,XLT,BLACK,221643,No,"",2026-07-31,E,1600.0
43,D-136,557376,2008,Ford,F150,XLT,BROWN,143070,Yes,3.0,2026-07-31,D,6800.0
42,X-015,556732,2007,Ford,F150,XL,WHITE,166286,Yes,0.0,2026-07-31,X,600.0
0,A-806,558731,2007,Ford,F150,XL,"",166286,No,"",2026-07-31,A,650.0
22,F-027,558139,2006,Ford,F150,XL,GREEN,164141,No,"",2026-07-31,F,2300.0
21,B-218,556864,2006,Ford,F150,XLT,BLUE,134602,No,"",2026-07-31,B,1500.0
21,F-033,558217,2003,Ford,F150,XLT,RED,183824,No,"",2026-07-31,F,3100.0
21,E-023,558413,2002,Ford,F150,XL,WHITE,1,No,"",2026-07-31,E,1400.0
22,F-018,557662,2001,Ford,F150,XL,GOLD,145598,No,"",2026-07-31,F,1700.0
0,A-820,558757,2000,Ford,F150,SUPERBAC 139,"",1,No,"",2026-07-31,A,650.0
8,X-093,558048,2000,Ford,F150,"SUPERCAB 139""",WHITE,1,No,"",2026-07-31,X,600.0
21,B-217,557541,1994,Ford,F150,"117"" WB",BLUE,1,No,"",2026-07-31,B,3000.0
38,A-096,554424,2019,Ford,F250SD,"",SILVER,98174,Yes,4.0,2026-07-31,A,42000.0
22,F-037,556479,2017,Ford,F250SD,"",BLACK,153502,No,"",2026-07-31,F,14000.0
22,E-049,558171,2006,Ford,F250SD,"",WHITE,288381,No,"",2026-07-31,E,2400.0
41,C-222,551673,2005,Ford,F250SD,"",BLUE,171530,Yes,3.0,2026-07-31,C,3400.0
50,E-055,558017,2016,Ford,F350SD,"",BLACK,174474,Yes,3.0,2026-07-31,E,22500.0
0,M-027,558682,2015,Ford,F350SD,"","",277010,No,"",2026-07-31,M,800.0
0,X-086,557586,2008,Ford,F350SD,"",RED,337683,No,"",2026-07-31,X,800.0
37,F-153,557430,2016,Ford,Fiesta,SE,RED,110195,Yes,3.7,2026-07-31,F,1700.0
41,D-086,557617,2015,Ford,Fiesta,S,SILVER,88236,Yes,4.3,2026-07-31,D,2200.0
5,D-006,556154,2015,Ford,Fiesta,SE,WHITE,109880,No,"",2026-07-31,D,2000.0
39,F-133,557627,2014,Ford,Fiesta,SE,RED,78554,Yes,3.9,2026-07-31,F,2800.0
21,C-204,558262,2011,Ford,Fiesta,SE,BLUE,337349,No,"",2026-07-31,C,600.0
23,C-030,557217,2011,Ford,Fiesta,SE,GREEN,179420,No,"",2026-07-31,C,700.0
38,D-115,557341,2017,Ford,Focus,SE,SILVER,81165,Yes,3.1,2026-07-31,D,4000.0
22,B-086,557904,2016,Ford,Focus,SE,RED,123967,No,"",2026-07-31,B,2500.0
44,D-015,558111,2016,Ford,Focus,Titanium,BLUE,142071,Yes,3.0,2026-07-31,D,700.0
0,A-828,558696,2016,Ford,Focus,Titanium,"",142071,No,"",2026-07-31,A,650.0
22,F-307,558629,2015,Ford,Focus,SE,GRAY,120856,No,"",2026-07-31,F,1000.0
0,A-819,558754,2012,Ford,Focus,SE,"",183049,No,"",2026-07-31,A,650.0
7,X-090,558018,2012,Ford,Focus,SE,RED,183049,No,"",2026-07-31,X,600.0
45,C-050,557240,2020,Ford,Fusion,SE,GRAY,186080,Yes,3.3,2026-07-31,C,3400.0
42,A-015,557290,2018,Ford,Fusion,HYBRID TITANI,SILVER,157332,Yes,3.0,2026-07-31,A,2100.0
34,E-117,557893,2017,Ford,Fusion,SE,WHITE,126609,Yes,3.0,2026-07-31,E,1500.0
47,B-036,558242,2016,Ford,Fusion,ENERGI TITANI,GRAY,135133,Yes,3.4,2026-07-31,B,2000.0
28,D-216,557177,2016,Ford,Fusion,SE,BROWN,129309,Yes,"",2026-07-31,D,4400.0
21,B-293,558221,2016,Ford,Fusion,Titanium,BLACK,142029,No,"",2026-07-31,B,2300.0
43,D-146,557441,2014,Ford,Fusion,HYBRID TITANI,BLACK,168953,Yes,3.3,2026-07-31,D,2800.0
41,B-038,558246,2014,Ford,Fusion,Titanium,BLUE,100301,Yes,3.4,2026-07-31,B,2000.0
22,B-242,558310,2013,Ford,Fusion,SE,BLACK,185488,No,"",2026-07-31,B,1500.0
41,B-037,558256,2012,Ford,Fusion,HYBRID 4DR SD,BLUE,118626,Yes,3.0,2026-07-31,B,3200.0
44,B-303,558236,2012,Ford,Fusion,SE,GRAY,185024,Yes,3.0,2026-07-31,B,800.0
21,X-028,552479,2023,Ford,Maverick,XL,WHITE,87387,Yes,2.3,2026-07-31,X,11000.0
48,E-284,558085,2023,Ford,Maverick,XLT,GRAY,40643,Yes,4.0,2026-07-31,E,21500.0
36,F-336,558286,2022,Ford,Maverick,LARIAT,BLACK,107655,Yes,4.7,2026-07-31,F,14000.0
32,A-168,556419,2025,Ford,Mustang,GT FASTBACK,BLACK,5715,Yes,4.8,2026-07-31,A,41000.0
36,D-045,557058,2020,Ford,Mustang,ECOBOOST FAS,BLUE,82847,Yes,4.9,2026-07-31,D,17000.0
22,B-119,557366,2016,Ford,Mustang,ECOBOOST,YELLOW,190979,No,"",2026-07-31,B,6400.0
20,E-207,557169,2016,Ford,Mustang,ECOBOOST,BLACK,148586,No,"",2026-07-31,E,6200.0
22,B-240,558309,2016,Ford,Mustang,ECOBOOST,BLACK,140076,No,"",2026-07-31,B,8200.0
37,A-199,558118,2016,Ford,Mustang,ECOBOOST,BLACK,128312,Yes,3.2,2026-07-31,A,7000.0
22,B-243,558361,2016,Ford,Mustang,GT Premium,WHITE,55467,No,"",2026-07-31,B,24500.0
39,C-290,556955,2015,Ford,Mustang,GT,BLACK,102977,Yes,3.0,2026-07-31,C,14000.0
23,C-167,557719,2010,Ford,Mustang,V6,GOLD,157939,No,"",2026-07-31,C,3000.0
22,B-136,557425,2005,Ford,Mustang,GT DELUXE,SILVER,104255,No,"",2026-07-31,B,6000.0
48,E-067,558491,2019,Ford,Ranger,XLT,GRAY,75472,Yes,3.0,2026-07-31,E,12000.0
43,E-092,558420,2009,Ford,SUPER DUTY F-450 DRW,"",WHITE,109770,Yes,3.0,2026-07-31,E,6400.0
45,E-054,556246,2020,Ford,T350 Vans,"",WHITE,98785,Yes,3.0,2026-07-31,E,18200.0
22,F-129.2,558570,2017,Ford,T350 Vans,"",WHITE,185091,No,"",2026-07-31,F,8800.0
38,E-101,557887,2017,Ford,Taurus,Limited,RED,93156,Yes,4.4,2026-07-31,E,9900.0
39,F-121,554443,2015,Ford,Taurus,Limited,GRAY,120464,Yes,3.0,2026-07-31,F,3800.0
8,X-102,558575,2014,Ford,Taurus,SEL,RED,275777,No,"",2026-07-31,X,600.0
0,A-825,558762,2014,Ford,Taurus,SEL,"",275777,No,"",2026-07-31,A,650.0
34,D-040,557183,2013,Ford,Taurus,Limited,WHITE,196959,Yes,3.8,2026-07-31,D,2800.0
22,F-068,558165,1999,Ford,Taurus,SE,SILVER,76743,No,"",2026-07-31,F,800.0
0,A-831,558704,2008,Ford,Taurus X,Limited,"",224326,No,"",2026-07-31,A,650.0
48,D-050,557158,2008,Ford,Taurus X,Limited,RED,224326,Yes,3.0,2026-07-31,D,700.0
34,C-195,557749,2021,Genesis,G80,2.5T,BLACK,54776,Yes,4.1,2026-07-31,C,24300.0
36,A-099,553099,2021,GMC,Acadia,Denali,GRAY,142913,Yes,3.7,2026-07-31,A,13200.0
38,D-226,556438,2020,GMC,Acadia,Denali,WHITE,71642,Yes,4.4,2026-07-31,D,18600.0
36,E-159,557705,2020,GMC,Acadia,SLT,BLACK,87423,Yes,3.8,2026-07-31,E,14800.0
37,C-027,557106,2018,GMC,Acadia,SLT,WHITE,85717,Yes,4.3,2026-07-31,C,12000.0
22,B-032,557794,2015,GMC,Acadia,SLE,WHITE,162014,No,"",2026-07-31,B,2900.0
22,D-229,558147,2015,GMC,Acadia,SLT,GOLD,99398,No,"",2026-07-31,D,6400.0
22,B-256,557814,1997,GMC,C/K1500,"",WHITE,114738,No,"",2026-07-31,B,4000.0
31,E-256,557673,2024,GMC,Canyon,AT4X,GRAY,16626,Yes,4.8,2026-07-31,E,44250.0
35,C-160,558269,2021,GMC,Canyon, ELEVATION,BLACK,93027,Yes,4.4,2026-07-31,C,16000.0
5,Q-002,557209,2024,GMC,Savana Cargo,VAN,WHITE,15052,No,"",2026-07-31,Q,26000.0
32,A-251,556245,2023,GMC,Sierra 1500,DENALI U,GRAY,67323,Yes,4.9,2026-07-31,A,47000.0
36,E-094,557914,2021,GMC,Sierra 1500,ELEVATIO,WHITE,64677,Yes,4.5,2026-07-31,E,34400.0
42,C-237,551702,2021,GMC,Sierra 1500,SLT,WHITE,118915,Yes,3.0,2026-07-31,C,22800.0
22,B-261,558363,2019,GMC,Sierra 1500,SLT,BLACK,78952,No,"",2026-07-31,B,27800.0
44,F-337,558275,2017,GMC,Sierra 1500,SLT,GRAY,174374,Yes,3.7,2026-07-31,F,11400.0
21,C-165,558305,2016,GMC,Sierra 1500, DOUB,BLACK,181159,No,"",2026-07-31,C,7800.0
21,A-143,556978,2016,GMC,Sierra 1500,SLT,BLACK,91139,Yes,3.4,2026-07-31,A,23000.0
44,A-013,553555,2016,GMC,Sierra 1500,SLT,RED,134330,Yes,3.0,2026-07-31,A,14400.0
42,C-120,557310,2014,GMC,Sierra 1500,SLE,BLACK,115053,Yes,4.0,2026-07-31,C,10100.0
45,A-005,557294,2012,GMC,Sierra 1500,SLE,SILVER,191650,Yes,3.0,2026-07-31,A,3600.0
22,B-223,558456,2011,GMC,Sierra 1500,SL,GREEN,166227,No,"",2026-07-31,B,6700.0
22,C-332,558610,2011,GMC,Sierra 1500,SLE,SILVER,159749,No,"",2026-07-31,C,7700.0
35,B-280,557572,2022,GMC,Sierra 1500 LTD,"",BLACK,32014,Yes,4.5,2026-07-31,B,37000.0
21,E-077,556940,2016,GMC,Sierra 2500,2500HD DENALI,BLACK,226647,No,"",2026-07-31,E,16000.0
32,C-319,558438,2023,GMC,Terrain,SLE,WHITE,64882,Yes,4.7,2026-07-31,C,16400.0
22,C-013,557852,2019,GMC,Terrain,SLE,BROWN,93405,No,"",2026-07-31,C,10000.0
22,F-239,557646,2014,GMC,Terrain,SLE,BLUE,226422,No,"",2026-07-31,F,900.0
22,F-262,557758,2013,GMC,Terrain,SLE,GRAY,111518,No,"",2026-07-31,F,3300.0
36,A-089,557588,2021,GMC,Yukon,Denali,WHITE,126671,Yes,4.7,2026-07-31,A,28800.0
39,C-253,555532,2021,GMC,Yukon XL,SLT,BLACK,104744,Yes,3.2,2026-07-31,C,25200.0
22,C-172,557326,2018,GMC,Yukon XL,DENALI,WHITE,136446,No,"",2026-07-31,C,16000.0
37,G-008,557226,2023,Honda,Accord,HYBRID TOURIN,WHITE,77511,Yes,4.5,2026-07-31,G,23400.0
38,M-017,556954,2022,Honda,Accord,SEDAN SPORT,SILVER,45297,Yes,3.9,2026-07-31,M,21000.0
41,C-155,558266,2021,Honda,Accord,SEDAN SPORT S,BLACK,120470,Yes,3.6,2026-07-31,C,13000.0
37,B-296,558222,2020,Honda,Accord,SEDAN SPORT,WHITE,62345,Yes,3.2,2026-07-31,B,16800.0
39,F-078,557095,2018,Honda,Accord,SEDAN LX 1.5T,WHITE,78452,Yes,4.2,2026-07-31,F,14800.0
21,B-177,557835,2016,Honda,Accord,SEDAN LX,BLUE,107683,No,"",2026-07-31,B,10000.0
50,E-130,557944,2016,Honda,Accord,SEDAN TOURING,BLACK,249795,Yes,3.0,2026-07-31,E,2800.0
40,F-141,557389,2015,Honda,Accord,SEDAN LX,BLACK,127920,Yes,3.0,2026-07-31,F,5600.0
21,C-191,557330,2014,Honda,Accord,SEDAN LX,SILVER,154683,No,"",2026-07-31,C,2700.0
22,D-149,557455,2014,Honda,Accord,SEDAN SPORT,BURGUNDY,217226,No,"",2026-07-31,D,3200.0
53,F-131,558049,2012,Honda,Accord,SDN LX PREMIU,BLUE,91497,Yes,3.0,2026-07-31,F,3500.0
43,B-012,557913,2011,Honda,Accord,SDN EX-L,SILVER,165110,Yes,3.0,2026-07-31,B,2200.0
23,E-027,558531,2005,Honda,Accord,SDN EX-L V6,GRAY,164905,No,"",2026-07-31,E,600.0
38,C-034,555576,2020,Honda,Civic,SEDAN LX,RED,87538,Yes,3.6,2026-07-31,C,10800.0
43,F-245,551507,2020,Honda,Civic,SEDAN SPORT,BLACK,66251,Yes,3.0,2026-07-31,F,12400.0
52,M-016,556253,2020,Honda,Civic,SI SEDAN MANUA,SILVER,36306,Yes,3.0,2026-07-31,M,15500.0
36,C-131,557309,2019,Honda,Civic,SEDAN SPORT,WHITE,94661,Yes,4.3,2026-07-31,C,13800.0
22,B-108,554676,2017,Honda,Civic,HATCHBACK EX,BLUE,158285,No,"",2026-07-31,B,7600.0
22,F-236,555885,2017,Honda,Civic,SEDAN LX,BLACK,101507,No,"",2026-07-31,F,8900.0
23,C-051,558368,2016,Honda,Civic,SEDAN EX-L,WHITE,55877,No,"",2026-07-31,C,13200.0
20,F-085,557123,2014,Honda,Civic,SEDAN EX-L,WHITE,150285,No,"",2026-07-31,F,6200.0
22,B-183,557838,2014,Honda,Civic,SEDAN LX,BLACK,255246,No,"",2026-07-31,B,1700.0
46,D-081,551817,2013,Honda,Civic,SDN SI,BLUE,108215,Yes,3.0,2026-07-31,D,6800.0
23,B-110,555279,2012,Honda,Civic,SDN LX,SILVER,1,No,"",2026-07-31,B,3400.0
42,C-274,557972,2011,Honda,Civic,SDN EX,WHITE,109212,Yes,3.3,2026-07-31,C,5200.0
23,C-055,557855,2009,Honda,Civic,SDN LX,RED,116580,No,"",2026-07-31,C,5800.0
32,F-273,557715,2024,Honda,CR-V,HYBRID SPORT-L,BLACK,29938,Yes,4.9,2026-07-31,F,28800.0
37,C-275,558000,2024,Honda,CR-V,LX,BLACK,107516,Yes,3.0,2026-07-31,C,19000.0
32,D-135,557377,2023,Honda,CR-V,HYBRID SPORT TO,WHITE,39240,Yes,4.3,2026-07-31,D,27600.0
33,B-007,557933,2023,Honda,CR-V,HYBRID SPORT TO,SILVER,51821,Yes,4.6,2026-07-31,B,28600.0
22,Q-006,557883,2021,Honda,CR-V,EX-L,BLACK,81149,No,"",2026-07-31,Q,22200.0
39,D-163,557498,2018,Honda,CR-V,EX-L,BLACK,115386,Yes,3.0,2026-07-31,D,13400.0
22,B-144,557461,2018,Honda,CR-V,EX-L,RED,154853,No,"",2026-07-31,B,10000.0
23,B-173,557791,2017,Honda,CR-V,EX-L,RED,132396,No,"",2026-07-31,B,11000.0
23,F-071,557097,2016,Honda,CR-V,EX,BLACK,112230,No,"",2026-07-31,F,10600.0
40,D-138,557379,2016,Honda,CR-V,EX,BLUE,135868,Yes,4.0,2026-07-31,D,10800.0
40,A-041,557300,2015,Honda,CR-V,EX,SILVER,142395,Yes,3.6,2026-07-31,A,8200.0
22,B-070.2,558348,2015,Honda,CR-V,EX-L,BLACK,186627,No,"",2026-07-31,B,6500.0
36,E-111.6,558547,2015,Honda,CR-V,LX,GRAY,72958,Yes,4.0,2026-07-31,E,12600.0
37,D-172,557763,2014,Honda,CR-V,LX,GRAY,148662,Yes,4.5,2026-07-31,D,6400.0
46,E-030,558410,2012,Honda,CR-V,EX-L,BLUE,187994,Yes,3.0,2026-07-31,E,3900.0
48,B-009,557916,2010,Honda,CR-V,EX-L,BLUE,165734,Yes,3.0,2026-07-31,B,3700.0
38,A-045,556472,2010,Honda,CR-V,LX,BURGUNDY,179599,Yes,3.0,2026-07-31,A,3200.0
22,F-109,557140,2017,Honda,Fit,LX,SILVER,78256,No,"",2026-07-31,F,9600.0
22,C-089,558395,2016,Honda,Fit,EX,SILVER,177176,No,"",2026-07-31,C,4700.0
40,D-140,557730,2013,Honda,Fit,Sport,BLACK,169133,Yes,3.0,2026-07-31,D,3200.0
39,D-128,555781,2009,Honda,Fit,Sport,WHITE,118604,Yes,3.4,2026-07-31,D,4400.0
35,F-207,558327,2022,Honda,HR-V,EX,WHITE,27253,Yes,4.4,2026-07-31,F,19600.0
46,D-137,557378,2018,Honda,HR-V,EX-L NAVI,RED,50693,Yes,3.3,2026-07-31,D,13600.0
22,F-129.5,558622,2016,Honda,HR-V,LX,SILVER,173006,No,"",2026-07-31,F,3900.0
48,C-109,557776,2010,Honda,Insight,LX,BLACK,202435,Yes,3.0,2026-07-31,C,1000.0
0,A-840,558716,2010,Honda,Insight,LX,"",202435,No,"",2026-07-31,A,650.0
42,A-085,555910,2020,Honda,Odyssey,Touring,BLUE,155416,Yes,3.7,2026-07-31,A,16400.0
43,M-018,551674,2016,Honda,Odyssey,EX,BROWN,124420,Yes,3.4,2026-07-31,M,5500.0
33,X-025,554605,2016,Honda,Odyssey,EX-L,GRAY,147037,Yes,1.6,2026-07-31,X,4300.0
22,F-176,554609,2013,Honda,Odyssey,EX-L,RED,334218,No,"",2026-07-31,F,900.0
35,E-004,558141,2024,Honda,Pilot,EX-L 8 PASSENG,WHITE,60099,Yes,4.5,2026-07-31,E,28000.0
38,A-136,557937,2021,Honda,Pilot,EX-L,SILVER,82889,Yes,4.6,2026-07-31,A,19800.0
22,F-076,553779,2019,Honda,Pilot,EX-L W/NAVI &,GRAY,115656,No,"",2026-07-31,F,9500.0
21,C-174,557322,2017,Honda,Pilot,EX,GREEN,108168,No,"",2026-07-31,C,9400.0
22,F-181,546331,2017,Honda,Pilot,EX-L,WHITE,153252,No,"",2026-07-31,F,7400.0
22,B-098.6,558070,2013,Honda,Pilot,EX,BLUE,139962,No,"",2026-07-31,B,7400.0
22,F-282,556017,2011,Honda,Pilot,LX,GRAY,130771,No,"",2026-07-31,F,5800.0
49,E-134,557083,2008,Honda,Pilot,EX-L,GREEN,187343,Yes,3.0,2026-07-31,E,900.0
23,B-152,557563,2016,Hyundai,Accent,SE,SILVER,106841,No,"",2026-07-31,B,2800.0
45,P-003,553522,2016,Hyundai,Accent,SE,SILVER,148065,Yes,2.0,2026-07-31,P,1300.0
22,E-031,558588,2013,Hyundai,Accent,GLS,BLACK,189673,No,"",2026-07-31,E,1700.0
22,E-163,558548,2013,Hyundai,Accent,GLS,BLACK,165932,No,"",2026-07-31,E,1700.0
47,D-157,557474,2013,Hyundai,Accent,SE,BROWN,197597,Yes,3.0,2026-07-31,D,800.0
42,D-131,557368,2012,Hyundai,Accent,GLS,SILVER,130918,Yes,3.0,2026-07-31,D,700.0
0,A-839,558714,2012,Hyundai,Accent,GLS,"",130918,No,"",2026-07-31,A,650.0
39,D-186,558524,2012,Hyundai,Azera,4DR SDN,SILVER,139875,Yes,3.9,2026-07-31,D,2000.0
39,D-071,557882,2020,Hyundai,Elantra,SEL,BLUE,81199,Yes,3.0,2026-07-31,D,7600.0
22,B-098.8,550297,2018,Hyundai,Elantra,SE,TAN,155140,No,"",2026-07-31,B,2200.0
22,C-197,557748,2018,Hyundai,Elantra,SEL,WHITE,144451,No,"",2026-07-31,C,3500.0
42,D-053,557154,2017,Hyundai,Elantra,LIMITED,TAN,160246,Yes,3.0,2026-07-31,D,3200.0
41,E-152,557706,2017,Hyundai,Elantra,SE,BLUE,149846,Yes,3.0,2026-07-31,E,3500.0
40,D-016,558107,2017,Hyundai,Elantra,SE,GRAY,158831,Yes,3.0,2026-07-31,D,3400.0
34,D-012,555517,2016,Hyundai,Elantra,GT 5DR HB AU,GRAY,118433,Yes,3.6,2026-07-31,D,3400.0
21,B-157,557562,2016,Hyundai,Elantra,LIMITED,GRAY,82344,No,"",2026-07-31,B,6000.0
23,F-129.3,558571,2016,Hyundai,Elantra,SE,WHITE,103681,No,"",2026-07-31,F,2800.0
47,E-071,558379,2015,Hyundai,Elantra,SE,RED,161424,Yes,3.0,2026-07-31,E,700.0
22,F-158,558097,2015,Hyundai,Elantra,SE,BLUE,170904,No,"",2026-07-31,F,600.0
22,F-196,558516,2014,Hyundai,Elantra,SE,RED,151436,No,"",2026-07-31,F,1300.0
23,C-170,557321,2013,Hyundai,Elantra,GLS,BLACK,192824,No,"",2026-07-31,C,1200.0
22,B-093,557567,2013,Hyundai,Elantra,GLS,BLACK,185134,No,"",2026-07-31,B,2000.0
22,B-162,557600,2008,Hyundai,Elantra,GLS,GOLD,133579,No,"",2026-07-31,B,1800.0
22,B-219,557804,2016,Hyundai,Genesis,3.8L,GRAY,193667,No,"",2026-07-31,B,3200.0
43,C-137,557834,2012,Hyundai,Genesis,3.8L,BLUE,143100,Yes,3.0,2026-07-31,C,3200.0
51,C-258,557689,2013,Hyundai,Genesis Coupe,2.0T R,WHITE,129021,Yes,3.0,2026-07-31,C,1200.0
10,X-103,557450,2017,Hyundai,Ioniq,HYBRID SEL,WHITE,108195,No,"",2026-07-31,X,1800.0
35,F-224,557651,2025,Hyundai,Kona,SE,GREEN,60076,Yes,3.0,2026-07-31,F,13200.0
33,D-041,557182,2021,Hyundai,Kona,SEL,GRAY,52842,Yes,4.5,2026-07-31,D,12600.0
21,F-086,557138,2019,Hyundai,Kona,SEL,ORANGE,145956,No,"",2026-07-31,F,6200.0
35,F-045,558151,2024,Hyundai,Palisade,SEL 7P,BLUE,35995,Yes,4.6,2026-07-31,F,28200.0
40,F-298,557740,2023,Hyundai,Palisade,Calligraphy,WHITE,83540,Yes,4.1,2026-07-31,F,25200.0
22,B-169,557801,2023,Hyundai,Palisade,Limited,RED,94908,No,"",2026-07-31,B,20600.0
37,F-004,555927,2023,Hyundai,Santa Cruz,Limited,BLUE,41365,Yes,4.3,2026-07-31,F,22500.0
38,G-014,557343,2024,Hyundai,Santa Fe,HYBRID LIMI,GRAY,44756,Yes,4.4,2026-07-31,G,28100.0
23,B-098.9,558355,2024,Hyundai,Santa Fe,Limited,WHITE,39395,No,"",2026-07-31,B,30200.0
42,E-242,557668,2023,Hyundai,Santa Fe,SE,GRAY,34466,Yes,3.9,2026-07-31,E,18500.0
37,A-075,557746,2022,Hyundai,Santa Fe,Limited,BLACK,110008,Yes,4.6,2026-07-31,A,15200.0
34,D-147,557444,2022,Hyundai,Santa Fe,SEL,GRAY,40153,Yes,4.0,2026-07-31,D,17000.0
40,F-088,557117,2019,Hyundai,Santa Fe,SEL,BLACK,84309,Yes,3.6,2026-07-31,F,10800.0
22,B-178,557842,2017,Hyundai,Santa Fe,SE,RED,84713,No,"",2026-07-31,B,7700.0
23,B-176,557802,2011,Hyundai,Santa Fe,Limited,SILVER,86502,No,"",2026-07-31,B,6000.0
22,B-140,557452,2009,Hyundai,Santa Fe,SE,BURGUNDY,192732,No,"",2026-07-31,B,1000.0
40,E-104,557403,2009,Hyundai,Santa Fe,SE,SILVER,124496,Yes,3.7,2026-07-31,E,4200.0
0,A-832,558707,2005,Hyundai,Santa Fe,GLS,"",204476,No,"",2026-07-31,A,650.0
22,C-072,557060,2005,Hyundai,Santa Fe,GLS,BLUE,204476,No,"",2026-07-31,C,600.0
40,D-155,557473,2017,Hyundai,Santa Fe Sport,2.4L,GRAY,160624,Yes,3.1,2026-07-31,D,4200.0
42,F-266,558230,2016,Hyundai,Santa Fe Sport,4,GRAY,102434,Yes,4.3,2026-07-31,F,7200.0
52,D-029,557485,2015,Hyundai,Santa Fe Sport,4,GRAY,130383,Yes,3.0,2026-07-31,D,4200.0
22,F-223,557640,2015,Hyundai,Santa Fe Sport,4,SILVER,227392,No,"",2026-07-31,F,3400.0
34,X-014,555526,2013,Hyundai,Santa Fe Sport,"",GRAY,131718,Yes,0.5,2026-07-31,X,1600.0
36,E-162,558541,2023,Hyundai,Sonata,SEL Plus,GRAY,60257,Yes,4.5,2026-07-31,E,18600.0
22,B-185,557861,2021,Hyundai,Sonata,HYBRID LIMITE,BLACK,106209,No,"",2026-07-31,B,11600.0
38,D-107,555789,2021,Hyundai,Sonata,SEL,WHITE,134967,Yes,3.5,2026-07-31,D,6200.0
35,D-047,557163,2021,Hyundai,Sonata,SEL Plus,GRAY,125218,Yes,3.7,2026-07-31,D,10200.0
38,D-145,557436,2020,Hyundai,Sonata,Limited,SILVER,89096,Yes,3.0,2026-07-31,D,13000.0
23,B-066,558358,2019,Hyundai,Sonata,SE,BLUE,68227,No,"",2026-07-31,B,10600.0
38,F-130,558096,2019,Hyundai,Sonata,SE,BLACK,104785,Yes,3.6,2026-07-31,F,7000.0
38,E-273,552051,2019,Hyundai,Sonata,SEL,SILVER,144207,Yes,3.0,2026-07-31,E,4200.0
37,F-116,557147,2018,Hyundai,Sonata,SE,RED,94877,Yes,3.0,2026-07-31,F,6200.0
38,C-316,558451,2018,Hyundai,Sonata,SEL,WHITE,78286,Yes,3.6,2026-07-31,C,7500.0
38,D-111,555548,2018,Hyundai,Sonata,SPORT+,BLACK,55523,Yes,3.9,2026-07-31,D,7800.0
37,D-110,555477,2017,Hyundai,Sonata,SPORT,BLUE,69827,Yes,3.6,2026-07-31,D,4200.0
42,X-017,556984,2016,Hyundai,Sonata,2.4L LIMITED,BLUE,154109,Yes,0.5,2026-07-31,X,900.0
37,D-054,557203,2015,Hyundai,Sonata,2.4L LIMITED,BLUE,66672,Yes,3.8,2026-07-31,D,9200.0
22,B-257,557984,2015,Hyundai,Sonata,2.4L SE,BLUE,105115,No,"",2026-07-31,B,5400.0
22,B-161,557596,2015,Hyundai,Sonata,2.4L SPORT,SILVER,167012,No,"",2026-07-31,B,3200.0
40,B-029,557259,2013,Hyundai,Sonata,GLS,BLUE,123205,Yes,3.8,2026-07-31,B,3000.0
0,A-810,558739,2013,Hyundai,Sonata,HYBRID LIMITE,"",172813,No,"",2026-07-31,A,650.0
6,X-050,558552,2013,Hyundai,Sonata,HYBRID LIMITE,RED,172813,No,"",2026-07-31,X,600.0
10,X-105,557383,2013,Hyundai,Sonata,SE,BLACK,180448,No,"",2026-07-31,X,700.0
46,D-039,557181,2012,Hyundai,Sonata,2.4L SE,SILVER,121049,Yes,3.0,2026-07-31,D,1800.0
22,B-209,557810,2011,Hyundai,Sonata,"LTD W/17"" WHE",BLACK,165344,No,"",2026-07-31,B,1600.0
41,D-180,557618,2024,Hyundai,Tucson,PLUG-IN HYBRI,GRAY,15924,Yes,4.2,2026-07-31,D,27500.0
38,Q-007,555498,2024,Hyundai,Tucson,SE,WHITE,16322,Yes,4.2,2026-07-31,Q,20200.0
33,D-046,557185,2022,Hyundai,Tucson,SEL,SILVER,109339,Yes,4.6,2026-07-31,D,12000.0
35,C-022,556377,2022,Hyundai,Tucson,SEL,SILVER,43534,Yes,4.6,2026-07-31,C,17500.0
34,A-269,558134,2021,Hyundai,Tucson,ULTIMATE,SILVER,28685,Yes,4.6,2026-07-31,A,19400.0
39,D-120,557268,2020,Hyundai,Tucson,ULTIMATE,BROWN,81112,Yes,4.0,2026-07-31,D,12000.0
34,D-056,557199,2020,Hyundai,Tucson,Value,RED,91822,Yes,3.9,2026-07-31,D,9600.0
39,C-114,557308,2019,Hyundai,Tucson,SE,WHITE,116769,Yes,3.6,2026-07-31,C,7600.0
37,D-089,553863,2019,Hyundai,Tucson,SE,WHITE,108796,Yes,3.0,2026-07-31,D,4000.0
38,F-257,557739,2019,Hyundai,Tucson,Value,GRAY,109920,Yes,4.3,2026-07-31,F,7900.0
39,D-158,557488,2017,Hyundai,Tucson,NIGHT,GRAY,86489,Yes,3.0,2026-07-31,D,8400.0
23,C-199,557721,2016,Hyundai,Tucson,ECO,GRAY,168942,No,"",2026-07-31,C,3500.0
22,B-081,558052,2015,Hyundai,Tucson,GLS,WHITE,74675,No,"",2026-07-31,B,7200.0
36,C-039,557283,2020,Hyundai,Veloster,2.0 PREMIUM,BLACK,87815,Yes,4.6,2026-07-31,C,9900.0
21,C-202,557751,2012,Hyundai,Veloster,W/GRAY INT,WHITE,86106,No,"",2026-07-31,C,3400.0
22,C-215,558259,2008,INFINITI,G35,SEDAN JOURNEY,BLACK,159873,No,"",2026-07-31,C,800.0
21,B-087,557903,1996,INFINITI,I30,LEATHER,GREEN,148789,No,"",2026-07-31,B,1200.0
23,C-062,558429,2008,INFINITI,M35,4DR SDN,GOLD,143178,No,"",2026-07-31,C,1800.0
43,C-088,558397,2017,INFINITI,Q50,3.0T PREMIUM,WHITE,120597,Yes,3.6,2026-07-31,C,4400.0
0,A-808,558736,2015,INFINITI,Q50,PREMIUM,"",168074,No,"",2026-07-31,A,650.0
58,X-026,548577,2015,INFINITI,Q50,PREMIUM,SILVER,168074,Yes,0.0,2026-07-31,X,600.0
42,E-151,557708,2017,INFINITI,QX60,"",GRAY,177970,Yes,3.0,2026-07-31,E,3200.0
42,F-051,557828,2002,Isuzu,Rodeo,S,BLUE,167122,Yes,3.0,2026-07-31,F,600.0
45,X-041,552377,2018,Jaguar,F-Pace,20d Premium,BLUE,80796,Yes,0.5,2026-07-31,X,3200.0
37,C-333,558617,2017,Jaguar,F-Pace,"",BLACK,110869,Yes,4.4,2026-07-31,C,9200.0
22,B-105,554199,2019,Jaguar,XE,25t Premium,SILVER,49608,No,"",2026-07-31,B,5500.0
33,A-253,557872,2014,Jaguar,XK,2DR CONV,WHITE,20163,Yes,4.7,2026-07-31,A,24000.0
38,F-061,554838,2018,Jeep,All-New Wrangler,"",BLUE,51966,Yes,4.0,2026-07-31,F,18200.0
37,E-145,558015,2018,Jeep,All-New Wrangler,"",RED,121741,Yes,3.5,2026-07-31,E,10000.0
36,A-060,552701,2018,Jeep,All-New Wrangler,"",WHITE,101133,Yes,3.0,2026-07-31,A,8600.0
35,M-019,558050,2022,Jeep,Cherokee,Limited,WHITE,48232,Yes,4.1,2026-07-31,M,16400.0
21,B-184,557793,2021,Jeep,Cherokee,LATITUDE LU,WHITE,63855,No,"",2026-07-31,B,13800.0
39,F-082,555973,2020,Jeep,Cherokee,Limited,SILVER,73215,Yes,3.0,2026-07-31,F,12000.0
22,E-174,558044,2019,Jeep,Cherokee,Trailhawk,WHITE,140566,No,"",2026-07-31,E,4200.0
43,D-073,555572,2018,Jeep,Cherokee,Latitude,BLACK,112021,Yes,3.5,2026-07-31,D,5000.0
34,F-189,557439,2017,Jeep,Cherokee,Latitude,BLACK,93576,Yes,4.5,2026-07-31,F,7000.0
22,E-197,558580,2016,Jeep,Cherokee,Limited,GRAY,122569,No,"",2026-07-31,E,5000.0
42,F-291,557401,2016,Jeep,Cherokee,Sport,RED,70663,Yes,3.9,2026-07-31,F,5800.0
8,X-072,557160,2015,Jeep,Cherokee,Limited,GREEN,1,No,"",2026-07-31,X,1300.0
42,B-008,557938,2014,Jeep,Cherokee,Limited,SILVER,152704,Yes,3.0,2026-07-31,B,1800.0
40,A-243,558254,2014,Jeep,Cherokee,Limited,BLUE,164387,Yes,3.4,2026-07-31,A,4000.0
22,E-171,557969,2024,Jeep,Compass,Latitude,WHITE,57658,No,"",2026-07-31,E,14400.0
39,C-181,557722,2021,Jeep,Compass,Latitude,SILVER,52355,Yes,4.0,2026-07-31,C,12300.0
10,X-104,557150,2018,Jeep,Compass,Latitude,GRAY,115434,No,"",2026-07-31,X,1400.0
48,A-241,556332,2014,Jeep,Compass,Sport,BLUE,174584,Yes,3.0,2026-07-31,A,700.0
54,F-334,558283,2012,Jeep,Compass,Sport,BURGUNDY,81524,Yes,3.0,2026-07-31,F,600.0
22,E-188,557680,2025,Jeep,Gladiator,Mojave,GREEN,9549,No,"",2026-07-31,E,41400.0
22,E-202,558592,2025,Jeep,Gladiator,NIGHTHAWK,GRAY,23228,No,"",2026-07-31,E,32600.0
39,E-123.1,558472,2023,Jeep,Gladiator,WILLYS,GRAY,102364,Yes,4.6,2026-07-31,E,21800.0
22,C-005,556868,2021,Jeep,Gladiator,SPORT S,BLACK,120874,No,"",2026-07-31,C,17000.0
21,E-208,557170,2020,Jeep,Gladiator,Overland,BLACK,58428,No,"",2026-07-31,E,23400.0
36,B-288,553075,2020,Jeep,Gladiator,Rubicon,BLACK,38277,Yes,3.6,2026-07-31,B,26500.0
30,A-215,558579,2024,Jeep,Grand Cherokee,4XE 4,SILVER,63914,Yes,4.9,2026-07-31,A,18600.0
34,B-192,556371,2024,Jeep,Grand Cherokee,LIMIT,BLACK,33290,Yes,3.9,2026-07-31,B,24500.0
38,D-164,557761,2020,Jeep,Grand Cherokee,ALTIT,BLACK,67385,Yes,4.2,2026-07-31,D,16500.0
22,F-032,558218,2018,Jeep,Grand Cherokee,LARED,SILVER,115836,No,"",2026-07-31,F,5800.0
41,X-006,555148,2018,Jeep,Grand Cherokee,LARED,WHITE,385722,Yes,0.5,2026-07-31,X,1000.0
23,B-052,557581,2018,Jeep,Grand Cherokee,OVERL,RED,170108,No,"",2026-07-31,B,9100.0
22,B-059,558440,2018,Jeep,Grand Cherokee,SUMMI,WHITE,129433,No,"",2026-07-31,B,10000.0
38,D-143,557381,2017,Jeep,Grand Cherokee,LIMIT,BROWN,144697,Yes,3.8,2026-07-31,D,7000.0
39,C-118,557107,2017,Jeep,Grand Cherokee,OVERL,GRAY,119489,Yes,4.4,2026-07-31,C,9900.0
44,A-257,557877,2015,Jeep,Grand Cherokee,ALTIT,BLACK,151022,Yes,3.2,2026-07-31,A,2500.0
22,B-171,557788,2010,Jeep,Grand Cherokee,LARED,BLACK,107237,No,"",2026-07-31,B,3100.0
22,F-272,557524,2007,Jeep,Grand Cherokee,LARED,WHITE,125134,No,"",2026-07-31,F,3400.0
37,B-281,557573,2021,Jeep,Grand Cherokee L,LAR,BLACK,140251,Yes,3.9,2026-07-31,B,15400.0
37,F-279,555765,2021,Jeep,Grand Cherokee L,OVE,GRAY,80318,Yes,3.8,2026-07-31,F,21200.0
32,Q-001,556704,2025,Jeep,Grand Wagoneer,SERIE,SILVER,17841,Yes,4.7,2026-07-31,Q,58000.0
0,Q-003,557413,2025,Jeep,Grand Wagoneer,SERIE,"",17841,No,"",2026-07-31,Q,57000.0
22,E-201,558605,2024,Jeep,Grand Wagoneer,SERIE,BLACK,22465,No,"",2026-07-31,E,59000.0
0,M-023,558637,2012,Jeep,Liberty,Jet,"",157553,No,"",2026-07-31,M,3000.0
41,F-055,558023,2010,Jeep,Liberty,Sport,GRAY,86680,Yes,3.4,2026-07-31,F,3600.0
45,E-097,557890,2009,Jeep,Liberty,Limited,RED,114108,Yes,3.0,2026-07-31,E,1500.0
41,A-233,558187,2006,Jeep,Liberty,Sport,TAN,167205,Yes,3.0,2026-07-31,A,1000.0
0,A-841,558717,2003,Jeep,Liberty,Sport,"",246937,No,"",2026-07-31,A,650.0
41,D-161,557494,2003,Jeep,Liberty,Sport,GRAY,246937,Yes,3.0,2026-07-31,D,700.0
37,E-277,552047,2017,Jeep,Patriot,Latitude,RED,83622,Yes,3.6,2026-07-31,E,4500.0
46,F-135,557684,2015,Jeep,Patriot,ALTITUDE EDI,GRAY,162567,Yes,3.0,2026-07-31,F,600.0
42,E-064,558499,2012,Jeep,Patriot,Latitude,SILVER,140468,Yes,3.5,2026-07-31,E,600.0
49,C-107,557777,2008,Jeep,Patriot,Sport,RED,132949,Yes,3.0,2026-07-31,C,600.0
0,A-834,558711,2008,Jeep,Patriot,Sport,"",132949,No,"",2026-07-31,A,650.0
22,E-191,556988,2021,Jeep,Renegade,80TH ANNIVE,BLACK,75964,No,"",2026-07-31,E,8400.0
38,D-038,557184,2017,Jeep,Renegade,Latitude,ORANGE,89552,Yes,4.2,2026-07-31,D,7800.0
44,D-171,558296,2017,Jeep,Renegade,Limited,SILVER,138140,Yes,3.0,2026-07-31,D,3200.0
42,E-079,558386,2015,Jeep,Renegade,Latitude,RED,181332,Yes,3.3,2026-07-31,E,1800.0
20,F-074,557098,2015,Jeep,Renegade,Latitude,WHITE,95761,No,"",2026-07-31,F,4200.0
22,E-173,558010,2025,Jeep,Wrangler,SPORT S,BLACK,30768,No,"",2026-07-31,E,26000.0
32,F-211,558301,2021,Jeep,Wrangler,FREEDOM,WHITE,67511,Yes,5.0,2026-07-31,F,18200.0
37,C-218,558247,2021,Jeep,Wrangler,SPORT S,RED,48252,Yes,4.5,2026-07-31,C,19000.0
22,E-168,558080,2021,Jeep,Wrangler,UNLIMITED S,GRAY,80205,No,"",2026-07-31,E,26600.0
40,B-318,558635,2020,Jeep,Wrangler,UNLIMITED S,GREEN,126525,Yes,3.9,2026-07-31,B,7200.0
52,C-157,558253,2020,Jeep,Wrangler,UNLIMITED W,GRAY,143783,Yes,3.6,2026-07-31,C,14000.0
37,B-047,557930,2018,Jeep,Wrangler,JK SAHARA,GRAY,95199,Yes,4.7,2026-07-31,B,17000.0
36,D-104,556823,2016,Jeep,Wrangler,RUBICON HAR,SILVER,114499,Yes,3.7,2026-07-31,D,14000.0
22,B-249,554726,2016,Jeep,Wrangler,UNLIMITED S,WHITE,164345,No,"",2026-07-31,B,6600.0
32,F-129.9,558626,2015,Jeep,Wrangler,Sahara,BLUE,141992,Yes,4.5,2026-07-31,F,6000.0
22,B-254,557772,2010,Jeep,Wrangler,UNLIMITED S,RED,119935,No,"",2026-07-31,B,6700.0
21,F-100,557482,2009,Jeep,Wrangler,X,RED,110364,No,"",2026-07-31,F,4000.0
22,E-297,557297,2006,Jeep,Wrangler,X,TAN,109613,No,"",2026-07-31,E,8300.0
40,D-058,557204,2022,Kia,Carnival,LX,GRAY,69386,Yes,3.7,2026-07-31,D,17800.0
34,C-143,557539,2023,Kia,EV6,GT-Line,RED,27833,Yes,4.0,2026-07-31,C,23500.0
36,E-296,557281,2021,Kia,Forte,LXS,WHITE,75852,Yes,4.4,2026-07-31,E,10400.0
39,F-125,557691,2019,Kia,Forte,LXS,GRAY,96183,Yes,3.8,2026-07-31,F,6400.0
40,B-020,557247,2019,Kia,Forte,S,BLUE,120817,Yes,3.0,2026-07-31,B,3600.0
21,F-043.1,558157,2014,Kia,Forte,EX,WHITE,139333,No,"",2026-07-31,F,1200.0
48,D-119,557266,2025,Kia,K5,GT,GRAY,41628,Yes,3.0,2026-07-31,D,18000.0
36,A-150,557899,2023,Kia,K5,GT-LINE,GRAY,75271,Yes,3.5,2026-07-31,A,17800.0
44,F-222,557639,2021,Kia,K5,EX,BLACK,114874,Yes,3.2,2026-07-31,F,9600.0
39,C-136,557833,2019,Kia,Niro,FE,GRAY,136264,Yes,3.3,2026-07-31,C,4300.0
44,C-032,555646,2018,Kia,Optima,LX,BLACK,103014,Yes,3.0,2026-07-31,C,6500.0
22,B-175,557797,2018,Kia,Optima,LX,PURPLE,150141,No,"",2026-07-31,B,2600.0
22,E-240,552237,2015,Kia,Optima,SX,GRAY,173854,No,"",2026-07-31,E,2000.0
44,F-115,557148,2015,Kia,Optima,SXL TURBO,BLACK,135792,Yes,3.5,2026-07-31,F,3300.0
46,B-077,557399,2019,Kia,Rio,LX,GRAY,112242,Yes,3.0,2026-07-31,B,2300.0
40,D-151,557464,2018,Kia,Rio,5-DOOR S,RED,121085,Yes,3.0,2026-07-31,D,3800.0
22,F-233,557644,2018,Kia,Rio,S,BLACK,113352,No,"",2026-07-31,F,3400.0
22,C-064,557506,2015,Kia,Sedona,LX,GRAY,166152,No,"",2026-07-31,C,1600.0
52,D-074,557248,2010,Kia,Sedona,LX,TAN,206660,Yes,3.0,2026-07-31,D,700.0
35,F-093,557504,2024,Kia,Seltos,SX,BLUE,63823,Yes,3.7,2026-07-31,F,17600.0
34,C-147,557535,2025,Kia,Sorento,HYBRID SX PR,BLUE,13873,Yes,4.8,2026-07-31,C,35200.0
30,C-084,558393,2025,Kia,Sorento,S,BLUE,15090,Yes,4.9,2026-07-31,C,26200.0
36,A-012,555665,2022,Kia,Sorento,HYBRID EX,GRAY,91430,Yes,4.5,2026-07-31,A,16200.0
42,C-024.1,558371,2022,Kia,Sorento,LX,BLACK,105124,Yes,4.3,2026-07-31,C,11800.0
40,A-010,555955,2022,Kia,Sorento,SX PRESTIGE,GRAY,84706,Yes,3.2,2026-07-31,A,17200.0
35,F-069,558390,2021,Kia,Sorento,SX PRESTIGE,WHITE,94484,Yes,4.2,2026-07-31,F,15000.0
45,A-229,558250,2019,Kia,Sorento,LX,WHITE,108521,Yes,3.3,2026-07-31,A,7000.0
23,B-203,557774,2014,Kia,Sorento,LX,GRAY,224718,No,"",2026-07-31,B,1700.0
21,C-043,557286,2012,Kia,Sorento,LX,GREEN,238925,No,"",2026-07-31,C,1100.0
36,G-002,557227,2023,Kia,Soul,LX,WHITE,21158,Yes,4.5,2026-07-31,G,16800.0
22,F-237,557632,2021,Kia,Soul,LX,GRAY,102731,No,"",2026-07-31,F,6900.0
39,D-020,557956,2018,Kia,Soul,+,GRAY,100441,Yes,4.0,2026-07-31,D,4400.0
38,F-235,557641,2016,Kia,Soul,+,BLUE,108523,Yes,3.0,2026-07-31,F,4400.0
41,D-188,556141,2016,Kia,Soul,Base,WHITE,93855,Yes,3.8,2026-07-31,D,4300.0
22,C-175,553286,2016,Kia,Soul,Base,GRAY,122643,No,"",2026-07-31,C,1600.0
22,F-238,557645,2016,Kia,Soul,Base,BROWN,173053,No,"",2026-07-31,F,1000.0
22,B-189,557896,2015,Kia,Soul,+,BLUE,81234,No,"",2026-07-31,B,3700.0
46,D-017,558109,2015,Kia,Soul,Base,GRAY,143544,Yes,3.7,2026-07-31,D,2800.0
23,B-158,557595,2013,Kia,Soul,Base,SILVER,180000,No,"",2026-07-31,B,600.0
33,C-056,557854,2026,Kia,Sportage,SX,GRAY,196,Yes,5.0,2026-07-31,C,29000.0
34,C-148,557548,2026,Kia,Sportage,SX,GRAY,21753,Yes,4.6,2026-07-31,C,26000.0
36,D-159,557475,2024,Kia,Sportage,SX,BLACK,70476,Yes,3.8,2026-07-31,D,19800.0
38,F-295,557735,2024,Kia,Sportage,SX-Prestige,GRAY,26183,Yes,4.1,2026-07-31,F,25600.0
28,A-008,555667,2023,Kia,Sportage,SX-Prestige,WHITE,99496,Yes,4.2,2026-07-31,A,17000.0
35,C-306,556230,2021,Kia,Sportage,EX,WHITE,153257,Yes,4.8,2026-07-31,C,8600.0
38,D-059,557205,2020,Kia,Sportage,EX,SILVER,64761,Yes,3.0,2026-07-31,D,12200.0
44,E-111.4,558538,2019,Kia,Sportage,EX,BLACK,172585,Yes,3.1,2026-07-31,E,5100.0
44,F-170,556714,2018,Kia,Sportage,EX,RED,82578,Yes,3.0,2026-07-31,F,7600.0
43,D-123,557235,2015,Kia,Sportage,LX,SILVER,151585,Yes,3.0,2026-07-31,D,3000.0
21,B-074,558341,2013,Kia,Sportage,BASE,YELLOW,95214,No,"",2026-07-31,B,4100.0
40,C-068,555793,2022,Kia,Telluride,S,GRAY,99430,Yes,4.0,2026-07-31,C,17000.0
22,B-246,554721,2022,Kia,Telluride,SX,BROWN,114464,No,"",2026-07-31,B,19000.0
36,A-228,558251,2021,Kia,Telluride,EX,GRAY,65478,Yes,4.8,2026-07-31,A,24000.0
38,C-083,557288,2020,Kia,Telluride,EX,WHITE,143479,Yes,4.0,2026-07-31,C,7800.0
40,C-054,557851,2020,Kia,Telluride,S,GRAY,110265,Yes,3.8,2026-07-31,C,12000.0
34,F-167,557830,2024,Land Rover,Defender,"",BLACK,38355,Yes,4.9,2026-07-31,F,60800.0
41,A-154,556826,2024,Land Rover,Defender,130 OUTBOUN,"",24204,Yes,4.2,2026-07-31,A,55500.0
40,C-323,558372,2023,Land Rover,Defender,"",BLACK,62320,Yes,4.5,2026-07-31,C,41000.0
36,A-173,557945,2022,Land Rover,Defender,"",BLACK,16580,Yes,4.3,2026-07-31,A,46250.0
37,A-086,556816,2023,Land Rover,Discovery Sport,SE,BLACK,61843,Yes,3.6,2026-07-31,A,16000.0
40,A-134,551201,2022,Land Rover,Range Rover,HSE,BLUE,70510,Yes,3.9,2026-07-31,A,33000.0
37,A-152,557997,2021,Land Rover,Range Rover,"",WHITE,82538,Yes,4.4,2026-07-31,A,28000.0
39,A-273,556490,2020,Land Rover,Range Rover,"",WHITE,65524,Yes,4.5,2026-07-31,A,25800.0
22,B-149,557570,2017,Land Rover,Range Rover,HSE,BLACK,88436,No,"",2026-07-31,B,15500.0
34,B-309,553853,2020,Land Rover,Range Rover Evoque,R,WHITE,60688,Yes,4.6,2026-07-31,B,14800.0
48,A-177,557967,2015,Land Rover,Range Rover Evoque,P,BLACK,117775,Yes,2.7,2026-07-31,A,3400.0
39,P-005,556817,2023,Land Rover,Range Rover Sport,P4,"",28032,Yes,4.5,2026-07-31,P,60200.0
39,A-247,557866,2020,Land Rover,Range Rover Sport,"",GRAY,81963,Yes,3.5,2026-07-31,A,18000.0
39,E-095,557902,2016,Land Rover,Range Rover Sport,"",WHITE,98644,Yes,3.5,2026-07-31,E,3000.0
22,A-250,554601,2016,Land Rover,Range Rover Sport,"",BLACK,107112,No,"",2026-07-31,A,5000.0
44,A-054,554417,2011,Land Rover,Range Rover Sport,HS,WHITE,76095,Yes,3.7,2026-07-31,A,5000.0
33,A-289,557863,2020,Land Rover,Range Rover Velar,"",BLACK,54749,Yes,4.3,2026-07-31,A,21000.0
35,C-066,555740,2019,Land Rover,Range Rover Velar,S,GRAY,90778,Yes,4.5,2026-07-31,C,12000.0
40,F-278,556008,2017,Lexus,ES 350,ES 350,BLACK,74233,Yes,3.5,2026-07-31,F,17400.0
38,A-115,556450,2018,Lexus,GS 350,GS 350,SILVER,60672,Yes,3.0,2026-07-31,A,24400.0
22,M-004,556870,2017,Lexus,GX 460,GX 460 PREMIU,SILVER,138635,No,"",2026-07-31,M,17000.0
41,A-184,558292,2015,Lexus,GX 460,4DR,SILVER,174824,Yes,3.7,2026-07-31,A,14200.0
21,B-227,557262,2007,Lexus,GX 470,4DR,WHITE,193646,No,"",2026-07-31,B,5100.0
38,B-019,557255,2015,Lexus,IS 250,250C 2DR CONV,SILVER,255941,Yes,4.3,2026-07-31,B,5200.0
41,F-267,555945,2019,Lexus,IS 300,IS 300,WHITE,58214,Yes,3.0,2026-07-31,F,20000.0
44,D-154,557470,2000,Lexus,LX 470,4DR SUV,GRAY,237807,Yes,3.4,2026-07-31,D,5600.0
9,X-099,558510,2016,Lexus,NX 200t,4DR,WHITE,194569,No,"",2026-07-31,X,5400.0
21,F-087,557119,2015,Lexus,NX 200t,4DR,WHITE,69153,No,"",2026-07-31,F,15800.0
37,A-201,557961,2015,Lexus,NX 200t,4DR,WHITE,144240,Yes,4.6,2026-07-31,A,10000.0
32,F-268,557755,2023,Lexus,NX 250,NX 250,GREEN,31418,Yes,4.4,2026-07-31,F,31800.0
38,A-034,557466,2018,Lexus,NX 300,NX 300,WHITE,69035,Yes,4.6,2026-07-31,A,21000.0
33,F-265,558229,2023,Lexus,NX 350,Premium,SILVER,40357,Yes,4.0,2026-07-31,F,33200.0
34,F-296,557712,2024,Lexus,NX-Series,"",WHITE,51631,Yes,4.6,2026-07-31,F,31400.0
52,D-125,557273,2005,Lexus,RX 330,4DR SUV,WHITE,298463,Yes,3.0,2026-07-31,D,1600.0
48,D-166,557733,2005,Lexus,RX 330,4DR SUV,BLUE,229524,Yes,3.0,2026-07-31,D,1800.0
43,A-264,558148,2019,Lexus,RX 350,F SPORT,BLUE,52397,Yes,3.7,2026-07-31,A,26500.0
39,A-053,557534,2018,Lexus,RX 350,RX 350,SILVER,46381,Yes,3.0,2026-07-31,A,23600.0
37,B-021,557245,2015,Lexus,RX 350,4DR,BEIGE,105395,Yes,4.4,2026-07-31,B,13000.0
36,A-178,557918,2012,Lexus,RX 350,4DR,BLACK,105433,Yes,4.4,2026-07-31,A,11600.0
22,F-276.4,558407,2010,Lexus,RX 350,4DR,WHITE,187038,No,"",2026-07-31,F,5400.0
22,F-264,558490,2008,Lexus,RX 350,4DR,SILVER,171631,No,"",2026-07-31,F,3000.0
40,B-017,557253,2007,Lexus,RX 350,4DR,BLACK,225223,Yes,3.6,2026-07-31,B,2100.0
33,A-051,557543,2018,Lexus,RX 350L,PREMIUM,GRAY,21933,Yes,3.8,2026-07-31,A,27800.0
31,P-010,555935,2024,Lexus,RX-Series,"",SILVER,11942,Yes,5.0,2026-07-31,P,51700.0
22,B-164,557601,2007,Lexus,SC 430,2DR CONVERTIB,BEIGE,156934,No,"",2026-07-31,B,9600.0
37,B-053,556897,2025,Lincoln,Aviator,Reserve,BLACK,8371,Yes,4.8,2026-07-31,B,53500.0
34,E-065,558525,2023,Lincoln,Corsair,Reserve,WHITE,22658,Yes,4.9,2026-07-31,E,28400.0
35,B-055,556747,2022,Lincoln,Corsair,Standard,WHITE,21274,Yes,3.7,2026-07-31,B,20200.0
41,C-040,557284,2019,Lincoln,MKC,STANDARD,BEIGE,96648,Yes,3.9,2026-07-31,C,7200.0
40,B-006.6,558473,2017,Lincoln,MKC,Premiere,SILVER,69265,Yes,3.4,2026-07-31,B,7300.0
42,A-117,557616,2016,Lincoln,MKC,PREMIER,SILVER,114075,Yes,3.0,2026-07-31,A,3400.0
22,F-123,558620,2017,Lincoln,MKX,Premiere,WHITE,120334,No,"",2026-07-31,F,6000.0
38,E-110,556799,2016,Lincoln,MKZ,4DR SDN,RED,118664,Yes,4.3,2026-07-31,E,6700.0
21,F-339,558175,2013,Lincoln,MKZ,4DR SDN,SILVER,158562,No,"",2026-07-31,F,700.0
22,F-017,557660,2009,Lincoln,MKZ,4DR SDN,SILVER,70633,No,"",2026-07-31,F,600.0
33,G-011,557864,2025,Lincoln,Nautilus,Reserve,WHITE,9791,Yes,4.9,2026-07-31,G,52400.0
33,B-054,556898,2023,Lincoln,Nautilus,STANDARD,WHITE,24271,Yes,4.1,2026-07-31,B,25200.0
30,E-218,557022,2022,Lincoln,Nautilus,STANDARD,BLUE,36389,Yes,5.0,2026-07-31,E,23000.0
30,A-018,557291,2020,Lincoln,Nautilus,STANDARD,WHITE,97158,Yes,4.9,2026-07-31,A,12200.0
35,E-251,557141,2025,Lincoln,Navigator,Reserve,WHITE,12926,Yes,4.9,2026-07-31,E,69000.0
25,A-093,554369,2020,Lincoln,Navigator,BLACK LABE,WHITE,36933,Yes,4.6,2026-07-31,A,45000.0
41,B-006,557979,2020,Lincoln,Navigator,Reserve,BLACK,74813,Yes,4.1,2026-07-31,B,32400.0
33,A-087,556425,2020,Lincoln,Navigator,Reserve,WHITE,127396,Yes,3.8,2026-07-31,A,20400.0
43,B-014,557912,2018,Lincoln,Navigator,BLACK LABE,GOLD,54134,Yes,3.6,2026-07-31,B,31200.0
23,B-051,557580,2017,Lincoln,Navigator,Select,SILVER,114787,No,"",2026-07-31,B,10300.0
22,E-307,558174,2010,Lincoln,Navigator, 4DR,GRAY,150580,No,"",2026-07-31,E,2500.0
40,A-107,557594,2020,Maserati,Ghibli,S GranSport,BLUE,27766,Yes,3.0,2026-07-31,A,23400.0
5,B-060,558326,2021,Mazda,CX-3,Sport,BLUE,71723,No,"",2026-07-31,B,11100.0
22,F-084,557121,2016,Mazda,CX-3,Sport,BLUE,105056,No,"",2026-07-31,F,5200.0
34,E-111.8,558598,2025,Mazda,CX-30,2.5 S PREMIUM,BLUE,16137,Yes,4.8,2026-07-31,E,24000.0
32,E-112,558322,2022,Mazda,CX-30,2.5 TURBO PREM,GRAY,49192,Yes,4.4,2026-07-31,E,20200.0
34,E-111.3,558534,2021,Mazda,CX-30,Premium,GRAY,43741,Yes,4.9,2026-07-31,E,16600.0
32,E-114,558324,2024,Mazda,CX-5,2.5 S CARBON ED,GRAY,167487,Yes,4.7,2026-07-31,E,14600.0
41,E-111.7,558595,2023,Mazda,CX-5,2.5 S SELECT PA,RED,31409,Yes,4.5,2026-07-31,E,21200.0
35,E-120,558319,2021,Mazda,CX-5,Grand Touring,GRAY,93437,Yes,4.3,2026-07-31,E,16400.0
38,F-077,557096,2020,Mazda,CX-5,Touring,RED,86029,Yes,3.7,2026-07-31,F,12600.0
21,B-156,557565,2016,Mazda,CX-5,Touring,WHITE,102126,No,"",2026-07-31,B,9400.0
33,A-162,556011,2024,Mazda,CX-50,2.5 S PREMIUM,WHITE,39930,Yes,4.6,2026-07-31,A,23200.0
22,B-070.6,558332,2016,Mazda,CX-9,Touring,WHITE,138711,No,"",2026-07-31,B,6700.0
39,D-176,557946,2021,Mazda,Mazda3,SEDAN 2.0,SILVER,62381,Yes,3.7,2026-07-31,D,10500.0
10,X-062,554229,2019,Mazda,Mazda3,HATCHBACK W/P,GRAY,31416,No,"",2026-07-31,X,10400.0
39,F-175,556299,2019,Mazda,Mazda3,SEDAN W/PREFE,BLUE,68079,Yes,3.0,2026-07-31,F,10200.0
22,B-196,558452,2016,Mazda,Mazda3,i Sport,GRAY,175793,No,"",2026-07-31,B,2400.0
44,D-175,557941,2015,Mazda,Mazda3,i Touring,BLUE,153757,Yes,3.0,2026-07-31,D,4000.0
22,B-166.4,558437,2014,Mazda,Mazda3,i Sport,RED,222257,No,"",2026-07-31,B,1000.0
22,C-294,558196,2006,Mazda,Mazda3,S GRAND TOURI,RED,197342,No,"",2026-07-31,C,600.0
22,C-070,557509,2013,Mazda,Mazda5,Sport,SILVER,110935,No,"",2026-07-31,C,900.0
22,B-098.2,558063,2016,Mazda,Mazda6,i Sport,BLACK,97513,No,"",2026-07-31,B,7800.0
22,B-032.1,558612,2016,Mazda,Mazda6,i Touring,GRAY,109677,No,"",2026-07-31,B,4100.0
0,A-804,558727,2015,Mazda,Mazda6,GRAND TOURING,"",150037,No,"",2026-07-31,A,650.0
35,X-009,550592,2015,Mazda,Mazda6,I GRAND TOURI,BLUE,150037,Yes,0.5,2026-07-31,X,600.0
41,A-175,557993,2015,Mazda,Mazda6,i Touring,RED,74680,Yes,3.2,2026-07-31,A,9200.0
49,A-270,558159,2014,Mazda,Mazda6,I GRAND TOURI,GRAY,173898,Yes,3.0,2026-07-31,A,2000.0
22,B-153,557564,2011,Mazda,Mazda6,I SPORT,GRAY,147826,No,"",2026-07-31,B,1200.0
21,B-100,557115,2017,Mazda,MAZDA6 GRAND TOURING,"",BLUE,168115,No,"",2026-07-31,B,3000.0
42,A-179,557907,2019,Mercedes-Benz,A-Class,"",BLACK,114318,Yes,3.3,2026-07-31,A,8200.0
49,A-263,558149,2014,Mercedes-Benz,C Class,C 250 SPORT,BLUE,93594,Yes,3.0,2026-07-31,A,3000.0
22,E-143,557380,2013,Mercedes-Benz,C Class,C 250,GRAY,123155,No,"",2026-07-31,E,2700.0
41,A-091,556311,2009,Mercedes-Benz,C Class,3.5L SPORT,BLACK,155298,Yes,3.0,2026-07-31,A,2700.0
7,X-081,557009,2008,Mercedes-Benz,C Class,3.0L SPORT,BLACK,150456,No,"",2026-07-31,X,600.0
46,D-130,557264,2008,Mercedes-Benz,C Class,3.0L SPORT,WHITE,171130,Yes,3.0,2026-07-31,D,1400.0
0,A-815,558750,2008,Mercedes-Benz,C Class,C300,"",150456,No,"",2026-07-31,A,650.0
40,A-098,555882,2023,Mercedes-Benz,C-Class,"",GRAY,65018,Yes,3.7,2026-07-31,A,22600.0
36,B-047.3,558058,2022,Mercedes-Benz,C-Class,"",BLACK,25541,Yes,4.9,2026-07-31,B,26800.0
44,A-195,558145,2019,Mercedes-Benz,CLA,250 CLA 250 COUP,BLACK,75277,Yes,3.0,2026-07-31,A,6600.0
22,F-289,557400,2009,Mercedes-Benz,CLK Class,3.5L,WHITE,186824,No,"",2026-07-31,F,800.0
28,X-040,553785,2002,Mercedes-Benz,CLK Class,2DR CABRIO,WHITE,30642,Yes,0.5,2026-07-31,X,800.0
36,A-071,556028,2015,Mercedes-Benz,E Class,"",WHITE,88289,Yes,4.3,2026-07-31,A,12400.0
33,F-333,558282,2011,Mercedes-Benz,E Class,E 350 LUXURY,GRAY,67924,Yes,4.8,2026-07-31,F,8700.0
40,A-144,552368,2022,Mercedes-Benz,E-Class,"",BLACK,38708,Yes,4.3,2026-07-31,A,26600.0
39,A-048,557529,2017,Mercedes-Benz,E-Class,"",BLACK,110827,Yes,4.5,2026-07-31,A,13000.0
48,G-023,558143,2020,Mercedes-Benz,G-Class,"",BLACK,26980,Yes,4.6,2026-07-31,G,126500.0
46,B-079,557398,2011,Mercedes-Benz,GL Class,GL 450,WHITE,151907,Yes,3.0,2026-07-31,B,1300.0
22,B-186,557862,2015,Mercedes-Benz,GLA Class,"",RED,159173,No,"",2026-07-31,B,3400.0
40,A-082,554418,2024,Mercedes-Benz,GLC,"",BLUE,12850,Yes,4.5,2026-07-31,A,51400.0
36,A-038,557269,2020,Mercedes-Benz,GLC,300 GLC 300 SUV,GRAY,82391,Yes,4.5,2026-07-31,A,13600.0
36,A-170,557892,2019,Mercedes-Benz,GLC,300 GLC 300 SUV,RED,97535,Yes,4.2,2026-07-31,A,11400.0
41,A-044,557472,2019,Mercedes-Benz,GLC,300 GLC 300 SUV,BLACK,76505,Yes,3.7,2026-07-31,A,13400.0
40,C-015,557239,2016,Mercedes-Benz,GLC,300 4DR GLC,WHITE,104767,Yes,4.0,2026-07-31,C,9000.0
38,A-063,552645,2023,Mercedes-Benz,GLE,"",BLACK,27090,Yes,3.5,2026-07-31,A,55200.0
40,F-287,557392,2023,Mercedes-Benz,GLE,"",BLACK,39733,Yes,4.0,2026-07-31,F,56750.0
23,B-233,558446,2020,Mercedes-Benz,GLE,350 GLE 350 SUV,WHITE,79601,No,"",2026-07-31,B,21000.0
6,O-005,560230,2018,Mercedes-Benz,GLE,350 4MATIC,BLUE,49331,No,"",2026-07-31,O,15480.0
38,B-018,557884,2016,Mercedes-Benz,GLE,350 4DR GLE,SILVER,78314,Yes,3.6,2026-07-31,B,11000.0
41,A-185,558291,2016,Mercedes-Benz,GLE,350 4DR GLE,WHITE,82719,Yes,4.4,2026-07-31,A,12800.0
39,F-250,554984,2024,Mercedes-Benz,GLS,450 4MATIC,WHITE,27184,Yes,3.7,2026-07-31,F,53200.0
31,A-024,557500,2020,Mercedes-Benz,GLS,450 4MATIC,BLACK,116036,Yes,3.8,2026-07-31,A,19600.0
34,A-248,557856,2019,Mercedes-Benz,GLS,450 4MATIC,SILVER,46747,Yes,4.7,2026-07-31,A,22600.0
33,A-132,556927,2018,Mercedes-Benz,GLS,450 4MATIC,BLACK,93637,Yes,4.2,2026-07-31,A,13200.0
39,B-011,557919,2013,Mercedes-Benz,S Class,S 550,WHITE,80361,Yes,4.0,2026-07-31,B,14000.0
9,B-190.1,558640,2016,Mercedes-Benz,SL-Class,"",BLACK,26937,No,"",2026-07-31,B,27500.0
0,C-091,558670,2016,Mercedes-Benz,SL-Class,"",BLACK,26937,No,"",2026-07-31,C,28000.0
38,E-253,555461,2020,Mercedes-Benz,Sprinter 2500,HIGH R,GRAY,32323,Yes,3.7,2026-07-31,E,50000.0
43,P-009,554879,2016,Mercedes-Benz,Sprinter 2500,HIGH,WHITE,277689,Yes,2.0,2026-07-31,P,2400.0
36,B-047.2,558062,2021,Mini,Cooper,"",WHITE,29807,Yes,4.1,2026-07-31,B,13100.0
38,A-067,555826,2018,Mini,Cooper,"",BLUE,54086,Yes,3.6,2026-07-31,A,12200.0
6,F-094.1,558394,2015,Mini,Cooper,HARDTOP S,BLUE,115118,No,"",2026-07-31,F,3000.0
22,F-014,557657,2013,Mini,Cooper,COUNTRYMAN S,BLACK,138148,No,"",2026-07-31,F,2500.0
42,A-084,556863,2018,Mini,Cooper Countryman,"",BLUE,87099,Yes,3.9,2026-07-31,A,8800.0
22,A-145,557959,2018,Mini,Cooper Countryman,"",WHITE,58353,Yes,4.5,2026-07-31,A,13400.0
35,A-239,558183,2014,Mini,Cooper Countryman,S,BLUE,88029,Yes,4.2,2026-07-31,A,6000.0
22,E-046,558435,2009,Mitsubishi,Eclipse,GS,GOLD,208168,No,"",2026-07-31,E,600.0
0,A-829,558699,2009,Mitsubishi,Eclipse,GS,"",208168,No,"",2026-07-31,A,650.0
22,B-134,557419,2009,Mitsubishi,Galant,ES,BLUE,77517,No,"",2026-07-31,B,700.0
22,E-005,558135,2009,Mitsubishi,Lancer,GTS,BLACK,212886,No,"",2026-07-31,E,700.0
44,D-028,557487,2002,Mitsubishi,Montero,LTD,SILVER,110630,Yes,3.3,2026-07-31,D,4200.0
42,F-228,555856,2023,Mitsubishi,Outlander,SE,RED,99975,Yes,4.0,2026-07-31,F,14200.0
36,C-053,558370,2022,Mitsubishi,Outlander,SE,GRAY,76484,Yes,4.0,2026-07-31,C,14800.0
23,B-056,557583,2010,Mitsubishi,Outlander,GT,GRAY,274665,No,"",2026-07-31,B,600.0
22,E-222,558127,2020,Mitsubishi,Outlander Sport,ES 2,WHITE,114221,No,"",2026-07-31,E,6700.0
41,E-129,557589,2021,Nissan,Altima,2.5 S,WHITE,108114,Yes,4.2,2026-07-31,E,8800.0
41,C-125,557311,2019,Nissan,Altima,2.5 S,BLUE,93528,Yes,3.0,2026-07-31,C,8200.0
46,D-079,551466,2016,Nissan,Altima,2.5 SL,GRAY,102022,Yes,3.0,2026-07-31,D,5400.0
22,A-265,558129,2015,Nissan,Altima,2.5 S,WHITE,231300,No,"",2026-07-31,A,700.0
22,B-131,557421,2015,Nissan,Altima,2.5 SL,RED,91534,No,"",2026-07-31,B,1400.0
22,B-137,557420,2015,Nissan,Altima,2.5 SV,BLUE,99252,No,"",2026-07-31,B,5200.0
23,A-016,558026,2014,Nissan,Altima,2.5 SV,BROWN,111007,No,"",2026-07-31,A,2600.0
22,E-199,558578,2011,Nissan,Altima,2.5 S,SILVER,187148,No,"",2026-07-31,E,600.0
6,C-002,557353,2010,Nissan,Altima,2.5 S,BLACK,228160,No,"",2026-07-31,C,600.0
22,B-159,557605,2010,Nissan,Altima,2.5 S,BLACK,124568,No,"",2026-07-31,B,1200.0
22,C-194,557747,2010,Nissan,Altima,2.5 S,RED,201941,No,"",2026-07-31,C,600.0
21,B-107,552167,2018,Nissan,Armada,SL,BROWN,134791,No,"",2026-07-31,B,6000.0
22,B-315,558233,2014,Nissan,Armada,PLATINUM,SILVER,206210,No,"",2026-07-31,B,2400.0
8,X-109,556959,2012,Nissan,Armada,PLATINUM,SILVER,184080,No,"",2026-07-31,X,700.0
21,C-171,557324,2012,Nissan,Armada,SV,SILVER,192572,No,"",2026-07-31,C,1000.0
22,E-200,558584,2024,Nissan,Frontier,PRO-X,WHITE,42873,No,"",2026-07-31,E,25600.0
35,E-123.4,558492,2022,Nissan,Frontier,SV,GRAY,75337,Yes,4.1,2026-07-31,E,21600.0
40,E-295,557251,2017,Nissan,Frontier,SV V6,GRAY,120327,Yes,4.4,2026-07-31,E,13800.0
38,D-181,558294,2014,Nissan,Frontier,SV,WHITE,111348,Yes,3.7,2026-07-31,D,10200.0
22,F-129.7,558624,2005,Nissan,Frontier, SE,WHITE,53276,No,"",2026-07-31,F,4100.0
44,D-178,557963,2011,Nissan,JUKE,SV,BLACK,162365,Yes,3.0,2026-07-31,D,800.0
36,F-206,558333,2019,Nissan,Kicks,S,GRAY,87322,Yes,4.2,2026-07-31,F,7800.0
21,B-124,556232,2018,Nissan,Kicks,SV,BLACK,80143,No,"",2026-07-31,B,6400.0
40,F-128,558102,2013,Nissan,LEAF,SL,SILVER,49399,Yes,3.5,2026-07-31,F,1500.0
35,C-317,558453,2021,Nissan,Maxima,SV,GRAY,64364,Yes,4.0,2026-07-31,C,13600.0
23,B-170,557789,2012,Nissan,Maxima,3.5 SV,BURGUNDY,216679,No,"",2026-07-31,B,1000.0
53,A-072,557566,2010,Nissan,Maxima,3.5 SV W/PREM,GRAY,172539,Yes,3.0,2026-07-31,A,1200.0
22,C-006,558469,2019,Nissan,Murano,PLATINUM,BLACK,103619,No,"",2026-07-31,C,10200.0
22,F-217,558335,2019,Nissan,Murano,SL,BLACK,218482,No,"",2026-07-31,F,2400.0
45,A-109,557578,2016,Nissan,Murano,SL,BLUE,124099,Yes,3.9,2026-07-31,A,5400.0
22,B-145,557456,2017,Nissan,MURANO SV,"",WHITE,104335,No,"",2026-07-31,B,8000.0
37,A-049,556636,2017,Nissan,MURANO SV,"",RED,55246,Yes,3.0,2026-07-31,A,6400.0
34,X-011,556498,2017,Nissan,NV 200,COMPACT CARGO,WHITE,159804,Yes,0.5,2026-07-31,X,900.0
40,C-261,557702,2015,Nissan,NV 200,S,WHITE,99788,Yes,3.0,2026-07-31,C,6700.0
28,G-017,558036,2025,Nissan,Pathfinder,ROCK CREE,GRAY,5517,Yes,5.0,2026-07-31,G,34800.0
31,F-117,557609,2023,Nissan,Pathfinder,ROCK CREE,BLACK,33651,Yes,4.8,2026-07-31,F,28400.0
39,E-012,558121,2022,Nissan,Pathfinder,SL,GRAY,99661,Yes,3.9,2026-07-31,E,17000.0
40,D-177,557955,2019,Nissan,Pathfinder,S,BLACK,84920,Yes,4.1,2026-07-31,D,10400.0
22,F-312,557052,2016,Nissan,Pathfinder,S,GRAY,204569,No,"",2026-07-31,F,900.0
22,B-098.5,558074,2015,Nissan,Pathfinder,SL,RED,121553,No,"",2026-07-31,B,4000.0
23,C-188,554981,2014,Nissan,Pathfinder,S,BLACK,186679,No,"",2026-07-31,C,800.0
22,F-195,557449,2013,Nissan,Pathfinder,PLATINUM,SILVER,164010,No,"",2026-07-31,F,700.0
21,F-012,558161,2004,Nissan,Pathfinder Armada,LE,GRAY,174416,No,"",2026-07-31,F,1700.0
21,F-202.1,558634,2006,Nissan,Quest,S SPECIAL EDIT,WHITE,94265,No,"",2026-07-31,F,1300.0
36,F-091,557118,2023,Nissan,Rogue,SV,GRAY,73803,Yes,4.3,2026-07-31,F,14100.0
22,C-004,558467,2021,Nissan,Rogue,SV,BLACK,125418,No,"",2026-07-31,C,9400.0
23,C-003,557848,2020,Nissan,Rogue,SL,BLUE,37932,No,"",2026-07-31,C,13200.0
23,F-092,557120,2019,Nissan,Rogue,S,SILVER,165736,No,"",2026-07-31,F,2600.0
6,O-002,558636,2018,Nissan,Rogue,S,GRAY,98849,No,"",2026-07-31,O,6575.0
22,B-065,558351,2018,Nissan,Rogue,SL,BLACK,134794,No,"",2026-07-31,B,4700.0
37,E-156,557048,2018,Nissan,Rogue,SL,GRAY,115353,Yes,4.4,2026-07-31,E,7700.0
22,F-030,558128,2018,Nissan,Rogue,SV,WHITE,104908,No,"",2026-07-31,F,7600.0
43,A-235,558188,2017,Nissan,Rogue,S,WHITE,325952,Yes,3.0,2026-07-31,A,1100.0
22,B-230,558463,2016,Nissan,Rogue,S,GRAY,151617,No,"",2026-07-31,B,2600.0
11,E-340,558091,2016,Nissan,Rogue,SV,BLACK,128176,No,"",2026-07-31,E,3200.0
21,F-208,558297,2015,Nissan,Rogue,SV,BLACK,111033,No,"",2026-07-31,F,6700.0
38,E-280,546469,2015,Nissan,Rogue,SV,GRAY,113008,Yes,3.8,2026-07-31,E,5200.0
49,C-060,558427,2012,Nissan,Rogue,S,WHITE,122333,Yes,3.4,2026-07-31,C,1100.0
22,E-011,558120,2011,Nissan,Rogue,SV,BLACK,134300,No,"",2026-07-31,E,600.0
0,A-826,558692,2011,Nissan,Rogue,SV,"",134300,No,"",2026-07-31,A,650.0
23,F-201,558409,2015,Nissan,Rogue Select,S,BLUE,124463,No,"",2026-07-31,F,3300.0
42,E-158,557703,2015,Nissan,Rogue Select,S,GRAY,125430,Yes,3.0,2026-07-31,E,1400.0
22,C-001,557351,2015,Nissan,Rogue Select,S,GRAY,167977,No,"",2026-07-31,C,700.0
37,C-266,557704,2021,Nissan,Rogue Sport,SV,SILVER,49062,Yes,4.4,2026-07-31,C,13800.0
45,F-129.6,558623,2018,Nissan,Rogue Sport,SV,RED,227960,Yes,3.6,2026-07-31,F,1200.0
22,C-010,557354,2017,Nissan,Rogue Sport,SL,WHITE,139829,No,"",2026-07-31,C,6100.0
36,E-161,558539,2025,Nissan,Sentra,SV,BLUE,17667,Yes,3.0,2026-07-31,E,16400.0
44,E-157,557701,2021,Nissan,Sentra,SR,RED,96985,Yes,3.0,2026-07-31,E,10200.0
22,C-198,557752,2021,Nissan,Sentra,SV,WHITE,168345,No,"",2026-07-31,C,5400.0
41,A-197,558116,2019,Nissan,Sentra,SV,WHITE,62303,Yes,4.1,2026-07-31,A,7000.0
0,A-803,558726,2018,Nissan,Sentra,S,"",131664,No,"",2026-07-31,A,650.0
38,X-008,555625,2018,Nissan,Sentra,S,BLACK,131664,Yes,0.5,2026-07-31,X,600.0
22,F-099,557484,2018,Nissan,Sentra,SV,SILVER,171469,No,"",2026-07-31,F,1100.0
37,B-307,557025,2017,Nissan,Sentra,SR,BLACK,139155,Yes,4.0,2026-07-31,B,2300.0
43,D-126,557265,2016,Nissan,Sentra,SV,SILVER,79532,Yes,3.0,2026-07-31,D,4400.0
46,E-124,558024,2016,Nissan,Sentra,SV,BLUE,99658,Yes,3.0,2026-07-31,E,2900.0
42,E-150,557709,2015,Nissan,Sentra,S,SILVER,163702,Yes,3.0,2026-07-31,E,800.0
22,D-212,554525,2015,Nissan,Sentra,SV,WHITE,106447,No,"",2026-07-31,D,600.0
23,B-154,557560,2014,Nissan,Sentra,S,BLACK,187409,No,"",2026-07-31,B,800.0
38,C-080,557987,2017,Nissan,Titan,PLATINUM RESER,BROWN,95864,Yes,3.4,2026-07-31,C,18000.0
21,A-244,558249,2011,Nissan,Titan,PRO-4X,GRAY,281565,No,"",2026-07-31,A,2100.0
22,B-199,557116,2005,Nissan,Titan,LE,WHITE,212588,No,"",2026-07-31,B,1800.0
22,F-140,557386,2005,Nissan,Titan,SE,BROWN,239100,No,"",2026-07-31,F,900.0
43,C-287,556971,2017,Nissan,Titan XD,PLATINUM RE,BLUE,66491,Yes,3.0,2026-07-31,C,18800.0
22,F-163,558498,2017,Nissan,Titan XD,PLATINUM RE,BLUE,77049,No,"",2026-07-31,F,21800.0
37,C-228,554075,2023,Nissan,Versa,SV,WHITE,108408,Yes,3.6,2026-07-31,C,8200.0
39,D-144,557382,2021,Nissan,Versa,S,BLACK,175039,Yes,3.6,2026-07-31,D,3200.0
22,F-159,558105,2018,Nissan,Versa,SEDAN SV,BLACK,224994,No,"",2026-07-31,F,800.0
23,B-160,557599,2017,Nissan,Versa,SEDAN S PLUS,BLUE,161297,No,"",2026-07-31,B,600.0
41,B-022,557875,2016,Nissan,Versa,S,GRAY,150853,Yes,3.0,2026-07-31,B,700.0
43,A-020,558046,2015,Nissan,Versa,SV,BLUE,302418,Yes,3.0,2026-07-31,A,600.0
21,C-214,558239,2014,Nissan,Versa,S,SILVER,171940,No,"",2026-07-31,C,700.0
0,A-818,558753,2000,Nissan,Xterra,XE,"",223171,No,"",2026-07-31,A,650.0
8,X-088,557467,2000,Nissan,Xterra,XE,WHITE,223171,No,"",2026-07-31,X,600.0
22,E-003,558526,1991,Oldsmobile,Ciera,"",BLUE,96333,No,"",2026-07-31,E,600.0
0,A-037,558683,1991,Oldsmobile,Ciera,"",BLUE,96333,No,"",2026-07-31,A,650.0
24,C-151,558408,2024,POLARIS,SLINGSHOT,"",GRAY,4950,Yes,4.4,2026-07-31,C,20100.0
41,D-031,557180,2000,Pontiac,Bonneville,SLE,WHITE,140328,Yes,3.4,2026-07-31,D,900.0
41,A-080,555620,2015,Porsche,911 CARRERA S,"",BLUE,66460,Yes,4.5,2026-07-31,A,59000.0
33,F-276.5,558403,2025,Porsche,Cayenne,"",WHITE,11829,Yes,4.8,2026-07-31,F,78000.0
37,A-171,557909,2023,Porsche,Cayenne,"",TAN,61061,Yes,3.6,2026-07-31,A,36000.0
37,B-054.1,558376,2023,Porsche,Cayenne,"",WHITE,47806,Yes,4.4,2026-07-31,B,43000.0
22,B-232,558360,2016,Porsche,Cayenne,4DR,BLACK,90402,No,"",2026-07-31,B,12200.0
37,A-097,557304,2016,Porsche,Cayenne,GTS,BLACK,112338,Yes,3.8,2026-07-31,A,19900.0
40,A-166,557958,2014,Porsche,Cayenne,PLATINUM EDI,BLACK,93937,Yes,2.9,2026-07-31,A,9200.0
22,E-210,558596,2025,Ram,1500,Rebel,WHITE,20394,No,"",2026-07-31,E,44800.0
35,E-093,557923,2023,Ram,1500,Laramie,WHITE,101598,Yes,3.0,2026-07-31,E,24300.0
37,C-159,556642,2021,Ram,1500,Big Horn,BLACK,93828,Yes,3.7,2026-07-31,C,17200.0
40,F-047,558028,2021,Ram,1500,Limited,RED,86503,Yes,4.1,2026-07-31,F,29500.0
46,F-062,556056,2019,Ram,1500,BIG HORN/LONE S,GRAY,109263,Yes,3.0,2026-07-31,F,16600.0
43,C-271,557873,2016,Ram,1500,BIG HORN,WHITE,123592,Yes,3.3,2026-07-31,C,11200.0
42,X-012,555762,2016,Ram,1500,Sport,BLACK,189364,Yes,0.5,2026-07-31,X,2200.0
22,F-285,556804,2015,Ram,1500,BIG HORN,WHITE,145622,No,"",2026-07-31,F,10000.0
22,C-065,551368,2015,Ram,1500,Laramie,WHITE,198392,No,"",2026-07-31,C,8000.0
22,B-015,557934,2015,Ram,1500,LARAMIE LONGHOR,RED,181973,No,"",2026-07-31,B,11700.0
42,C-254,557545,2013,Ram,1500,SLT,GRAY,170832,Yes,3.0,2026-07-31,C,2400.0
43,B-316,558235,2012,Ram,1500,BIG HORN,WHITE,180342,Yes,3.0,2026-07-31,B,4200.0
41,F-139,557429,2012,Ram,1500,EXPRESS,BLACK,170247,Yes,3.0,2026-07-31,F,4400.0
22,E-209,555468,2012,Ram,1500,LONE STAR,GRAY,185663,No,"",2026-07-31,E,2400.0
22,B-070,558354,2021,Ram,1500 DS,"",SILVER,155461,No,"",2026-07-31,B,9800.0
40,C-324,558088,2019,Ram,1500 DS,"",GRAY,138542,Yes,3.3,2026-07-31,C,7000.0
32,F-067,558387,2019,Ram,1500 ProMaster Vans,"",WHITE,68546,Yes,4.6,2026-07-31,F,15400.0
35,A-138,554079,2026,Ram,2500,Big Horn,RED,12596,Yes,4.6,2026-07-31,A,39000.0
22,C-192,554992,2022,Ram,2500,Tradesman,WHITE,85049,No,"",2026-07-31,C,31000.0
23,D-211,551538,2018,Ram,2500,BIG HORN,BLACK,188457,No,"",2026-07-31,D,15900.0
31,F-057,554460,2017,Ram,2500,Tradesman,BLACK,163300,Yes,4.3,2026-07-31,F,8600.0
41,E-266,555747,2014,Ram,2500,LONE STAR,BLACK,160637,Yes,3.0,2026-07-31,E,16000.0
6,X-095,558195,2021,Ram,2500 ProMaster Vans,"",WHITE,143636,No,"",2026-07-31,X,3900.0
9,E-198,555486,2019,Ram,2500 ProMaster Vans,"",BLUE,73504,No,"",2026-07-31,E,5000.0
22,E-186,557675,2026,Ram,3500,Tradesman,WHITE,9417,No,"",2026-07-31,E,62000.0
22,E-184,557682,2024,Ram,3500,Tradesman,WHITE,19883,No,"",2026-07-31,E,51000.0
41,X-013,556046,2015,Ram,3500,LONGHORN LIMITE,GRAY,272610,Yes,0.5,2026-07-31,X,8100.0
28,G-004,557164,2023,Rivian,R1S,ADVENTURE,WHITE,25970,Yes,4.8,2026-07-31,G,62200.0
22,C-251,557497,1999,S10,CHEVY NULL,"",WHITE,141535,No,"",2026-07-31,C,600.0
23,B-147,557554,2004,Saab,9-5,ARC,BLUE,196042,No,"",2026-07-31,B,600.0
0,A-805,558729,2004,Saab,9-5,ARC,"",196042,No,"",2026-07-31,A,650.0
41,E-119,556942,2008,Saturn,Sky,2DR CONV,BLUE,66734,Yes,3.7,2026-07-31,E,5900.0
0,A-824,558761,2008,Saturn,VUE,XR,"",173288,No,"",2026-07-31,A,650.0
38,D-024,557885,2008,Saturn,VUE,XR,RED,114205,Yes,3.3,2026-07-31,D,2200.0
22,B-214,555766,2008,Saturn,VUE,XR,ORANGE,173288,No,"",2026-07-31,B,600.0
35,A-125,556706,2023,Subaru,Ascent,ONYX EDITION,BLUE,34009,Yes,4.5,2026-07-31,A,28800.0
39,C-122,557317,2020,Subaru,Ascent,Premium,GRAY,138360,Yes,3.9,2026-07-31,C,8600.0
32,F-081,557372,2025,Subaru,Crosstrek,"",WHITE,7878,Yes,5.0,2026-07-31,F,23500.0
34,B-222,557880,2025,Subaru,Crosstrek,Premium,WHITE,29180,Yes,4.8,2026-07-31,B,23000.0
33,G-022,557765,2024,Subaru,Crosstrek,"",WHITE,4235,Yes,5.0,2026-07-31,G,23000.0
22,E-185,556986,2024,Subaru,Crosstrek,SPORT,SILVER,29897,No,"",2026-07-31,E,22000.0
20,F-090,557139,2018,Subaru,Crosstrek,Limited,BLUE,230517,No,"",2026-07-31,F,3200.0
40,D-183,558373,2017,Subaru,Crosstrek,Premium,RED,42784,Yes,3.1,2026-07-31,D,10400.0
30,D-108,555198,2025,Subaru,Forester,Limited Hyb,GRAY,2339,Yes,4.8,2026-07-31,D,34000.0
34,F-063,558170,2025,Subaru,Forester,WILDERNESS,BLUE,17128,Yes,4.9,2026-07-31,F,30000.0
36,G-007,555969,2025,Subaru,Forester,WILDERNESS,BLACK,9723,Yes,4.6,2026-07-31,G,30600.0
48,B-006.2,557976,2020,Subaru,Forester,PREMIUM,GRAY,127279,Yes,3.0,2026-07-31,B,6700.0
22,D-023,557901,2020,Subaru,Forester,TOURING,BLUE,62402,Yes,4.8,2026-07-31,D,19000.0
44,C-320,558441,2017,Subaru,Forester,2.5I CVT,SILVER,112768,Yes,3.6,2026-07-31,C,7700.0
48,B-312,557030,2014,Subaru,Forester,2.5I PREMIU,SILVER,171700,Yes,3.0,2026-07-31,B,1000.0
43,D-116,557342,2011,Subaru,Forester,2.5X PREMIU,SILVER,121681,Yes,3.0,2026-07-31,D,2800.0
39,A-081,557603,2016,Subaru,Impreza,SEDAN PREMIU,BLACK,141275,Yes,3.6,2026-07-31,A,4200.0
41,D-082,555598,2014,Subaru,Legacy,2.5I PREMIUM,GRAY,182419,Yes,3.9,2026-07-31,D,2000.0
22,F-271,557734,2011,Subaru,Legacy,2.5I LTD PWR,WHITE,126960,No,"",2026-07-31,F,4200.0
32,F-089,555967,2025,Subaru,Outback,Premium,BLACK,25443,Yes,4.6,2026-07-31,F,24600.0
30,G-016,557231,2025,Subaru,Outback,Premium,GRAY,25318,Yes,4.9,2026-07-31,G,25200.0
37,E-111.9,558604,2024,Subaru,Outback,ONYX EDITION,SILVER,26563,Yes,4.5,2026-07-31,E,26200.0
38,G-018,557230,2024,Subaru,Outback,Premium,SILVER,41259,Yes,4.5,2026-07-31,G,21600.0
40,G-012,557229,2024,Subaru,Outback,Premium,WHITE,20192,Yes,4.4,2026-07-31,G,23600.0
37,D-167,557766,2020,Subaru,Outback,Limited,GRAY,101979,Yes,3.7,2026-07-31,D,13200.0
41,D-174,557891,2019,Subaru,Outback,2.5I,BLUE,118346,Yes,3.7,2026-07-31,D,8200.0
22,F-276.3,558228,2018,Subaru,Outback,Limited,GRAY,126865,No,"",2026-07-31,F,9600.0
22,B-206,554711,2018,Subaru,Outback,Limited,SILVER,70266,No,"",2026-07-31,B,13200.0
33,F-108,557363,2025,Subaru,WRX,PREMIUM,RED,6442,Yes,4.7,2026-07-31,F,30000.0
0,O-006,561932,2023,Subaru,WRX,PREMIUM,BLUE,32608,No,"",2026-07-31,O,24895.0
32,E-255,557663,2023,Subaru,WRX,PREMIUM,BLUE,32600,Yes,4.6,2026-07-31,E,24300.0
22,E-028,558406,2015,Subaru,WRX,4DR SDN MAN,SILVER,187909,No,"",2026-07-31,E,2900.0
43,B-311,553849,2014,Subaru,XV Crosstrek,Limited,TAN,160554,Yes,3.0,2026-07-31,B,3200.0
42,A-035,557274,2023,Tesla,Model 3,"",SILVER,115502,Yes,4.1,2026-07-31,A,16400.0
43,A-079,557582,2021,Tesla,Model 3,STANDARD RAN,WHITE,66506,Yes,3.6,2026-07-31,A,18600.0
37,A-032,557476,2021,Tesla,Model Y,Long Range,WHITE,70281,Yes,4.3,2026-07-31,A,24600.0
35,C-295,557786,2023,TEYIN,BOSS BIKE,"",RED,1799,Yes,3.8,2026-07-31,C,1000.0
38,F-070,558172,2025,Toyota,4Runner,HYBRID TRD O,RED,21504,Yes,4.6,2026-07-31,F,53200.0
34,M-010,557613,2023,Toyota,4Runner,Limited,WHITE,20130,Yes,5.0,2026-07-31,M,44000.0
6,C-200,557724,2018,Toyota,4Runner,LIMITED,WHITE,136131,No,"",2026-07-31,C,17600.0
22,E-127,557962,2006,Toyota,4Runner,SR5 SPORT V6,BLACK,205617,No,"",2026-07-31,E,8200.0
39,A-218,558163,2018,Toyota,Avalon,XLE,GRAY,151664,Yes,3.2,2026-07-31,A,8400.0
22,B-207,557533,2006,Toyota,Avalon,XL,GOLD,215038,No,"",2026-07-31,B,1800.0
22,C-209,558243,2018,Toyota,C-HR,XLE,SILVER,82460,No,"",2026-07-31,C,8800.0
38,C-116,556103,2018,Toyota,C-HR,XLE PREMIUM,GREEN,110639,Yes,3.9,2026-07-31,C,6900.0
6,C-177,552417,2018,Toyota,C-HR,XLE PREMIUM,SILVER,88861,No,"",2026-07-31,C,8600.0
22,C-196,557750,2018,Toyota,C-HR,XLE PREMIUM,SILVER,94139,No,"",2026-07-31,C,7800.0
32,E-215,558213,2026,Toyota,Camry,SE,BLUE,8243,Yes,4.9,2026-07-31,E,28000.0
31,G-025,557602,2026,Toyota,Camry,SE,BLACK,490,Yes,4.9,2026-07-31,G,30200.0
34,E-131,557077,2025,Toyota,Camry,SE,GRAY,21434,Yes,4.5,2026-07-31,E,27600.0
36,M-020,557146,2025,Toyota,Camry,SE,GRAY,15513,Yes,3.0,2026-07-31,M,22600.0
33,M-014,555921,2025,Toyota,Camry,XSE,WHITE,27194,Yes,4.8,2026-07-31,M,31500.0
37,F-134,558621,2023,Toyota,Camry,LE,GRAY,63184,Yes,3.4,2026-07-31,F,18000.0
38,E-149,558470,2023,Toyota,Camry,SE,SILVER,101405,Yes,3.0,2026-07-31,E,12500.0
43,X-019,555899,2021,Toyota,Camry,SE,BLUE,74956,Yes,1.2,2026-07-31,X,6500.0
38,F-120,557143,2020,Toyota,Camry,LE,RED,227889,Yes,3.6,2026-07-31,F,5100.0
36,F-187,557443,2020,Toyota,Camry,LE,RED,61744,Yes,4.1,2026-07-31,F,14800.0
21,C-182,557329,2020,Toyota,Camry,LE,GRAY,121783,No,"",2026-07-31,C,12100.0
39,C-128,557314,2020,Toyota,Camry,SE,SILVER,80524,Yes,3.6,2026-07-31,C,16100.0
36,E-138,557078,2019,Toyota,Camry,Hybrid LE,BLUE,80954,Yes,4.2,2026-07-31,E,15600.0
44,C-303,557210,2019,Toyota,Camry,SE,GRAY,174608,Yes,3.0,2026-07-31,C,9000.0
23,B-067,558328,2019,Toyota,Camry,XSE,WHITE,78257,No,"",2026-07-31,B,17400.0
41,C-129,557315,2018,Toyota,Camry,LE,WHITE,119847,Yes,4.4,2026-07-31,C,12400.0
22,B-062,558347,2016,Toyota,Camry,SE,SILVER,264387,No,"",2026-07-31,B,4000.0
22,B-167,557796,2015,Toyota,Camry,SE,GRAY,193925,No,"",2026-07-31,B,4200.0
9,X-070,557192,2014,Toyota,Camry,LE,GRAY,94180,No,"",2026-07-31,X,5500.0
23,B-122,556381,2013,Toyota,Camry,SE,SILVER,197276,No,"",2026-07-31,B,3000.0
22,B-034,557800,2013,Toyota,Camry,SE,BLACK,182397,No,"",2026-07-31,B,4700.0
47,F-142,555999,2012,Toyota,Camry,SE,BLACK,190402,Yes,3.0,2026-07-31,F,3500.0
22,E-136,557597,2011,Toyota,Camry,4DR SDN I4 AUT,BLACK,235332,No,"",2026-07-31,E,1400.0
44,X-001,555402,2011,Toyota,Camry,LE,GRAY,272121,Yes,0.5,2026-07-31,X,600.0
0,A-801,558720,2011,Toyota,Camry,LE,"",272121,No,"",2026-07-31,A,650.0
22,C-168,557723,2009,Toyota,Camry,LE,GRAY,187779,No,"",2026-07-31,C,1300.0
22,B-237,557650,2008,Toyota,Camry,LE,BEIGE,124052,No,"",2026-07-31,B,2300.0
22,C-212,558258,2007,Toyota,Camry,LE,SILVER,283214,No,"",2026-07-31,C,900.0
22,C-019,557215,2006,Toyota,Camry,XLE V6,SILVER,238280,No,"",2026-07-31,C,1400.0
39,D-027,557471,2005,Toyota,Camry,STD,SILVER,213979,Yes,3.7,2026-07-31,D,2500.0
10,X-097,557575,2005,Toyota,Camry,STD,SILVER,129539,No,"",2026-07-31,X,2200.0
22,C-210,558238,2005,Toyota,Camry,STD,SILVER,218213,No,"",2026-07-31,C,600.0
22,F-275,558273,2003,Toyota,Camry,LE,OTHER,203875,No,"",2026-07-31,F,600.0
22,E-070,558377,2003,Toyota,Camry,LE,WHITE,199079,No,"",2026-07-31,E,1500.0
22,F-015,554876,1998,Toyota,Camry,LE,GRAY,317044,No,"",2026-07-31,F,600.0
34,M-012,555675,2026,Toyota,Corolla,LE,RED,20513,Yes,4.3,2026-07-31,M,19200.0
35,M-006,557352,2024,Toyota,Corolla,HATCHBACK SE,BLACK,53087,Yes,4.5,2026-07-31,M,18500.0
37,F-127,557693,2024,Toyota,Corolla,LE,SILVER,72714,Yes,3.6,2026-07-31,F,14800.0
36,C-117,555681,2023,Toyota,Corolla,LE,GRAY,31475,Yes,3.7,2026-07-31,C,16500.0
35,B-035,558607,2022,Toyota,Corolla,LE,WHITE,72738,Yes,4.1,2026-07-31,B,11900.0
33,M-008,551847,2021,Toyota,Corolla,HATCHBACK SE,WHITE,62667,Yes,3.9,2026-07-31,M,13500.0
38,C-130,557312,2021,Toyota,Corolla,LE,GRAY,90489,Yes,4.5,2026-07-31,C,12600.0
42,C-132,557316,2021,Toyota,Corolla,SE,BLACK,101416,Yes,4.2,2026-07-31,C,12600.0
40,C-127,555674,2020,Toyota,Corolla,LE,RED,119135,Yes,3.0,2026-07-31,C,9000.0
21,B-073,558338,2020,Toyota,Corolla,LE,WHITE,89397,No,"",2026-07-31,B,11300.0
40,D-150,557460,2020,Toyota,Corolla,SE,WHITE,132556,Yes,4.2,2026-07-31,D,11200.0
21,C-017,555256,2019,Toyota,Corolla,LE,RED,259138,No,"",2026-07-31,C,3000.0
38,P-004,551392,2019,Toyota,Corolla,LE,WHITE,106303,Yes,4.1,2026-07-31,P,9800.0
44,F-149,557629,2019,Toyota,Corolla,LE,WHITE,216824,Yes,3.0,2026-07-31,F,3000.0
9,X-067,554588,2018,Toyota,Corolla,LE,WHITE,85149,No,"",2026-07-31,X,3900.0
43,F-331,558287,2017,Toyota,Corolla,L,BLACK,216654,Yes,3.0,2026-07-31,F,2900.0
22,F-130.1,557624,2017,Toyota,Corolla,SE,BLACK,106207,No,"",2026-07-31,F,6300.0
40,F-118,557144,2016,Toyota,Corolla,S PLUS,GRAY,141649,Yes,3.2,2026-07-31,F,4100.0
22,E-123,558465,2015,Toyota,Corolla,L,SILVER,203240,No,"",2026-07-31,E,3100.0
38,F-132,557688,2015,Toyota,Corolla,LE,GRAY,183647,Yes,3.0,2026-07-31,F,4400.0
21,C-208,558261,2015,Toyota,Corolla,S,SILVER,108004,No,"",2026-07-31,C,7200.0
39,E-047,558431,2014,Toyota,Corolla,LE,GREEN,194150,Yes,4.0,2026-07-31,E,3300.0
21,C-176,557333,2014,Toyota,Corolla,LE,BLACK,125880,No,"",2026-07-31,C,5500.0
46,D-173,557764,2013,Toyota,Corolla,LE,RED,165632,Yes,4.2,2026-07-31,D,4400.0
21,C-173,557332,2013,Toyota,Corolla,S,RED,157020,No,"",2026-07-31,C,4700.0
45,C-327,558303,2012,Toyota,Corolla,LE,SILVER,141699,Yes,2.5,2026-07-31,C,3400.0
22,C-041,555417,2012,Toyota,Corolla,LE,SILVER,43243,No,"",2026-07-31,C,6200.0
37,E-139,557122,2010,Toyota,Corolla,LE,SILVER,155452,Yes,3.3,2026-07-31,E,4000.0
21,C-078,557604,2010,Toyota,Corolla,LE,SILVER,72659,No,"",2026-07-31,C,4600.0
46,E-116,558316,2010,Toyota,Corolla,S,SILVER,81454,Yes,3.0,2026-07-31,E,4000.0
22,B-212,555811,2003,Toyota,Corolla,LE,GRAY,272104,No,"",2026-07-31,B,900.0
22,B-244,558313,1996,Toyota,Corolla,DX,BLUE,233673,No,"",2026-07-31,B,700.0
33,C-134,557826,2023,Toyota,Corolla Cross,XLE,WHITE,5823,Yes,5.0,2026-07-31,C,26800.0
31,P-002,555630,2026,Toyota,Grand Highlander,LIM,RED,4664,Yes,4.7,2026-07-31,P,50000.0
37,C-189,552811,2024,Toyota,Grand Highlander,PLA,BLACK,85517,Yes,4.6,2026-07-31,C,37000.0
5,M-001,556936,2024,Toyota,Highlander,HYBRID PL,GRAY,27837,No,"",2026-07-31,M,44300.0
35,B-031,558423,2023,Toyota,Highlander,HYBRID XL,GRAY,159486,Yes,4.5,2026-07-31,B,22200.0
38,M-015,556213,2023,Toyota,Highlander,LE,BLACK,72066,Yes,3.5,2026-07-31,M,24500.0
21,C-203,557753,2023,Toyota,Highlander,XLE,GRAY,168504,No,"",2026-07-31,C,17400.0
34,D-048,557623,2020,Toyota,Highlander,Limited,GRAY,55054,Yes,4.4,2026-07-31,D,28600.0
41,C-138,558459,2020,Toyota,Highlander,Limited,BLUE,128975,Yes,3.8,2026-07-31,C,19000.0
38,D-162,557495,2018,Toyota,Highlander,HYBRID LI,WHITE,124290,Yes,4.4,2026-07-31,D,16800.0
5,Q-005,558084,2017,Toyota,Highlander,XLE,BROWN,91582,No,"",2026-07-31,Q,17700.0
39,D-153,557463,2016,Toyota,Highlander,XLE V6,GRAY,136379,Yes,4.4,2026-07-31,D,13400.0
48,E-275,554159,2015,Toyota,Highlander,LE PLUS V,SILVER,145248,Yes,3.2,2026-07-31,E,10100.0
44,F-114,557699,2014,Toyota,Highlander,LE PLUS V,WHITE,146976,Yes,3.0,2026-07-31,F,9000.0
22,E-025,558414,2014,Toyota,Highlander,LIMITED V,WHITE,226886,No,"",2026-07-31,E,8800.0
6,E-182,557695,2012,Toyota,Highlander,LIMITED V,WHITE,163997,No,"",2026-07-31,E,7100.0
38,F-270,557717,2025,Toyota,Land Cruiser,(SE,BLACK,14035,Yes,4.7,2026-07-31,F,62750.0
36,F-269,557714,2024,Toyota,Land Cruiser,(NA,BLUE,76387,Yes,4.7,2026-07-31,F,48750.0
22,B-115,556181,2009,Toyota,Matrix,S,YELLOW,196842,No,"",2026-07-31,B,2800.0
23,F-097,557478,2005,Toyota,Matrix,XR,GRAY,166524,No,"",2026-07-31,F,1100.0
37,E-148,558029,2016,Toyota,Prius,TWO ECO,RED,97214,Yes,3.3,2026-07-31,E,10000.0
5,A-236,558252,2014,Toyota,Prius,TWO,GREEN,160925,No,"",2026-07-31,A,4200.0
43,F-151,557428,2012,Toyota,Prius,TWO,SILVER,192111,Yes,3.0,2026-07-31,F,1700.0
22,F-164.2,558576,2011,Toyota,Prius,FOUR,SILVER,136702,No,"",2026-07-31,F,3500.0
22,B-204,557886,2024,Toyota,RAV4,Hybrid LE,SILVER,90831,No,"",2026-07-31,B,21600.0
34,C-140,557527,2024,Toyota,RAV4,HYBRID XLE,BLUE,44550,Yes,4.9,2026-07-31,C,28200.0
37,M-026,557888,2024,Toyota,RAV4,LE,SILVER,47139,Yes,4.8,2026-07-31,M,24500.0
34,C-033,556363,2024,Toyota,RAV4,XLE,GRAY,34242,Yes,4.6,2026-07-31,C,26750.0
32,M-013,556471,2023,Toyota,RAV4,HYBRID XLE PREM,GRAY,9460,Yes,4.9,2026-07-31,M,37000.0
33,D-132,557370,2023,Toyota,RAV4,XLE,GRAY,28642,Yes,4.7,2026-07-31,D,26800.0
37,M-003,555902,2022,Toyota,RAV4,HYBRID XLE PREM,RED,40888,Yes,3.9,2026-07-31,M,29500.0
41,F-137,557622,2021,Toyota,RAV4,LE,GRAY,141616,Yes,4.4,2026-07-31,F,14000.0
22,C-020,557214,2021,Toyota,RAV4,XLE,SILVER,143421,No,"",2026-07-31,C,14600.0
21,C-206,558264,2021,Toyota,RAV4,XLE Premium,BLACK,81550,No,"",2026-07-31,C,19600.0
22,E-294,555619,2020,Toyota,RAV4,XLE,GRAY,125229,No,"",2026-07-31,E,15600.0
21,B-231,558320,2019,Toyota,RAV4,LE,SILVER,135173,No,"",2026-07-31,B,12800.0
41,C-126,557307,2019,Toyota,RAV4,XLE,SILVER,119807,Yes,4.5,2026-07-31,C,15800.0
37,F-297,557736,2018,Toyota,RAV4,HYBRID XLE,SILVER,108998,Yes,4.3,2026-07-31,F,15000.0
22,B-070.5,558329,2016,Toyota,RAV4,LE,BLACK,68326,No,"",2026-07-31,B,12600.0
22,F-129.4,558573,2016,Toyota,RAV4,LE,RED,167494,No,"",2026-07-31,F,6700.0
41,E-141,558468,2013,Toyota,RAV4,LE,WHITE,159501,Yes,3.6,2026-07-31,E,5200.0
45,A-043,557469,2013,Toyota,RAV4,Limited,BLACK,238357,Yes,3.0,2026-07-31,A,5200.0
45,C-112,557831,2013,Toyota,RAV4,XLE,SILVER,123098,Yes,3.0,2026-07-31,C,6800.0
21,B-179,557843,2012,Toyota,RAV4,4DR I4 (NAT,BLUE,159783,No,"",2026-07-31,B,3800.0
22,F-034,558214,2009,Toyota,RAV4,4DR 4-CYL 4,BLACK,221349,No,"",2026-07-31,F,1400.0
22,C-169,557323,2009,Toyota,RAV4,Limited,WHITE,222372,No,"",2026-07-31,C,3600.0
46,F-148,557426,2014,Toyota,Sequoia,LIMITED 5.7L,GRAY,166778,Yes,3.2,2026-07-31,F,14000.0
42,D-118,557344,2007,Toyota,Sequoia,Limited,BLACK,119588,Yes,3.8,2026-07-31,D,9200.0
38,E-123.2,558479,2021,Toyota,Sienna,XLE,SILVER,145185,Yes,4.0,2026-07-31,E,21500.0
16,F-103,554435,2017,Toyota,Sienna,XLE 8 PASSENG,SILVER,171038,No,"",2026-07-31,F,9000.0
22,E-140,557085,2016,Toyota,Sienna,LE 8 PASSENGE,SILVER,273681,No,"",2026-07-31,E,3700.0
22,F-124,557700,2015,Toyota,Sienna,XLE 8 PASSENG,GRAY,189085,No,"",2026-07-31,F,4600.0
48,C-115,557313,2011,Toyota,Sienna,LE V6,BEIGE,162595,Yes,3.0,2026-07-31,C,4700.0
44,F-058,556052,2010,Toyota,Sienna,LE,GRAY,229183,Yes,3.0,2026-07-31,F,1000.0
22,C-187,556591,2008,Toyota,Sienna,LIMITED,SILVER,189958,No,"",2026-07-31,C,1300.0
21,F-286,557395,2006,Toyota,Sienna,LE,BEIGE,223850,No,"",2026-07-31,F,1200.0
30,M-021,557611,2026,Toyota,Tacoma,HYBRID LIMITE,BLACK,3504,Yes,5.0,2026-07-31,M,49000.0
32,M-009,555906,2025,Toyota,Tacoma,SR5,RED,2289,Yes,4.7,2026-07-31,M,35600.0
34,M-002,555915,2025,Toyota,Tacoma,TRD SPORT,RED,16743,Yes,4.8,2026-07-31,M,39500.0
36,E-066,558530,2023,Toyota,Tacoma,SR5 V6,GRAY,62600,Yes,4.4,2026-07-31,E,25000.0
46,C-024,557101,2022,Toyota,Tacoma,SR5,SILVER,74202,Yes,3.7,2026-07-31,C,21500.0
40,E-103,557406,2022,Toyota,Tacoma,SR5 V6,GRAY,133688,Yes,4.2,2026-07-31,E,18800.0
40,F-150,557384,2019,Toyota,Tacoma,SR5 V6,WHITE,91463,Yes,3.4,2026-07-31,F,17600.0
34,E-302,557328,2017,Toyota,Tacoma,TRD OFF ROAD,SILVER,74041,Yes,4.7,2026-07-31,E,27600.0
23,C-221,558011,2015,Toyota,Tacoma,PRERUNNER V6,WHITE,199017,No,"",2026-07-31,C,7500.0
21,F-193,557986,2007,Toyota,Tacoma,PRERUNNER,RED,154772,No,"",2026-07-31,F,6600.0
34,G-010,558014,2025,Toyota,Tundra,Platinum,BLACK,20925,Yes,5.0,2026-07-31,G,51500.0
22,A-252,557860,2017,Toyota,Tundra,LIMITED 5.7L,BLUE,101180,No,"",2026-07-31,A,20500.0
54,D-142,557252,2012,Toyota,Tundra,GRADE V6,GRAY,130926,Yes,3.0,2026-07-31,D,10800.0
22,E-220,555251,2010,Toyota,Tundra,GRADE 5.7L V8,WHITE,213179,No,"",2026-07-31,E,4400.0
42,X-043,553951,2007,Toyota,Tundra,SR5 4.7L V8,GRAY,216889,Yes,0.5,2026-07-31,X,1600.0
22,B-205,554700,2007,Toyota,Tundra,SR5 4.7L V8,BLACK,226940,No,"",2026-07-31,B,3700.0
10,X-083,557561,2004,Toyota,Tundra,LIMITED V8,GRAY,144974,No,"",2026-07-31,X,1100.0
38,A-002,558031,2022,Toyota,Venza,LIMITED,BLACK,93317,Yes,4.3,2026-07-31,A,23600.0
22,C-077,557528,2014,Toyota,Venza,XLE,WHITE,186105,No,"",2026-07-31,C,5600.0
21,C-180,557325,2007,Toyota,Yaris,4DR SDN AUTO B,GREEN,190583,No,"",2026-07-31,C,1800.0
41,C-205,558263,2018,Toyota,Yaris iA,AUTO (NATL),BLUE,76647,Yes,3.0,2026-07-31,C,7000.0
22,B-200,558458,2018,Toyota,Yaris iA,MANUAL (NAT,GRAY,158799,No,"",2026-07-31,B,3300.0
39,D-121,557234,2019,Volkswagen,Atlas,3.6L V6 SE W/T,WHITE,81376,Yes,4.0,2026-07-31,D,11400.0
38,D-165,557732,2018,Volkswagen,Atlas,3.6L V6 SE,BLACK,102014,Yes,4.2,2026-07-31,D,11400.0
40,E-142,557592,2024,Volkswagen,Atlas Cross Sport,2.,BLUE,46518,Yes,4.5,2026-07-31,E,27800.0
35,C-179,557331,2020,Volkswagen,Atlas Cross Sport,2.,BLACK,61747,Yes,4.2,2026-07-31,C,15400.0
45,E-026,558415,2012,Volkswagen,CC,SPORT PZEV,BLACK,157246,Yes,3.0,2026-07-31,E,700.0
22,B-098.3,558065,2022,Volkswagen,GTI,"",BLUE,60658,No,"",2026-07-31,B,22000.0
33,X-016,552383,2018,Volkswagen,GTI,"",WHITE,106519,Yes,0.5,2026-07-31,X,9300.0
23,F-101,557501,2015,Volkswagen,GTI,"",GRAY,81859,No,"",2026-07-31,F,9000.0
33,A-254,558436,2024,Volkswagen,Jetta,Sport,WHITE,25572,Yes,4.1,2026-07-31,A,15600.0
34,A-095,554274,2021,Volkswagen,Jetta,SEL,WHITE,41557,Yes,3.4,2026-07-31,A,13400.0
23,F-095,557481,2019,Volkswagen,Jetta,GLI S,WHITE,161668,No,"",2026-07-31,F,8200.0
37,D-109,556143,2019,Volkswagen,Jetta,R LINE,BLUE,14384,Yes,4.4,2026-07-31,D,14500.0
34,B-039,556608,2019,Volkswagen,Jetta,S,WHITE,132895,Yes,3.7,2026-07-31,B,2800.0
44,A-180,557949,2017,Volkswagen,Jetta,1.4T S,BLUE,135176,Yes,3.8,2026-07-31,A,3800.0
41,F-293,558223,2016,Volkswagen,Jetta,SEDAN 1.4T SE,BURGUNDY,108387,Yes,3.5,2026-07-31,F,3900.0
22,B-238,557652,2013,Volkswagen,Jetta,SEDAN SE,SILVER,139457,No,"",2026-07-31,B,2000.0
48,F-144,557114,2013,Volkswagen,Jetta,SEDAN SEL,BLACK,134273,Yes,3.0,2026-07-31,F,800.0
22,F-256,557754,2012,Volkswagen,Jetta,SEDAN SE,BLACK,110611,No,"",2026-07-31,F,1700.0
39,D-139,557339,2012,Volkswagen,Jetta,SEDAN SE,WHITE,89500,Yes,3.0,2026-07-31,D,1800.0
46,F-154,557431,2011,Volkswagen,Jetta,SEDAN SE,GRAY,126470,Yes,3.0,2026-07-31,F,600.0
43,E-010,558117,2012,Volkswagen,Passat,SE,BLUE,179164,Yes,3.9,2026-07-31,E,1900.0
36,A-116,557614,2023,Volkswagen,Taos,SE,WHITE,99138,Yes,4.3,2026-07-31,A,10500.0
22,E-172,557995,2022,Volkswagen,Taos,S,BLACK,47488,No,"",2026-07-31,E,14600.0
22,C-216,558244,2022,Volkswagen,Tiguan,SE,SILVER,114728,No,"",2026-07-31,C,9000.0
24,P-006,550652,2022,Volkswagen,Tiguan,SE,WHITE,98984,Yes,4.4,2026-07-31,P,12300.0
34,C-049,557236,2020,Volkswagen,Tiguan,SE,WHITE,57007,Yes,4.6,2026-07-31,C,16200.0
22,B-224,557263,2019,Volkswagen,Tiguan,S,WHITE,144559,No,"",2026-07-31,B,4200.0
48,D-037,557156,2019,Volkswagen,Tiguan,SE,SILVER,159946,Yes,3.0,2026-07-31,D,4800.0
39,E-292,555614,2019,Volkswagen,Tiguan,SEL PREMIUM,GRAY,29600,Yes,3.9,2026-07-31,E,16400.0
48,B-006.3,557981,2018,Volkswagen,Tiguan,SEL,WHITE,96353,Yes,3.1,2026-07-31,B,6300.0
22,F-203,558401,2016,Volkswagen,Tiguan,SEL,GRAY,103452,No,"",2026-07-31,F,3600.0
22,C-166,557718,2011,Volkswagen,Tiguan,S,WHITE,195905,No,"",2026-07-31,C,600.0
22,A-234,558480,1990,Volvo,240,4DR SEDAN 5-SPD,BLUE,187888,No,"",2026-07-31,A,2200.0
37,F-244,556149,2021,Volvo,XC60,"",GRAY,52916,Yes,4.0,2026-07-31,F,23000.0
31,E-008,556544,2021,Volvo,XC60,"",WHITE,103344,Yes,4.5,2026-07-31,E,12000.0
41,B-001,557932,2017,Volvo,XC60,"",GRAY,121775,Yes,1.7,2026-07-31,B,6200.0
35,A-267,554846,2022,Volvo,XC90,"",WHITE,106598,Yes,4.6,2026-07-31,A,17200.0
22,F-258,557760,2019,Volvo,XC90,MOMENTUM,BLACK,127765,No,"",2026-07-31,F,8800.0
21,B-150,557569,2016,Volvo,XC90,"",BLACK,156769,No,"",2026-07-31,B,3800.0
