Picture Count,Run Number,Stock #,Year,Make,Model,Style,Color,Odometer,CR,Grade,Sale Date,Lane,Price
28,D-058,180214,2025,Acura,ADX,W/A-SPEC PACKAGE,BLACK,3817,Yes,4.9,2026-09-02,D,31700.0
38,B-392,180597,2017,Acura,ILX,W/PREMIUM PKG,GRAY,72614,Yes,4.5,2026-09-02,B,12800.0
29,O-006,178493,2026,Acura,Integra,W/A-SPEC TEC,BLUE,3683,Yes,4.9,2026-09-02,O,31400.0
27,X-001,179908,2024,Acura,Integra,CVT,BLACK,19219,Yes,4.5,2026-09-02,X,24700.0
24,D-145,181483,2024,Acura,Integra,CVT,BLACK,14557,Yes,"",2026-09-02,D,23300.0
29,D-078,180895,2024,Acura,Integra,W/A-SPEC PAC,GRAY,40545,Yes,4.4,2026-09-02,D,24200.0
34,D-076,180887,2024,Acura,Integra,W/A-SPEC TEC,GRAY,15861,Yes,3.7,2026-09-02,D,26600.0
26,C-186,180416,2026,Acura,MDX,W/TECHNOLOGY PAC,BLACK,5072,Yes,4.8,2026-09-02,C,45000.0
31,C-175,180401,2025,Acura,MDX,"",WHITE,25308,Yes,3.1,2026-09-02,C,36000.0
27,C-176,180402,2025,Acura,MDX,SH-,BLUE,18557,Yes,4.5,2026-09-02,C,37100.0
28,W-003,179325,2025,Acura,MDX,W/TECHNOLOGY PAC,BLACK,27666,Yes,4.5,2026-09-02,W,39500.0
26,C-183,180413,2025,Acura,MDX,W/TECHNOLOGY PAC,WHITE,21165,Yes,4.6,2026-09-02,C,43800.0
32,C-178,180411,2025,Acura,MDX,W/TECHNOLOGY PAC,RED,28767,Yes,3.7,2026-09-02,C,37900.0
26,C-179,180410,2024,Acura,MDX,"",BLUE,27118,Yes,4.4,2026-09-02,C,33800.0
27,B-410,180394,2024,Acura,MDX,SH-,SILVER,42495,Yes,4.3,2026-09-02,B,31600.0
30,X-004,179534,2024,Acura,MDX,W/TECHNOLOGY PAC,GRAY,16068,Yes,4.3,2026-09-02,X,38900.0
29,D-150,181495,2024,Acura,MDX,W/TECHNOLOGY PAC,WHITE,33629,Yes,4.3,2026-09-02,D,35000.0
0,W-008,180355,2024,Acura,MDX,W/TECHNOLOGY PAC,BLACK,32332,No,"",2026-09-02,W,35500.0
30,D-146,181486,2023,Acura,MDX,W/A-SPEC PACKAGE,RED,33375,Yes,4.3,2026-09-02,D,37000.0
9,B-415,181581,2023,Acura,MDX,W/A-SPEC PACKAGE,WHITE,42243,No,"",2026-09-02,B,33500.0
29,C-173,180420,2023,Acura,MDX,W/TECHNOLOGY PAC,BLUE,38850,Yes,4.4,2026-09-02,C,33900.0
35,D-037,180886,2020,Acura,MDX,W/TECHNOLOGY PKG,GRAY,65066,Yes,4.1,2026-09-02,D,21400.0
7,D-133,181386,2005,Acura,MDX,Touring,GRAY,244653,No,"",2026-09-02,D,500.0
31,O-001,179376,2025,Acura,RDX,W/A-SPEC PACKAGE,RED,12646,Yes,4.8,2026-09-02,O,39000.0
8,B-160.4,181180,2025,Acura,RDX,W/TECHNOLOGY PAC,GRAY,7713,No,"",2026-09-02,B,37000.0
30,D-067,178965,2024,Acura,RDX,W/TECHNOLOGY PAC,GRAY,39852,Yes,4.3,2026-09-02,D,31400.0
0,W-019,181536,2024,Acura,RDX,W/TECHNOLOGY PAC,BLUE,12932,No,"",2026-09-02,W,34400.0
8,B-412,181578,2023,Acura,RDX,W/TECHNOLOGY PAC,SILVER,23484,No,"",2026-09-02,B,29600.0
26,C-185,180431,2023,Acura,RDX,W/TECHNOLOGY PAC,BLUE,22769,Yes,4.5,2026-09-02,C,30600.0
31,D-149,181491,2023,Acura,RDX,W/TECHNOLOGY PAC,RED,39015,Yes,4.5,2026-09-02,D,29000.0
10,C-401,180815,2018,Acura,RDX,"",WHITE,84546,No,"",2026-09-02,C,9200.0
8,B-163,180349,2013,Acura,TL,4DR SDN AUTO,BLACK,97554,No,"",2026-09-02,B,5800.0
7,B-158,181573,2006,Acura,TL,4DR SDN AT,WHITE,176057,No,"",2026-09-02,B,1700.0
30,D-068,180786,2025,Acura,TLX,W/A-SPEC PACKAGE,GRAY,15896,Yes,2.8,2026-09-02,D,35500.0
24,A-101.3,181500,2021,Acura,TLX,W/TECHNOLOGY PAC,GRAY,44939,Yes,"",2026-09-02,A,21000.0
44,F-033,176224,2020,Acura,TLX,2.4L,WHITE,102609,Yes,1.3,2026-09-02,F,9500.0
7,C-388,180648,2019,Alfa Romeo,Giulia,TI SPORT,BLACK,89681,No,"",2026-09-02,C,7200.0
27,D-277,180629,2022,Alfa Romeo,Stelvio,VELOCE,GRAY,31762,Yes,4.3,2026-09-02,D,21200.0
30,A-142,180381,2021,Alfa Romeo,Stelvio,"",WHITE,57285,Yes,3.6,2026-09-02,A,14200.0
23,A-248,181411,2024,Audi,A3,PREMIUM,BLACK,32469,Yes,"",2026-09-02,A,17000.0
30,A-175.4,181328,2022,Audi,A3,PREMIUM,WHITE,43788,Yes,4.0,2026-09-02,A,19200.0
29,A-241,181468,2020,Audi,A3,SEDAN PREMIUM,WHITE,26778,Yes,4.6,2026-09-02,A,15200.0
26,B-140,180445,2018,Audi,A3,SEDAN PREMIUM,BLACK,78354,Yes,"",2026-09-02,B,6800.0
29,D-125,181368,2015,Audi,A3,1.8T PREMIUM,WHITE,103435,Yes,4.2,2026-09-02,D,5200.0
7,A-251,181552,2020,Audi,A3 SEDAN S LINE PREM,"",BLUE,98857,No,"",2026-09-02,A,8800.0
8,B-252,180618,2023,Audi,A4,SEDAN PREMIUM PLU,WHITE,34517,No,"",2026-09-02,B,21000.0
39,B-390,180596,2018,Audi,A4,Premium Plus,BLACK,86018,Yes,3.8,2026-09-02,B,13600.0
7,D-018,180885,2017,Audi,A4,Premium,GRAY,120454,No,"",2026-09-02,D,4800.0
7,D-253,180678,2006,Audi,A4,1.8T,TAN,155490,No,"",2026-09-02,D,2000.0
33,C-169,181017,2024,Audi,A5,SPORTBACK PREMIUM,WHITE,30486,Yes,3.4,2026-09-02,C,24600.0
34,B-431,179056,2018,Audi,A5,SPORTBACK PRESTIG,BLACK,63119,Yes,2.7,2026-09-02,B,15600.0
7,B-400,181504,2018,Audi,A5,SPORTBACK PRESTIG,BLACK,176353,No,"",2026-09-02,B,5700.0
25,A-247,181401,2015,Audi,A5,Premium,BLUE,106223,Yes,"",2026-09-02,A,5900.0
7,B-310,180080,2011,Audi,A5,2.0T PREMIUM PLUS,WHITE,139443,No,"",2026-09-02,B,2900.0
30,B-430,180598,2016,Audi,A6,"",BLACK,88309,Yes,3.4,2026-09-02,B,10600.0
33,B-038,179230,2015,Audi,A6,3.0L TDI PRESTIGE,BLACK,193642,Yes,2.6,2026-09-02,B,3900.0
7,B-131,181545,2015,Audi,A8,L,BLACK,122203,No,"",2026-09-02,B,6000.0
39,A-259,181485,2015,Audi,A8,L,BROWN,60223,Yes,3.6,2026-09-02,A,11600.0
30,A-246,181503,2022,Audi,Q3,Premium,BLACK,16981,Yes,"",2026-09-02,A,16600.0
8,A-263,181549,2022,Audi,Q3 S-Line,PREMIUM PL,BLACK,80641,No,"",2026-09-02,A,18200.0
25,A-245,181499,2021,Audi,Q3 S-Line,Premium,BLACK,43988,Yes,"",2026-09-02,A,17400.0
29,B-437,180987,2024,Audi,Q5,S LINE PREMIUM,GREEN,21924,Yes,3.9,2026-09-02,B,26400.0
30,B-398,181450,2020,Audi,Q5,Prestige,GRAY,64316,Yes,4.5,2026-09-02,B,16600.0
8,A-264,181550,2019,Audi,Q5,Premium Plus,GRAY,70391,No,"",2026-09-02,A,13000.0
24,A-260,181473,2015,Audi,Q5,Premium Plus,GRAY,86302,Yes,"",2026-09-02,A,6100.0
31,B-435,179058,2022,Audi,Q5 S-Line,"",WHITE,95801,Yes,2.7,2026-09-02,B,12400.0
31,A-254,181474,2022,Audi,Q5 S-Line,PRESTIGE,BLACK,71899,Yes,4.2,2026-09-02,A,18800.0
32,B-432,180633,2023,Audi,Q7,PREMIUM PLUS,BLACK,60646,Yes,3.9,2026-09-02,B,22750.0
28,B-436,181011,2023,Audi,Q7,PREMIUM PLUS,BLUE,28622,Yes,4.2,2026-09-02,B,28800.0
32,A-261,181540,2018,Audi,Q7,Premium Plus,SILVER,106844,Yes,3.5,2026-09-02,A,7900.0
34,A-250,181449,2017,Audi,Q7,"",WHITE,114422,Yes,3.3,2026-09-02,A,7400.0
33,B-406,181512,2019,Audi,Q8,Premium Plus,BLACK,106029,Yes,4.0,2026-09-02,B,17800.0
29,D-262,180635,2022,Audi,RS 3,2.5 TFSI,BLACK,45820,Yes,4.5,2026-09-02,D,46600.0
24,W-011,177312,2023,Audi,RS Q8,4.0 TFSI QUATT,BLACK,27326,Yes,4.8,2026-09-02,W,77000.0
9,B-441,181026,2012,Audi,S5,Prestige,GRAY,126554,No,"",2026-09-02,B,3500.0
8,B-161.2,181273,2023,Audi,SQ5,SPORTBACK PREMIU,BLACK,31876,No,"",2026-09-02,B,31200.0
26,B-438,180985,2018,Audi,SQ5,Premium Plus,BLUE,58896,Yes,4.7,2026-09-02,B,16400.0
33,A-377,171689,2017,Bentley,Continental,GT V8 S,BLUE,29908,Yes,3.7,2026-09-02,A,70000.0
23,A-311,180692,2012,Bentley,Continental,GT 2DR C,GRAY,55930,Yes,"",2026-09-02,A,36200.0
9,A-109,180266,2013,Bentley,CONTINENTAL GT 2DR C,"",WHITE,18936,No,"",2026-09-02,A,40000.0
7,C-151,180091,2023,BMW,3-Series,M340i,WHITE,58040,No,"",2026-09-02,C,38200.0
34,C-083.7,181378,2020,BMW,3-Series,330i,SILVER,107947,Yes,3.7,2026-09-02,C,12800.0
31,B-096,179391,2019,BMW,3-Series,330I XDRIVE,BLACK,84200,Yes,4.0,2026-09-02,B,16400.0
7,B-127,181332,2014,BMW,3-Series,328I XDRIVE,BLACK,143607,No,"",2026-09-02,B,3200.0
7,A-312,180699,2013,BMW,3-Series,328i,BLACK,143233,No,"",2026-09-02,A,1000.0
24,D-300,181082,2013,BMW,3-Series,328i,WHITE,1,Yes,"",2026-09-02,D,500.0
8,B-160.6,181193,2024,BMW,4-Series,430i,WHITE,30899,No,"",2026-09-02,B,29600.0
31,C-083.3,181358,2021,BMW,4-Series,430i,GRAY,47471,Yes,3.7,2026-09-02,C,23800.0
35,D-206,180570,2017,BMW,4-Series,430I,SILVER,67983,Yes,1.8,2026-09-02,D,9600.0
9,B-465,180478,2014,BMW,5-Series,535i,BLUE,177204,No,"",2026-09-02,B,4200.0
25,A-017,181416,2015,BMW,6 SERIES 650I XDRIVE,"",BLACK,130373,Yes,"",2026-09-02,A,8800.0
25,A-178,181531,2023,BMW,M3,COMPETITION XDRIV,GREEN,26563,Yes,4.7,2026-09-02,A,80000.0
30,C-061,180470,2021,BMW,X1,sDrive28i,SILVER,79879,Yes,4.4,2026-09-02,C,14200.0
29,B-224,180533,2020,BMW,X1,sDrive28i,BROWN,65706,Yes,4.0,2026-09-02,B,12200.0
23,A-252,181470,2018,BMW,X1,sDrive28i,WHITE,87875,Yes,"",2026-09-02,A,6700.0
7,B-285,180698,2015,BMW,X1,sDrive28i,WHITE,141967,No,"",2026-09-02,B,3900.0
8,B-375,181227,2014,BMW,X1,sDrive28i,BLUE,111817,No,"",2026-09-02,B,2600.0
8,B-195,180872,2026,BMW,X3,30 xDrive,GRAY,15131,No,"",2026-09-02,B,34800.0
8,B-359,181189,2004,BMW,X3,3.0I,BLUE,201257,No,"",2026-09-02,B,500.0
31,B-409,181514,2020,BMW,X4,XDrive30i,BLACK,77349,Yes,4.7,2026-09-02,B,19200.0
32,D-066,178959,2026,BMW,X5,XDrive40i,BLACK,17203,Yes,4.2,2026-09-02,D,56000.0
33,D-083,179690,2024,BMW,X5,sDrive40i,WHITE,57570,Yes,4.1,2026-09-02,D,31000.0
8,B-376,181271,2024,BMW,X5,XDrive40i,GRAY,23658,No,"",2026-09-02,B,50400.0
28,D-279.1,180626,2023,BMW,X5,M SPORTS ACTIVITY,BLACK,55849,Yes,4.6,2026-09-02,D,59500.0
35,D-231,179924,2022,BMW,X5,XDrive40i,WHITE,60998,Yes,4.1,2026-09-02,D,29000.0
8,D-064,180785,2015,BMW,X5,XDrive35i,BLACK,129747,No,"",2026-09-02,D,6400.0
9,B-469,180486,2004,BMW,X5,3.0I,GREEN,170905,No,"",2026-09-02,B,800.0
43,F-001,178949,2024,BMW,X6,XDrive40i,BLACK,35907,Yes,3.6,2026-09-02,F,51000.0
30,B-374,181228,2024,Buick,Enclave,Essence,BLACK,31724,Yes,3.9,2026-09-02,B,26000.0
36,A-036,180517,2023,Buick,Enclave,Essence,BLACK,50397,Yes,3.9,2026-09-02,A,22600.0
33,B-265,180243,2016,Buick,Enclave,Leather,WHITE,91861,Yes,4.4,2026-09-02,B,7000.0
8,B-264,180253,2012,Buick,Enclave,Leather,WHITE,77738,No,"",2026-09-02,B,4800.0
7,C-417,181335,2009,Buick,Enclave,CXL,RED,140494,No,"",2026-09-02,C,1000.0
8,B-176,179386,2021,Buick,Encore,Preferred,SILVER,69972,No,"",2026-09-02,B,5900.0
30,A-083,181195,2020,Buick,Encore,Preferred,BLACK,10633,Yes,4.3,2026-09-02,A,14400.0
8,A-188,180826,2019,Buick,Encore,Preferred,BROWN,124241,No,"",2026-09-02,A,4000.0
32,C-259,179418,2019,Buick,Encore,Preferred,WHITE,41130,Yes,3.4,2026-09-02,C,6500.0
30,A-162,181027,2024,Buick,Encore GX,SPORT TOUR,BLACK,21519,Yes,4.4,2026-09-02,A,18500.0
7,C-233,180226,2020,Buick,Encore GX,Select,BLACK,142195,No,"",2026-09-02,C,3000.0
29,A-082,181215,2025,Buick,Envision,SPORT TOURI,RED,1660,Yes,4.4,2026-09-02,A,31400.0
31,C-331,180717,2019,Buick,Envision,Essence,WHITE,52794,Yes,4.4,2026-09-02,C,15600.0
8,B-246.5,181350,2006,Buick,LaCrosse,CXL,BLUE,1,No,"",2026-09-02,B,500.0
24,B-226,180724,2016,Cadillac,ATS,ATS-V COUPE 2DR CPE,BLACK,95466,Yes,"",2026-09-02,B,22000.0
37,F-039,176241,2015,Cadillac,ATS,COUPE PREMIUM AW,BLACK,99059,Yes,2.0,2026-09-02,F,6200.0
27,C-182,180464,2024,Cadillac,CT4,Luxury,BLACK,12801,Yes,4.6,2026-09-02,C,29000.0
23,C-068,180986,2023,Cadillac,CT4,Luxury,WHITE,37151,Yes,"",2026-09-02,C,23400.0
25,O-003,176917,2019,Cadillac,CTS,SEDAN LUXURY,BLACK,88217,Yes,"",2026-09-02,O,5500.0
7,B-377,181331,2018,Cadillac,CTS,CTS-V SEDAN,WHITE,97280,No,"",2026-09-02,B,44500.0
24,D-285,180966,2015,Cadillac,CTS,SEDAN,WHITE,195733,Yes,"",2026-09-02,D,1800.0
32,C-155,180005,2024,Cadillac,Escalade,ESV PRE,BLACK,86144,Yes,3.7,2026-09-02,C,48250.0
28,B-309,180761,2023,Cadillac,Escalade,Luxury,SILVER,82190,Yes,4.3,2026-09-02,B,39500.0
7,B-288,180746,2021,Cadillac,Escalade,ESV PREMIUM,BLACK,69444,No,"",2026-09-02,B,44500.0
32,A-144,180383,2019,Cadillac,Escalade,ESV Luxury,BLACK,74197,Yes,3.2,2026-09-02,A,24400.0
24,C-140,179988,2019,Cadillac,Escalade,Luxury,WHITE,58615,Yes,"",2026-09-02,C,27500.0
8,C-367,180466,2008,Cadillac,SRX,"",RED,178818,No,"",2026-09-02,C,500.0
29,C-164,180037,2021,Cadillac,XT4,Luxury,WHITE,100480,Yes,3.2,2026-09-02,C,7000.0
39,D-235,180577,2019,Cadillac,XT4,Sport,SILVER,69223,Yes,3.6,2026-09-02,D,15000.0
26,B-365,181221,2023,Cadillac,XT5,PREMIUM LUXU,BLACK,34072,Yes,4.1,2026-09-02,B,29200.0
24,C-083.1,181325,2017,Cadillac,XT5,Luxury,RED,122019,Yes,"",2026-09-02,C,7400.0
32,O-002,179995,2017,Cadillac,XT5,Luxury,RED,49342,Yes,4.5,2026-09-02,O,13500.0
8,B-073,180337,2017,Cadillac,XT5,PREMIUM LUXURY F,BLACK,135382,No,"",2026-09-02,B,7000.0
32,C-158,180024,2023,Cadillac,XT6,Luxury,RED,23227,Yes,3.9,2026-09-02,C,27000.0
7,C-407,180585,2013,Cadillac,XTS,Platinum,BLUE,90818,No,"",2026-09-02,C,3000.0
9,B-385,181413,2007,Chevrolet,Avalanche,LT W/1LT,WHITE,111197,No,"",2026-09-02,B,4700.0
36,F-035,176623,2019,Chevrolet,Blazer,4DR W/2LT,SILVER,136842,Yes,2.2,2026-09-02,F,5000.0
40,D-029,181144,2023,Chevrolet,Bolt EUV,LT,BLACK,76154,Yes,2.4,2026-09-02,D,10000.0
30,B-244,181067,2022,Chevrolet,Camaro,2SS,BLUE,46462,Yes,3.6,2026-09-02,B,33800.0
29,B-124,180321,2019,Chevrolet,Camaro,1LT,RED,95824,Yes,4.2,2026-09-02,B,13200.0
26,A-209,180575,2013,Chevrolet,Camaro,LT,BLACK,102694,Yes,"",2026-09-02,A,1700.0
9,B-245,181073,2006,Chevrolet,Cobalt,LS,SILVER,139766,No,"",2026-09-02,B,700.0
36,F-022,174437,2022,Chevrolet,Colorado, LT,WHITE,42854,Yes,3.9,2026-09-02,F,21200.0
9,B-387,181576,2023,Chevrolet,Corvette,3LT,WHITE,29376,No,"",2026-09-02,B,64800.0
34,D-236,179907,2022,Chevrolet,Corvette,2LT,WHITE,24973,Yes,3.8,2026-09-02,D,57200.0
8,C-285,180834,2016,Chevrolet,Cruze,LT,GRAY,236514,No,"",2026-09-02,C,600.0
7,C-317,175315,2014,Chevrolet,Cruze,LS,GOLD,107946,No,"",2026-09-02,C,1500.0
8,B-107,180249,2013,Chevrolet,Cruze,1LT,SILVER,140542,No,"",2026-09-02,B,2300.0
9,B-301,179837,2016,Chevrolet,Cruze Limited,LS,SILVER,91664,No,"",2026-09-02,B,2100.0
0,X-005,181447,2025,Chevrolet,Equinox,RS,GRAY,5752,Yes,4.8,2026-09-02,X,29300.0
32,B-144,180483,2024,Chevrolet,Equinox,LS,WHITE,54112,Yes,4.2,2026-09-02,B,16000.0
8,B-379,181357,2023,Chevrolet,Equinox,LT,GRAY,62802,No,"",2026-09-02,B,12400.0
40,F-028,176940,2022,Chevrolet,Equinox,LS,BLACK,70342,Yes,1.4,2026-09-02,F,10700.0
41,F-104,177563,2022,Chevrolet,Equinox,LT,SILVER,89072,Yes,1.3,2026-09-02,F,3100.0
27,A-049,181431,2022,Chevrolet,Equinox,LT,SILVER,14037,Yes,4.6,2026-09-02,A,21200.0
24,A-038,180524,2021,Chevrolet,Equinox,LT,WHITE,61921,Yes,"",2026-09-02,A,6300.0
7,A-153,180904,2020,Chevrolet,Equinox,LS,BLUE,177530,No,"",2026-09-02,A,3000.0
25,B-091,181390,2020,Chevrolet,Equinox,LT,GRAY,108983,Yes,"",2026-09-02,B,7800.0
33,A-159,181004,2020,Chevrolet,Equinox,LT,BLACK,76474,Yes,3.5,2026-09-02,A,12800.0
7,B-380,181367,2019,Chevrolet,Equinox,LS,SILVER,79609,No,"",2026-09-02,B,7400.0
24,A-141,180380,2019,Chevrolet,Equinox,LS,SILVER,96000,Yes,"",2026-09-02,A,8800.0
37,F-019,176406,2018,Chevrolet,Equinox,LS,SILVER,94281,Yes,3.6,2026-09-02,F,9000.0
8,C-202,178942,2017,Chevrolet,Equinox,LS,SILVER,119814,No,"",2026-09-02,C,3200.0
25,B-397,181444,2017,Chevrolet,Equinox,LS,SILVER,39964,Yes,4.6,2026-09-02,B,10000.0
36,B-020.2,181304,2017,Chevrolet,Equinox,LS,GRAY,84685,Yes,3.1,2026-09-02,B,3400.0
7,B-269,180338,2016,Chevrolet,Equinox,LT,BLUE,72692,No,"",2026-09-02,B,2100.0
9,C-299,180525,2015,Chevrolet,Equinox,LT,BLUE,145540,No,"",2026-09-02,C,1400.0
30,B-067,181100,2015,Chevrolet,Equinox,LT,BLUE,74751,Yes,3.8,2026-09-02,B,6400.0
8,C-408,180385,2012,Chevrolet,Equinox,LT W/1LT,RED,114769,No,"",2026-09-02,C,1300.0
6,C-125.1,179749,2006,Chevrolet,Equinox,LT,GREEN,1,No,"",2026-09-02,C,500.0
27,A-128,179515,2023,Chevrolet,EXPRESS COMMERCIAL C,"",WHITE,45442,Yes,3.6,2026-09-02,A,26000.0
8,B-093,181418,2008,Chevrolet,G1500 Vans,"",WHITE,124695,No,"",2026-09-02,B,1600.0
23,A-212,180799,2017,Chevrolet,G2500 Vans,"",WHITE,126692,Yes,"",2026-09-02,A,7800.0
35,B-405,179116,2014,Chevrolet,G2500 Vans,"",WHITE,61197,Yes,3.4,2026-09-02,B,11000.0
21,A-122,179708,2014,Chevrolet,G2500 Vans,"",WHITE,79622,Yes,"",2026-09-02,A,1200.0
7,B-246.1,181079,2019,Chevrolet,Impala,LT,WHITE,138342,No,"",2026-09-02,B,5200.0
7,C-216,180684,2016,Chevrolet,Impala,LT,WHITE,162506,No,"",2026-09-02,C,2400.0
8,C-260,180302,2015,Chevrolet,Impala,LS,GOLD,227383,No,"",2026-09-02,C,500.0
7,B-094,181106,2007,Chevrolet,Impala,LS,TAN,131832,No,"",2026-09-02,B,500.0
8,A-103.1,181566,2023,Chevrolet,Malibu,LT,GRAY,54251,No,"",2026-09-02,A,12500.0
39,F-031,176087,2022,Chevrolet,Malibu,LT,GRAY,92049,Yes,2.6,2026-09-02,F,7400.0
43,F-053,176239,2020,Chevrolet,Malibu,RS,BLACK,110441,Yes,1.6,2026-09-02,F,3000.0
24,A-381,181338,2018,Chevrolet,Malibu,LS,BLUE,108188,Yes,"",2026-09-02,A,3100.0
8,C-120,180654,2016,Chevrolet,Malibu,LT,BLUE,133014,No,"",2026-09-02,C,600.0
47,F-046,176671,2015,Chevrolet,Malibu,LT,GRAY,82033,Yes,1.3,2026-09-02,F,2000.0
7,A-165,181119,2015,Chevrolet,Malibu,LT,WHITE,113999,No,"",2026-09-02,A,4800.0
7,C-110,180867,2014,Chevrolet,Malibu,LS,SILVER,152132,No,"",2026-09-02,C,800.0
43,D-288,180972,2013,Chevrolet,Malibu,LT,GOLD,139873,Yes,3.2,2026-09-02,D,1400.0
25,B-368,181211,2023,Chevrolet,Silverado 1500,RST,BLACK,45064,Yes,4.6,2026-09-02,B,36000.0
32,B-099,166186,2022,Chevrolet,Silverado 1500,HIGH,BLUE,92810,Yes,4.3,2026-09-02,B,32600.0
46,A-110,180013,2022,Chevrolet,Silverado 1500,RST,BLACK,88182,Yes,3.5,2026-09-02,A,25600.0
36,C-090,181510,2021,Chevrolet,Silverado 1500,HIGH,BLACK,106415,Yes,3.6,2026-09-02,C,25000.0
23,B-079,180718,2020,Chevrolet,Silverado 1500,WORK,WHITE,122161,Yes,"",2026-09-02,B,7800.0
26,C-104,181001,2019,Chevrolet,Silverado 1500,LT,SILVER,68536,Yes,"",2026-09-02,C,22800.0
7,A-166,181121,2017,Chevrolet,Silverado 1500,LT,RED,221490,No,"",2026-09-02,A,5400.0
9,C-422,181374,2017,Chevrolet,Silverado 1500,LT,RED,184339,No,"",2026-09-02,C,5900.0
7,B-101,181342,2017,Chevrolet,Silverado 1500,WORK,WHITE,193511,No,"",2026-09-02,B,2400.0
8,A-170,181218,2016,Chevrolet,Silverado 1500,HIGH,BLACK,141094,No,"",2026-09-02,A,18200.0
8,A-306,180653,2016,Chevrolet,Silverado 1500,WORK,BLACK,159774,No,"",2026-09-02,A,1400.0
7,C-083.9,181385,2011,Chevrolet,Silverado 1500,LT,WHITE,263030,No,"",2026-09-02,C,2200.0
31,D-094,181176,2022,Chevrolet,Silverado 1500 LTD,C,BLACK,76971,Yes,3.8,2026-09-02,D,21600.0
35,A-102.4,181532,2025,Chevrolet,Silverado 2500,2500HD LTZ,RED,33594,Yes,3.9,2026-09-02,A,51400.0
23,C-105,181006,2016,Chevrolet,Sonic,LT,BLACK,115710,Yes,"",2026-09-02,C,500.0
24,C-111,180208,2014,Chevrolet,Sonic,LT,BLACK,1,Yes,"",2026-09-02,C,500.0
7,C-312,181118,2015,Chevrolet,Spark,LS,BLACK,119877,No,"",2026-09-02,C,1100.0
6,B-371,181216,2022,Chevrolet,Suburban,RST,GRAY,70959,No,"",2026-09-02,B,37200.0
32,D-237,180589,2021,Chevrolet,Suburban,PREMIER,WHITE,109956,Yes,4.1,2026-09-02,D,28200.0
9,B-085,180805,2007,Chevrolet,Suburban,LT,BLACK,189075,No,"",2026-09-02,B,1600.0
30,A-064,181145,2023,Chevrolet,Tahoe,RST,WHITE,44629,Yes,4.6,2026-09-02,A,53000.0
29,B-090,180976,2019,Chevrolet,Tahoe,LS,GRAY,112932,Yes,4.2,2026-09-02,B,15400.0
24,B-059,179180,2017,Chevrolet,Tahoe,LT,WHITE,134380,Yes,"",2026-09-02,B,10800.0
38,F-004,178833,2017,Chevrolet,Tahoe,Premier,WHITE,103508,Yes,1.8,2026-09-02,F,13000.0
7,B-072,180336,2016,Chevrolet,Tahoe,LT,GRAY,153966,No,"",2026-09-02,B,9800.0
46,C-201,175203,2016,Chevrolet,Tahoe,LTZ,BROWN,112844,Yes,1.8,2026-09-02,C,7400.0
8,B-043,180405,2015,Chevrolet,Tahoe,LT,GRAY,210057,No,"",2026-09-02,B,2500.0
9,C-139,181436,2015,Chevrolet,Tahoe,LT,WHITE,118957,No,"",2026-09-02,C,11200.0
7,B-160,180344,2023,Chevrolet,Trailblazer,LT,RED,29870,No,"",2026-09-02,B,16200.0
9,C-279,180793,2008,Chevrolet,Trailblazer,LT W/1LT,BLUE,241183,No,"",2026-09-02,C,500.0
7,C-210,180625,2007,Chevrolet,Trailblazer,LS,BURGUNDY,246988,No,"",2026-09-02,C,500.0
31,D-229.8,181130,2025,Chevrolet,Traverse,LT,RED,20597,Yes,4.4,2026-09-02,D,32000.0
30,D-070,180499,2023,Chevrolet,Traverse,Premier,BLACK,16985,Yes,4.8,2026-09-02,D,34800.0
8,A-294,181551,2022,Chevrolet,Traverse,LT CLOTH,BLACK,71393,No,"",2026-09-02,A,18100.0
30,D-088,181091,2021,Chevrolet,Traverse,HIGH COUNTR,WHITE,69705,Yes,4.4,2026-09-02,D,24800.0
36,O-007,180671,2021,Chevrolet,Traverse,LS,WHITE,75092,Yes,2.2,2026-09-02,O,15300.0
26,B-095,180874,2020,Chevrolet,Traverse,RS,BLACK,107869,Yes,"",2026-09-02,B,13000.0
7,A-155,180912,2019,Chevrolet,Traverse,LS,BLACK,107368,No,"",2026-09-02,A,9300.0
8,B-383,181392,2018,Chevrolet,Traverse,LT CLOTH,SILVER,80508,No,"",2026-09-02,B,8200.0
8,A-156,180914,2016,Chevrolet,Traverse,LT,BLACK,129452,No,"",2026-09-02,A,4200.0
8,C-389,180658,2014,Chevrolet,Traverse,LS,WHITE,153670,No,"",2026-09-02,C,1100.0
30,C-365,180779,2024,Chevrolet,Trax,LS,BLACK,16978,Yes,4.0,2026-09-02,C,16200.0
23,C-411,180400,2022,Chevrolet,Trax,LS,BLACK,56564,Yes,"",2026-09-02,C,10800.0
8,A-350,180373,2020,Chevrolet,Trax,LT,WHITE,103497,No,"",2026-09-02,A,4800.0
7,B-112,180299,2017,Chevrolet,Trax,LT,SILVER,138091,No,"",2026-09-02,B,3100.0
42,F-038,177326,2017,Chevrolet,Trax,LT,SILVER,92309,Yes,1.8,2026-09-02,F,2900.0
26,A-091,181247,2023,Chrysler,300,Touring,WHITE,19431,Yes,4.9,2026-09-02,A,25600.0
8,B-353,181159,2016,Chrysler,300,300C,GRAY,170221,No,"",2026-09-02,B,1600.0
10,B-457,180754,2014,Chrysler,300,4DR SDN,BLACK,158748,No,"",2026-09-02,B,2000.0
8,A-308,180649,2008,Chrysler,300,C HEMI,GRAY,145814,No,"",2026-09-02,A,800.0
30,C-304,181012,2024,Chrysler,Pacifica,Limited,BLACK,70820,Yes,3.5,2026-09-02,C,21400.0
7,B-057,181534,2013,Chrysler,Town & Country,TOURI,BLUE,238299,No,"",2026-09-02,B,600.0
23,C-030,180139,2018,Dodge,Challenger,R/T,RED,101884,Yes,"",2026-09-02,C,11200.0
8,B-178,180605,2023,Dodge,Charger,SCAT PACK,GREEN,12591,No,"",2026-09-02,B,48800.0
39,A-014,180537,2019,Dodge,Charger,SXT,GRAY,106004,Yes,3.5,2026-09-02,A,10700.0
39,F-047,176382,2018,Dodge,Charger,SXT Plus,GRAY,85190,Yes,1.4,2026-09-02,F,11400.0
24,C-137,179982,2014,Dodge,Charger,SXT PLUS,BLACK,208712,Yes,"",2026-09-02,C,1300.0
30,B-146,180489,2025,Dodge,Charger Daytona EV,"",ORANGE,4690,Yes,4.1,2026-09-02,B,29000.0
7,B-084,181120,2003,Dodge,Dakota,BASE,SILVER,266210,No,"",2026-09-02,B,600.0
24,C-115,180578,2017,Dodge,Grand Caravan,GT,GRAY,128160,Yes,"",2026-09-02,C,2000.0
23,A-035,180442,2017,Dodge,Journey,SE,BLUE,77414,Yes,"",2026-09-02,A,4700.0
36,F-101,176852,2017,Dodge,Journey,SE,BLACK,133365,Yes,1.7,2026-09-02,F,600.0
7,C-267,180727,2017,Dodge,Journey,SE,SILVER,135613,No,"",2026-09-02,C,1500.0
37,F-003,178829,2014,Dodge,Journey,SXT,WHITE,176706,Yes,1.3,2026-09-02,F,1000.0
8,B-083,180983,2013,Dodge,Journey,AMERICAN VAL,SILVER,127003,No,"",2026-09-02,B,1900.0
7,B-276,180495,2006,Dodge,Ram 1500,SLT,BLUE,81163,No,"",2026-09-02,B,3600.0
8,A-186,181501,2004,Dodge,Ram 1500,SLT,SILVER,177481,No,"",2026-09-02,A,2500.0
26,A-193,180856,2023,Ford,Bronco,WILDTRAK,BLACK,50479,Yes,4.8,2026-09-02,A,39000.0
32,C-402,180823,2024,Ford,Bronco Sport,BIG BEN,WHITE,26465,Yes,4.2,2026-09-02,C,20800.0
41,B-077,180467,2016,Ford,C-Max,HYBRID SE,WHITE,91980,Yes,3.3,2026-09-02,B,2000.0
7,A-185,181497,2010,Ford,E350 Vans,"",SILVER,251524,No,"",2026-09-02,A,1500.0
8,C-391,180665,2016,Ford,Edge,SEL,RED,129596,No,"",2026-09-02,C,3100.0
55,D-003,181153,2013,Ford,Edge,Limited,BLACK,111723,Yes,1.3,2026-09-02,D,1200.0
9,C-306,181110,2007,Ford,Edge,SE,WHITE,182445,No,"",2026-09-02,C,900.0
23,C-103,180999,2022,Ford,Escape,SE,WHITE,71898,Yes,"",2026-09-02,C,8600.0
30,A-080,181213,2021,Ford,Escape,Titanium,BLACK,79260,Yes,4.5,2026-09-02,A,13600.0
31,D-084,181083,2020,Ford,Escape,SE,GRAY,44485,Yes,3.5,2026-09-02,D,10200.0
7,B-010,180978,2020,Ford,Escape,SEL,ORANGE,126073,No,"",2026-09-02,B,3000.0
7,C-203,179002,2018,Ford,Escape,SE,BLACK,102736,No,"",2026-09-02,C,3000.0
38,C-220,180964,2018,Ford,Escape,SEL,BLUE,51406,Yes,2.9,2026-09-02,C,6600.0
35,D-229,181102,2018,Ford,Escape,Titanium,WHITE,125405,Yes,2.6,2026-09-02,D,6000.0
9,C-172,178306,2017,Ford,Escape,Titanium,RED,125730,No,"",2026-09-02,C,3400.0
8,A-285,181096,2015,Ford,Escape,S,ORANGE,161848,No,"",2026-09-02,A,1900.0
7,A-327,180740,2013,Ford,Expedition,Limited,SILVER,119526,No,"",2026-09-02,A,1700.0
9,B-161.3,181275,2001,Ford,Expedition,EDDIE BAU,WHITE,1,No,"",2026-09-02,B,600.0
30,B-408,180591,2020,Ford,Explorer,Limited,BLACK,83315,Yes,4.0,2026-09-02,B,16000.0
39,D-087,181089,2019,Ford,Explorer,Limited,BLACK,96478,Yes,3.5,2026-09-02,D,12600.0
8,C-234,180227,2019,Ford,Explorer,XLT,WHITE,100871,No,"",2026-09-02,C,11000.0
8,C-406,180384,2017,Ford,Explorer,Limited,BLACK,165301,No,"",2026-09-02,C,5200.0
40,F-102,177694,2017,Ford,Explorer,Limited,BLACK,82910,Yes,2.8,2026-09-02,F,4500.0
49,F-056,176204,2017,Ford,Explorer,Sport,SILVER,135798,Yes,1.6,2026-09-02,F,4800.0
31,A-070,181170,2023,Ford,F150,Raptor,BLACK,21516,Yes,4.4,2026-09-02,A,64750.0
24,C-409,180379,2023,Ford,F150,XL,GRAY,16198,Yes,"",2026-09-02,C,26200.0
29,A-184,181268,2022,Ford,F150,Raptor,WHITE,79245,Yes,4.7,2026-09-02,A,49600.0
7,B-145,180479,2021,Ford,F150,XL,GRAY,153009,No,"",2026-09-02,B,15200.0
43,F-030,177504,2021,Ford,F150,XLT,WHITE,86821,Yes,2.3,2026-09-02,F,21400.0
36,B-228,179400,2020,Ford,F150,Raptor,GRAY,112288,Yes,3.9,2026-09-02,B,31600.0
29,B-089,180975,2019,Ford,F150,XLT,BLACK,116170,Yes,3.6,2026-09-02,B,14400.0
8,B-382,181366,2018,Ford,F150,LARIAT,SILVER,151938,No,"",2026-09-02,B,16400.0
11,D-100,181212,2018,Ford,F150,PLATINUM,WHITE,182485,No,"",2026-09-02,D,13600.0
8,C-026,181258,2018,Ford,F150,Raptor,GRAY,177860,No,"",2026-09-02,C,21600.0
36,A-392,181280,2018,Ford,F150,XLT,GRAY,103008,Yes,2.6,2026-09-02,A,14200.0
7,A-352,180434,2017,Ford,F150,XLT,SILVER,141345,No,"",2026-09-02,A,10200.0
25,A-210,180586,2017,Ford,F150,XLT,SILVER,116585,Yes,"",2026-09-02,A,13100.0
24,A-208,180515,2015,Ford,F150,LARIAT,BLACK,98364,Yes,"",2026-09-02,A,13200.0
8,A-169,181175,2015,Ford,F150,XL,WHITE,127016,No,"",2026-09-02,A,9900.0
9,C-003,181223,2013,Ford,F150,XL,WHITE,185006,No,"",2026-09-02,C,800.0
7,C-348,177982,2007,Ford,F150,XLT,BROWN,262635,No,"",2026-09-02,C,1100.0
8,C-152,180067,2021,Ford,F250SD,"",BLACK,30206,No,"",2026-09-02,C,65500.0
8,A-322,179022,2020,Ford,F250SD,"",BLACK,143988,No,"",2026-09-02,A,16000.0
30,B-434,181429,2019,Ford,F250SD,"",WHITE,76993,Yes,4.5,2026-09-02,B,50500.0
24,B-246.8,181406,2015,Ford,F250SD,"",WHITE,69228,Yes,"",2026-09-02,B,14200.0
24,B-246,177354,2015,Ford,F250SD,"",SILVER,146784,Yes,"",2026-09-02,B,4000.0
7,A-325,178920,2010,Ford,F250SD,"",BLACK,93325,No,"",2026-09-02,A,12100.0
8,C-127,180821,2005,Ford,F250SD,"",WHITE,210533,No,"",2026-09-02,C,700.0
24,B-225,180640,2019,Ford,F350SD,"",BLUE,98600,Yes,"",2026-09-02,B,29100.0
9,C-431,180878,2005,Ford,F350SD,"",WHITE,98573,No,"",2026-09-02,C,10000.0
23,B-002,180971,2019,Ford,Fiesta,SE,SILVER,92866,Yes,"",2026-09-02,B,1100.0
8,C-251,180258,2012,Ford,Focus,SE,BLACK,145430,No,"",2026-09-02,C,1000.0
23,B-117,181397,2016,Ford,Fusion,SE,WHITE,43101,Yes,"",2026-09-02,B,8200.0
8,B-378,181356,2016,Ford,Fusion,Titanium,WHITE,83099,No,"",2026-09-02,B,7000.0
7,A-309,180685,2015,Ford,Fusion,S,GRAY,249907,No,"",2026-09-02,A,800.0
8,A-330,174954,2013,Ford,Fusion,SE,WHITE,171130,No,"",2026-09-02,A,1100.0
8,C-019,181249,2012,Ford,Fusion,SE,BLUE,157817,No,"",2026-09-02,C,900.0
51,D-172,180364,2010,Ford,Fusion,Hybrid,GRAY,162245,Yes,1.9,2026-09-02,D,500.0
51,F-066,169148,2023,Ford,Mustang,ECOBOOST FAS,GRAY,49490,Yes,1.3,2026-09-02,F,11400.0
24,C-082.8,181291,2021,Ford,Mustang,ECOBOOST FAS,BLACK,45009,Yes,"",2026-09-02,C,18400.0
36,D-229.4,181122,2020,Ford,Mustang,ECOBOOST PRE,GRAY,30050,Yes,3.6,2026-09-02,D,20400.0
47,F-050,176322,2018,Ford,Mustang,ECOBOOST,GRAY,91153,Yes,0.0,2026-09-02,F,5000.0
23,C-116,180601,2018,Ford,Mustang,ECOBOOST PRE,SILVER,91257,Yes,"",2026-09-02,C,6800.0
9,B-279,180521,2017,Ford,Mustang,ECOBOOST PRE,SILVER,120477,No,"",2026-09-02,B,7500.0
34,A-197,180933,2017,Ford,Mustang,V6,BLUE,63258,Yes,3.3,2026-09-02,A,11600.0
24,C-131,180883,2013,Ford,Mustang,V6,SILVER,102501,Yes,"",2026-09-02,C,4100.0
7,A-206,180268,2018,Ford,T250 Vans,"",WHITE,131040,No,"",2026-09-02,A,9500.0
7,B-162.7,181572,2018,Ford,T350 Vans,"",WHITE,50218,No,"",2026-09-02,B,13800.0
29,B-403,181508,2016,Ford,Taurus,SHO,BLACK,97982,Yes,3.8,2026-09-02,B,13600.0
8,D-032,180730,2020,Ford,Transit Connect,XL C,WHITE,134949,No,"",2026-09-02,D,7000.0
9,A-321,180277,2003,Ford,Windstar Vans,"",GOLD,71291,No,"",2026-09-02,A,2100.0
44,C-322,180391,2020,Genesis,G70,2.0T,BLUE,46175,Yes,1.7,2026-09-02,C,7200.0
39,C-221,180969,2023,Genesis,GV70,2.5T,BLACK,58949,Yes,3.7,2026-09-02,C,26200.0
7,C-303,181009,2023,Genesis,GV70,2.5T,WHITE,92155,No,"",2026-09-02,C,22600.0
24,C-224,181069,2025,Genesis,GV80,3.5T Prestige,WHITE,4661,Yes,4.8,2026-09-02,C,60200.0
26,D-203,180425,2023,Genesis,GV80,2.5T,GRAY,19365,Yes,4.0,2026-09-02,D,33000.0
28,D-212,180940,2022,Genesis,GV80,2.5T,WHITE,7254,Yes,4.5,2026-09-02,D,37000.0
36,D-229.1,181111,2024,GMC,Acadia,Elevation,GRAY,27671,Yes,3.6,2026-09-02,D,31800.0
8,B-293,179840,2014,GMC,Acadia,SLE,SILVER,219508,No,"",2026-09-02,B,1500.0
8,D-138,181407,2014,GMC,Acadia,SLT,WHITE,137151,No,"",2026-09-02,D,2900.0
7,B-162.1,181516,1994,GMC,C/K1500,"",SILVER,232688,No,"",2026-09-02,B,500.0
10,C-418,181337,2020,GMC,Canyon, SLT,SILVER,150109,No,"",2026-09-02,C,7000.0
31,A-164,181115,2019,GMC,Sierra 1500,DENALI,WHITE,65591,Yes,4.0,2026-09-02,A,30200.0
10,A-324,180614,2016,GMC,Sierra 1500,SLE,GRAY,162813,No,"",2026-09-02,A,5100.0
7,D-026,181186,2015,GMC,Sierra 1500,SLE,GRAY,178423,No,"",2026-09-02,D,5600.0
23,B-082,180967,2011,GMC,Sierra 1500,SLE,BLACK,59236,Yes,"",2026-09-02,B,13800.0
9,A-149,180435,2016,GMC,Sierra 2500,2500HD SLE,WHITE,197622,No,"",2026-09-02,A,7600.0
7,A-103,181373,2006,GMC,Sierra 2500,2500HD SLE1,BLACK,180221,No,"",2026-09-02,A,19000.0
25,B-370,181225,2023,GMC,Terrain,Denali,BLACK,24379,Yes,4.5,2026-09-02,B,24800.0
23,C-134,173320,2019,GMC,Terrain,SLE,BLACK,40121,Yes,"",2026-09-02,C,12500.0
23,B-012,181136,2019,GMC,Terrain,SLE,WHITE,105687,Yes,"",2026-09-02,B,3500.0
9,D-139,181410,2018,GMC,Terrain,SLT,GRAY,121633,No,"",2026-09-02,D,4000.0
7,B-262,180236,2016,GMC,Terrain,SLE,BLACK,80670,No,"",2026-09-02,B,6100.0
24,C-107,180861,2015,GMC,Terrain,SLT,GRAY,114805,Yes,"",2026-09-02,C,2200.0
24,B-013,181138,2016,GMC,Yukon,Denali,BLACK,116380,Yes,"",2026-09-02,B,13800.0
8,C-421,181369,2016,GMC,Yukon,SLT,BROWN,152995,No,"",2026-09-02,C,8500.0
10,B-273,180245,2018,GMC,Yukon XL,DENALI,WHITE,129680,No,"",2026-09-02,B,15600.0
9,B-270,180241,2018,GMC,Yukon XL,SLE,WHITE,102784,No,"",2026-09-02,B,9200.0
23,C-237,180928,2026,Honda,Accord,SEDAN LX,GRAY,4835,Yes,4.8,2026-09-02,C,23600.0
28,A-059,180468,2025,Honda,Accord,SEDAN LX,WHITE,20768,Yes,4.1,2026-09-02,A,20600.0
28,A-078,181194,2025,Honda,Accord,SEDAN LX,GRAY,25780,Yes,4.4,2026-09-02,A,21000.0
29,A-054,180892,2025,Honda,Accord,SEDAN LX,RED,8751,Yes,4.7,2026-09-02,A,21600.0
23,C-383,180565,2025,Honda,Accord,SEDAN LX,WHITE,30174,Yes,"",2026-09-02,C,19800.0
27,A-086,181245,2025,Honda,Accord,SEDAN SE,GRAY,7131,Yes,4.7,2026-09-02,A,25000.0
25,A-096,181309,2025,Honda,Accord,SEDAN SE,SILVER,39618,Yes,"",2026-09-02,A,21600.0
27,C-223,181068,2025,Honda,Accord,SEDAN SE,GRAY,12014,Yes,4.0,2026-09-02,C,24100.0
35,A-084,181243,2025,Honda,Accord,SEDAN SE,BLUE,30367,Yes,3.8,2026-09-02,A,21800.0
23,A-102,181520,2024,Honda,Accord,HYBRID EX-L,GRAY,45081,Yes,"",2026-09-02,A,23200.0
27,C-269,180427,2024,Honda,Accord,HYBRID EX-L,WHITE,17729,Yes,3.9,2026-09-02,C,24400.0
33,A-052,180741,2024,Honda,Accord,HYBRID SPORT,SILVER,29111,Yes,4.3,2026-09-02,A,25000.0
35,D-045,180351,2024,Honda,Accord,HYBRID SPORT,GRAY,43285,Yes,3.7,2026-09-02,D,24200.0
29,D-102,181432,2024,Honda,Accord,HYBRID SPORT,BLACK,29655,Yes,4.5,2026-09-02,D,24100.0
27,A-065,180889,2024,Honda,Accord,SEDAN EX,RED,16425,Yes,4.6,2026-09-02,A,23900.0
29,A-073,181063,2024,Honda,Accord,SEDAN EX,GRAY,30027,Yes,4.6,2026-09-02,A,22800.0
7,A-103.4,181568,2023,Honda,Accord,SEDAN EX,GRAY,38511,No,"",2026-09-02,A,20400.0
9,C-253,180260,2023,Honda,Accord,SEDAN LX,BLACK,144517,No,"",2026-09-02,C,12800.0
25,D-197,180552,2022,Honda,Accord,SEDAN SPORT,SILVER,33384,Yes,4.6,2026-09-02,D,23200.0
39,D-069,180788,2022,Honda,Accord,SEDAN SPORT S,BLACK,58421,Yes,2.4,2026-09-02,D,20600.0
31,A-101.2,181433,2020,Honda,Accord,SEDAN LX,RED,69630,Yes,4.2,2026-09-02,A,15200.0
37,F-017,176771,2019,Honda,Accord,SEDAN EX-L 1.,GRAY,69629,Yes,3.6,2026-09-02,F,17400.0
8,A-029,180296,2019,Honda,Accord,SEDAN LX 1.5T,WHITE,139793,No,"",2026-09-02,A,9100.0
24,A-105,181421,2019,Honda,Accord,SEDAN LX 1.5T,GRAY,102503,Yes,"",2026-09-02,A,9700.0
7,C-257,180264,2018,Honda,Accord,SEDAN LX 1.5T,TAN,93113,No,"",2026-09-02,C,12200.0
6,C-264,180305,2018,Honda,Accord,SEDAN LX 1.5T,GRAY,166910,No,"",2026-09-02,C,5200.0
7,C-268,180734,2018,Honda,Accord,SEDAN SPORT 1,WHITE,102385,No,"",2026-09-02,C,12000.0
8,B-292,180755,2017,Honda,Accord,HYBRID SEDAN,GRAY,121912,No,"",2026-09-02,B,9400.0
8,C-266,180723,2017,Honda,Accord,SEDAN LX,GRAY,111077,No,"",2026-09-02,C,8400.0
24,A-087,181214,2015,Honda,Accord,SEDAN LX,SILVER,61974,Yes,"",2026-09-02,A,8800.0
46,F-108,177666,2015,Honda,Accord,SEDAN LX,GRAY,143918,Yes,1.1,2026-09-02,F,600.0
9,C-256,180263,2015,Honda,Accord,SEDAN SPORT,WHITE,140759,No,"",2026-09-02,C,8000.0
8,A-016,180455,2013,Honda,Accord,SDN EX-L,BLACK,167535,No,"",2026-09-02,A,6200.0
8,C-083.8,181454,2010,Honda,Accord,SDN EX,BLACK,179916,No,"",2026-09-02,C,1700.0
7,B-468,180484,2009,Honda,Accord,SDN EX-L,GRAY,128195,No,"",2026-09-02,B,600.0
6,C-397,180696,2009,Honda,Accord,SDN LX,BLACK,114917,No,"",2026-09-02,C,2600.0
7,A-334,179711,2009,Honda,Accord,SDN LX,BLUE,184704,No,"",2026-09-02,A,1500.0
7,C-342,180780,2008,Honda,Accord,SDN EX-L,GOLD,183424,No,"",2026-09-02,C,1700.0
8,A-316,180272,2008,Honda,Accord,SDN LX,GRAY,155688,No,"",2026-09-02,A,2400.0
7,B-256,181376,2007,Honda,Accord,SDN EX-L,BROWN,92036,No,"",2026-09-02,B,2700.0
15,C-129,180873,2007,Honda,Accord,SDN LX SE,GRAY,196418,No,"",2026-09-02,C,500.0
7,D-144,181482,2003,Honda,Accord,CPE EX,SILVER,216141,No,"",2026-09-02,D,500.0
7,C-213,180670,2001,Honda,Accord,CPE EX W/LEAT,RED,289659,No,"",2026-09-02,C,500.0
30,D-103,181452,2025,Honda,Civic,HATCHBACK SPOR,BLACK,18736,Yes,4.5,2026-09-02,D,23000.0
32,A-234,180751,2025,Honda,Civic,HATCHBACK SPOR,BLACK,6768,Yes,3.9,2026-09-02,A,23200.0
24,B-137,180409,2025,Honda,Civic,SEDAN SPORT,WHITE,11700,Yes,4.8,2026-09-02,B,24200.0
30,A-042,180540,2025,Honda,Civic,SEDAN SPORT,BLACK,24483,Yes,4.5,2026-09-02,A,23200.0
30,A-088,181246,2025,Honda,Civic,SEDAN SPORT,SILVER,16637,Yes,4.0,2026-09-02,A,20800.0
25,A-101.4,181519,2025,Honda,Civic,SEDAN SPORT,GRAY,30187,Yes,4.6,2026-09-02,A,22200.0
23,A-062,181149,2025,Honda,Civic,SEDAN SPORT,GRAY,29831,Yes,"",2026-09-02,A,20400.0
0,A-104.2,181586,2024,Honda,Civic,SEDAN SPORT,SILVER,38520,No,"",2026-09-02,A,19400.0
26,A-071,180007,2024,Honda,Civic,SEDAN SPORT,WHITE,14631,Yes,4.9,2026-09-02,A,23200.0
0,X-002,180375,2024,Honda,Civic,SEDAN SPORT,WHITE,38379,No,"",2026-09-02,X,21700.0
30,A-115,179586,2023,Honda,Civic,SEDAN SPORT,GRAY,31019,Yes,4.2,2026-09-02,A,20800.0
7,B-250,181487,2022,Honda,Civic,SEDAN LX,SILVER,75990,No,"",2026-09-02,B,15500.0
31,A-050,180472,2022,Honda,Civic,SEDAN SPORT,GRAY,31517,Yes,4.3,2026-09-02,A,20600.0
41,D-021,179143,2019,Honda,Civic,COUPE SPORT,BLACK,129591,Yes,1.9,2026-09-02,D,6200.0
41,F-024,176723,2018,Honda,Civic,HATCHBACK LX,WHITE,51435,Yes,1.9,2026-09-02,F,10200.0
7,C-262,180304,2018,Honda,Civic,HATCHBACK SPOR,WHITE,159388,No,"",2026-09-02,C,7000.0
9,A-125,180806,2018,Honda,Civic,SEDAN EX,BLUE,140637,No,"",2026-09-02,A,7000.0
7,C-283,180831,2018,Honda,Civic,SEDAN LX,GRAY,128492,No,"",2026-09-02,C,8900.0
32,A-133,180903,2018,Honda,Civic,SEDAN LX,WHITE,75187,Yes,4.2,2026-09-02,A,13200.0
7,A-329,180447,2018,Honda,Civic,SEDAN LX,GRAY,99483,No,"",2026-09-02,A,9400.0
9,D-131,181382,2017,Honda,Civic,SEDAN LX,BLACK,125936,No,"",2026-09-02,D,6400.0
27,A-022,180514,2016,Honda,Civic,COUPE LX-P,BLACK,124665,Yes,"",2026-09-02,A,6200.0
34,C-286,180835,2016,Honda,Civic,SEDAN EX,BLACK,71801,Yes,3.3,2026-09-02,C,12800.0
26,C-015,180592,2016,Honda,Civic,SEDAN EX,RED,79643,Yes,"",2026-09-02,C,5400.0
7,A-175.1,181320,2016,Honda,Civic,SEDAN LX,GRAY,114586,No,"",2026-09-02,A,8600.0
33,D-240,180704,2016,Honda,Civic,SEDAN TOURING,WHITE,70849,Yes,3.5,2026-09-02,D,13200.0
24,B-394,179208,2013,Honda,Civic,SDN LX,BURGUNDY,162177,Yes,"",2026-09-02,B,2900.0
7,C-349,180650,2012,Honda,Civic,SDN LX,RED,202012,No,"",2026-09-02,C,1700.0
8,C-250,180256,2010,Honda,Civic,SDN EX,BLUE,178107,No,"",2026-09-02,C,1800.0
9,C-287,180838,2010,Honda,Civic,SDN LX,GRAY,212866,No,"",2026-09-02,C,700.0
8,A-007,181412,2008,Honda,Civic,CPE LX,SILVER,175883,No,"",2026-09-02,A,2000.0
8,A-328,181029,2008,Honda,Civic,SDN EX,BLUE,118760,No,"",2026-09-02,A,2600.0
29,A-348,180372,2026,Honda,CR-V,HYBRID SPORT-L,GRAY,15668,Yes,3.6,2026-09-02,A,30900.0
26,C-403,180830,2025,Honda,CR-V,EX,SILVER,15040,Yes,4.6,2026-09-02,C,27000.0
29,A-101,181324,2025,Honda,CR-V,EX,WHITE,17754,Yes,4.6,2026-09-02,A,27400.0
27,C-410,179199,2025,Honda,CR-V,EX,SILVER,11490,Yes,4.8,2026-09-02,C,27700.0
28,A-191,180852,2025,Honda,CR-V,EX,SILVER,31046,Yes,4.6,2026-09-02,A,26000.0
8,A-103.8,181582,2025,Honda,CR-V,EX-L,BLACK,28335,No,"",2026-09-02,A,26000.0
26,A-123,180800,2025,Honda,CR-V,EX-L,BLACK,13238,Yes,4.7,2026-09-02,A,29000.0
7,A-104.4,181588,2025,Honda,CR-V,EX-L,BLUE,30377,No,"",2026-09-02,A,27200.0
9,B-159.2,181158,2025,Honda,CR-V,HYBRID SPORT,RED,36298,No,"",2026-09-02,B,26400.0
35,C-249,180255,2025,Honda,CR-V,HYBRID SPORT,BLUE,21920,Yes,1.8,2026-09-02,C,26800.0
27,A-137,180918,2025,Honda,CR-V,HYBRID SPORT,BLACK,15813,Yes,3.9,2026-09-02,A,30000.0
28,D-036,180841,2025,Honda,CR-V,HYBRID SPORT-L,GRAY,41519,Yes,4.3,2026-09-02,D,29500.0
35,D-081,180899,2025,Honda,CR-V,HYBRID SPORT-L,BLACK,37990,Yes,3.6,2026-09-02,D,28000.0
29,A-057,180732,2025,Honda,CR-V,HYBRID SPORT-L,BLACK,15620,Yes,4.6,2026-09-02,A,30200.0
8,A-104.3,181587,2025,Honda,CR-V,HYBRID SPORT-L,WHITE,29053,No,"",2026-09-02,A,30000.0
26,C-165,181031,2025,Honda,CR-V,LX,SILVER,35843,Yes,4.4,2026-09-02,C,23500.0
24,A-077,181071,2025,Honda,CR-V,LX,GRAY,18961,Yes,"",2026-09-02,A,24200.0
30,A-180,181086,2025,Honda,CR-V,LX,WHITE,16850,Yes,4.4,2026-09-02,A,24800.0
32,D-082,180907,2024,Honda,CR-V,EX,RED,29438,Yes,3.8,2026-09-02,D,24000.0
34,C-330,180716,2024,Honda,CR-V,EX-L,GRAY,18483,Yes,3.4,2026-09-02,C,29200.0
30,O-008,180611,2024,Honda,CR-V,EX-L,SILVER,20079,Yes,4.1,2026-09-02,O,28200.0
29,A-101.9,181526,2024,Honda,CR-V,EX-L,SILVER,19252,Yes,4.3,2026-09-02,A,27200.0
0,X-008,181602,2024,Honda,CR-V,EX-L,BLACK,42282,No,"",2026-09-02,X,28500.0
7,C-232,180225,2024,Honda,CR-V,HYBRID SPORT,BLACK,144304,No,"",2026-09-02,C,18400.0
30,D-056,180559,2024,Honda,CR-V,HYBRID SPORT TO,GRAY,24606,Yes,4.2,2026-09-02,D,31000.0
33,D-074,180847,2024,Honda,CR-V,HYBRID SPORT TO,GRAY,55696,Yes,4.1,2026-09-02,D,30200.0
29,C-396,180557,2024,Honda,CR-V,HYBRID SPORT-L,WHITE,25326,Yes,4.8,2026-09-02,C,28000.0
28,A-067,180900,2024,Honda,CR-V,HYBRID SPORT-L,GRAY,46514,Yes,4.6,2026-09-02,A,29600.0
26,C-371,180418,2024,Honda,CR-V,HYBRID SPORT-L,BLUE,24268,Yes,4.6,2026-09-02,C,29000.0
24,C-070,180482,2024,Honda,CR-V,HYBRID SPORT-L,GRAY,35317,Yes,4.6,2026-09-02,C,29800.0
27,A-107,181425,2024,Honda,CR-V,HYBRID SPORT-L,GRAY,26617,Yes,4.6,2026-09-02,A,29200.0
27,A-094,181255,2024,Honda,CR-V,HYBRID SPORT-L,SILVER,26234,Yes,4.7,2026-09-02,A,31200.0
27,A-341,180368,2023,Honda,CR-V,HYBRID SPORT TO,WHITE,14955,Yes,4.5,2026-09-02,A,31600.0
7,C-209,180627,2020,Honda,CR-V,EX,GRAY,100546,No,"",2026-09-02,C,14400.0
8,C-290,180849,2019,Honda,CR-V,EX,SILVER,98614,No,"",2026-09-02,C,13200.0
24,D-091,181097,2019,Honda,CR-V,EX-L,SILVER,75425,Yes,"",2026-09-02,D,16500.0
37,D-028,180916,2019,Honda,CR-V,EX-L,WHITE,80428,Yes,3.1,2026-09-02,D,16000.0
9,C-280,180794,2017,Honda,CR-V,EX-L,RED,113860,No,"",2026-09-02,C,9900.0
9,B-413,181579,2016,Honda,CR-V,EX,SILVER,70301,No,"",2026-09-02,B,14200.0
7,A-345,180369,2015,Honda,CR-V,EX,GRAY,111885,No,"",2026-09-02,A,9400.0
7,B-356,181178,2015,Honda,CR-V,LX,BLACK,59577,No,"",2026-09-02,B,8000.0
9,D-017,180855,2015,Honda,CR-V,LX,BLUE,142115,No,"",2026-09-02,D,7200.0
7,C-244,180246,2015,Honda,CR-V,LX,BLACK,242450,No,"",2026-09-02,C,3800.0
29,B-223,180528,2015,Honda,CR-V,Touring,GRAY,86742,Yes,3.6,2026-09-02,B,11000.0
47,F-069,176773,2014,Honda,CR-V,EX-L,BURGUNDY,136191,Yes,1.3,2026-09-02,F,5500.0
24,A-018,181323,2014,Honda,CR-V,EX-L,BLUE,72212,Yes,"",2026-09-02,A,11400.0
7,A-362,181049,2013,Honda,CR-V,EX,BLUE,118867,No,"",2026-09-02,A,7600.0
8,C-359,180770,2013,Honda,CR-V,LX,GREEN,99949,No,"",2026-09-02,C,5800.0
10,A-360,181042,2013,Honda,CR-V,LX,BLACK,110925,No,"",2026-09-02,A,5600.0
8,B-283,180454,2013,Honda,CR-V,LX,BLUE,143937,No,"",2026-09-02,B,5000.0
9,A-364,181059,2011,Honda,CR-V,EX-L,WHITE,121331,No,"",2026-09-02,A,6700.0
7,C-231,180224,2011,Honda,CR-V,LX,WHITE,142941,No,"",2026-09-02,C,5600.0
9,A-012,180488,2011,Honda,CR-V,SE,BURGUNDY,165072,No,"",2026-09-02,A,4700.0
8,C-270,180757,2009,Honda,CR-V,LX,BLACK,120091,No,"",2026-09-02,C,3800.0
31,A-048,180737,2014,Honda,CR-Z,EX,WHITE,67478,Yes,4.0,2026-09-02,A,7100.0
24,A-027,181316,2013,Honda,Crosstour,EX-L,BLACK,126124,Yes,"",2026-09-02,A,3800.0
7,A-003,181142,2005,Honda,Element,LX,GREEN,273794,No,"",2026-09-02,A,900.0
25,A-335,170699,2013,Honda,Fit,5DR HB AUTO,GRAY,119642,Yes,"",2026-09-02,A,2500.0
7,C-004,181229,2007,Honda,Fit,Sport,WHITE,152037,No,"",2026-09-02,C,800.0
26,A-040,180539,2027,Honda,HR-V,EX-L,GRAY,433,Yes,5.0,2026-09-02,A,27600.0
8,A-102.9,181563,2025,Honda,HR-V,EX-L,WHITE,12142,No,"",2026-09-02,A,24200.0
26,C-240,180240,2025,Honda,HR-V,Sport,GREEN,31482,Yes,4.1,2026-09-02,C,21600.0
28,C-263,179424,2025,Honda,HR-V,Sport,GRAY,26516,Yes,4.0,2026-09-02,C,21400.0
27,D-155,180306,2025,Honda,HR-V,Sport,RED,24776,Yes,4.7,2026-09-02,D,22400.0
30,A-063,180736,2024,Honda,HR-V,LX,GRAY,22444,Yes,4.4,2026-09-02,A,20800.0
26,C-199,180206,2024,Honda,HR-V,LX,BLACK,26041,Yes,4.1,2026-09-02,C,18800.0
34,D-024,181437,2024,Honda,HR-V,Sport,RED,62592,Yes,3.1,2026-09-02,D,18500.0
29,D-080,180897,2024,Honda,HR-V,Sport,GRAY,24881,Yes,3.8,2026-09-02,D,22300.0
33,C-082.2,181290,2023,Honda,HR-V,EX-L,BLUE,26315,Yes,3.3,2026-09-02,C,21500.0
47,F-023,177485,2023,Honda,HR-V,LX,WHITE,40188,Yes,3.2,2026-09-02,F,16600.0
34,A-032,180261,2023,Honda,HR-V,Sport,BLACK,65732,Yes,3.8,2026-09-02,A,18100.0
26,A-108,181426,2022,Honda,HR-V,LX,GRAY,17791,Yes,4.8,2026-09-02,A,19200.0
27,D-227,181028,2026,Honda,Odyssey,Touring,GRAY,910,Yes,4.8,2026-09-02,D,41600.0
30,A-187,180824,2024,Honda,Odyssey,Elite,WHITE,36115,Yes,4.2,2026-09-02,A,37200.0
28,A-044,180558,2024,Honda,Odyssey,Sport,BLACK,32464,Yes,"",2026-09-02,A,31600.0
25,A-101.8,181523,2023,Honda,Odyssey,Touring,BLUE,46594,Yes,"",2026-09-02,A,29000.0
32,B-065,181355,2019,Honda,Odyssey,Elite,WHITE,106303,Yes,4.1,2026-09-02,B,15600.0
14,B-071,180334,2016,Honda,Odyssey,SE,BLUE,196128,No,"",2026-09-02,B,3900.0
8,B-255,181553,2014,Honda,Odyssey,EX,GRAY,170829,No,"",2026-09-02,B,4400.0
38,C-361,180773,2014,Honda,Odyssey,EX-L,GRAY,69208,Yes,3.5,2026-09-02,C,9300.0
8,C-035,180632,2014,Honda,Odyssey,EX-L,SILVER,139579,No,"",2026-09-02,C,8200.0
7,C-109,177958,2008,Honda,Odyssey,EX-L,BURGUNDY,227704,No,"",2026-09-02,C,500.0
7,A-313.1,180767,2007,Honda,Odyssey,EX-L,BLUE,251424,No,"",2026-09-02,A,500.0
8,C-208,180513,2003,Honda,Odyssey,EX,BURGUNDY,188775,No,"",2026-09-02,C,1000.0
25,W-024,181231,2024,Honda,Passport,BLACK EDITI,WHITE,41735,Yes,4.8,2026-09-02,W,34800.0
7,A-103.6,181577,2024,Honda,Passport,EX-L,WHITE,38267,No,"",2026-09-02,A,28700.0
33,C-067,180974,2022,Honda,Passport,EX-L,BLACK,31219,Yes,3.7,2026-09-02,C,26000.0
28,A-194,180860,2025,Honda,Pilot,Black Edition,GRAY,31502,Yes,4.5,2026-09-02,A,43300.0
29,A-089,181250,2025,Honda,Pilot,EX-L,SILVER,51431,Yes,4.5,2026-09-02,A,28200.0
33,A-102.1,181527,2025,Honda,Pilot,Sport,BLACK,32562,Yes,3.8,2026-09-02,A,30200.0
32,C-293,181078,2025,Honda,Pilot,Sport,RED,42250,Yes,3.6,2026-09-02,C,28700.0
30,A-056,180913,2025,Honda,Pilot,Sport,WHITE,29215,Yes,4.8,2026-09-02,A,33200.0
27,C-258,180931,2025,Honda,Pilot,Sport,BLACK,34016,Yes,4.6,2026-09-02,C,31600.0
30,A-060,175211,2025,Honda,Pilot,Sport,GRAY,37511,Yes,3.5,2026-09-02,A,25400.0
35,C-255,176246,2025,Honda,Pilot,Touring,WHITE,7125,Yes,4.0,2026-09-02,C,39500.0
0,W-004,180281,2025,Honda,Pilot,TrailSport,RED,18712,No,"",2026-09-02,W,40000.0
28,D-055,180216,2024,Honda,Pilot,Sport,WHITE,13301,Yes,4.6,2026-09-02,D,34000.0
28,A-106,181424,2024,Honda,Pilot,Touring,BLACK,52254,Yes,4.3,2026-09-02,A,31200.0
30,A-069,180902,2024,Honda,Pilot,TrailSport,WHITE,57758,Yes,4.7,2026-09-02,A,34800.0
8,A-103.2,181565,2023,Honda,Pilot,EX-L 7 PASSENG,WHITE,13931,No,"",2026-09-02,A,35200.0
26,C-235,180217,2023,Honda,Pilot,EX-L 8 PASSENG,WHITE,32365,Yes,4.5,2026-09-02,C,31600.0
32,A-099,181321,2023,Honda,Pilot,Touring,GRAY,105158,Yes,4.5,2026-09-02,A,24700.0
8,C-236,180232,2021,Honda,Pilot,EX-L,WHITE,106577,No,"",2026-09-02,C,17200.0
7,A-344,180370,2018,Honda,Pilot,EX-L,WHITE,102694,No,"",2026-09-02,A,13400.0
38,D-152,180297,2017,Honda,Pilot,Elite,GRAY,108903,Yes,4.4,2026-09-02,D,15800.0
7,B-352,181169,2015,Honda,Pilot,Touring,WHITE,155864,No,"",2026-09-02,B,5600.0
35,B-069,178908,2025,Honda,Ridgeline,Sport,WHITE,63337,Yes,3.8,2026-09-02,B,22800.0
33,A-081,181074,2024,Honda,Ridgeline,RTL,WHITE,28710,Yes,4.5,2026-09-02,A,30000.0
9,A-172,181146,2013,Honda,Ridgeline,Sport,SILVER,175419,No,"",2026-09-02,A,5600.0
8,B-011,180293,2020,Hyundai,Accent,SE,GRAY,176067,No,"",2026-09-02,B,2400.0
35,A-058,179871,2017,Hyundai,Accent,SE,BLACK,84112,Yes,3.4,2026-09-02,A,2300.0
7,B-001,180289,2013,Hyundai,Accent,GLS,BLACK,142210,No,"",2026-09-02,B,700.0
30,A-072,181172,2025,Hyundai,Elantra,SE,BLACK,27007,Yes,4.6,2026-09-02,A,16800.0
35,D-041,180339,2025,Hyundai,Elantra,SE,RED,50871,Yes,3.5,2026-09-02,D,13600.0
26,D-061,180567,2025,Hyundai,Elantra,SEL SPORT,BLUE,5326,Yes,4.7,2026-09-02,D,19800.0
31,D-038,176947,2024,Hyundai,Elantra,HYBRID LIMIT,GRAY,97331,Yes,4.4,2026-09-02,D,14800.0
36,D-086,181087,2024,Hyundai,Elantra,SEL,GRAY,18837,Yes,2.7,2026-09-02,D,15800.0
8,B-160.3,181181,2023,Hyundai,Elantra,SEL,BLUE,48744,No,"",2026-09-02,B,12800.0
33,C-327,180676,2022,Hyundai,Elantra,Limited,WHITE,82522,Yes,3.8,2026-09-02,C,12200.0
24,A-211,180798,2020,Hyundai,Elantra,SE,BLACK,56426,Yes,"",2026-09-02,A,5100.0
8,C-292,180851,2020,Hyundai,Elantra,SEL,RED,120152,No,"",2026-09-02,C,6000.0
42,F-054,176731,2020,Hyundai,Elantra,SEL,BLACK,117237,Yes,1.3,2026-09-02,F,4400.0
26,A-225,180211,2018,Hyundai,Elantra,GT AUTO,WHITE,78589,Yes,"",2026-09-02,A,5500.0
45,F-103,177343,2018,Hyundai,Elantra,SEL,SILVER,51932,Yes,1.3,2026-09-02,F,1700.0
23,D-293,181081,2018,Hyundai,Elantra,SPORT,GRAY,102362,Yes,"",2026-09-02,D,900.0
44,F-004.1,177941,2017,Hyundai,Elantra,VALUE EDITIO,BLUE,99484,Yes,1.7,2026-09-02,F,900.0
7,C-392,180668,2016,Hyundai,Elantra,SE,WHITE,121728,No,"",2026-09-02,C,2700.0
10,C-123,180836,2016,Hyundai,Elantra,VALUE EDITIO,GRAY,161741,No,"",2026-09-02,C,1100.0
24,C-125,180843,2013,Hyundai,Elantra,GLS,SILVER,111942,Yes,"",2026-09-02,C,1100.0
7,A-289,181099,2012,Hyundai,Elantra,GLS,BLACK,221798,No,"",2026-09-02,A,700.0
8,C-205,179663,2008,Hyundai,Elantra,GLS,SILVER,164661,No,"",2026-09-02,C,1100.0
7,C-385,180638,2015,Hyundai,Genesis,5.0L,BLUE,136874,No,"",2026-09-02,C,3300.0
44,C-308,179702,2013,Hyundai,Genesis,3.8L,BLACK,66592,Yes,3.2,2026-09-02,C,5500.0
7,B-287,180750,2012,Hyundai,Genesis,4.6L,BLACK,84396,No,"",2026-09-02,B,2500.0
24,C-325,180415,2024,Hyundai,Ioniq 6,Limited,SILVER,15102,Yes,4.6,2026-09-02,C,27600.0
25,C-324,180414,2024,Hyundai,Kona,N LINE,BLACK,39735,Yes,2.9,2026-09-02,C,19500.0
35,D-097,181199,2024,Hyundai,Kona,SEL,BLACK,32706,Yes,4.0,2026-09-02,D,16200.0
34,F-013,177426,2021,Hyundai,Kona,ELECTRIC ULTIMA,WHITE,59621,Yes,4.2,2026-09-02,F,12800.0
40,F-042,172994,2021,Hyundai,Kona,ELECTRIC ULTIMA,WHITE,37960,Yes,2.0,2026-09-02,F,6400.0
8,B-159.6,181163,2021,Hyundai,Kona,SEL,BLUE,63737,No,"",2026-09-02,B,7800.0
35,A-300,179551,2019,Hyundai,Kona,SE,GRAY,110914,Yes,3.6,2026-09-02,A,6000.0
8,B-078,180693,2018,Hyundai,Kona,SEL,BLACK,130688,No,"",2026-09-02,B,6200.0
41,D-040,180342,2023,Hyundai,Palisade,SEL,BLACK,75840,Yes,2.1,2026-09-02,D,19400.0
8,B-159.7,181167,2026,Hyundai,Santa Fe,SEL,SILVER,16656,No,"",2026-09-02,B,26800.0
36,C-352,180651,2023,Hyundai,Santa Fe,Limited,BLACK,28335,Yes,4.2,2026-09-02,C,23600.0
33,D-025,181205,2023,Hyundai,Santa Fe,Limited,GRAY,16943,Yes,4.1,2026-09-02,D,22600.0
37,D-093,181168,2023,Hyundai,Santa Fe,SE,BLACK,30463,Yes,3.8,2026-09-02,D,16800.0
34,D-137,181394,2023,Hyundai,Santa Fe,SEL,GRAY,41632,Yes,3.4,2026-09-02,D,18000.0
0,X-009,181606,2023,Hyundai,Santa Fe,SEL,BLACK,31893,No,"",2026-09-02,X,20000.0
29,C-376,179021,2022,Hyundai,Santa Fe,SEL,SILVER,50467,Yes,4.2,2026-09-02,C,16400.0
24,B-020.1,173288,2021,Hyundai,Santa Fe,SEL,SILVER,102811,Yes,"",2026-09-02,B,10800.0
32,D-042,180453,2021,Hyundai,Santa Fe,SEL,BLUE,55953,Yes,3.3,2026-09-02,D,16200.0
8,B-470,180714,2016,Hyundai,Santa Fe,SE,WHITE,161688,No,"",2026-09-02,B,1200.0
9,C-333,180927,2010,Hyundai,Santa Fe,Limited,RED,155878,No,"",2026-09-02,C,1200.0
9,D-014,180511,2018,Hyundai,Santa Fe Sport,2.4L,BLUE,155501,No,"",2026-09-02,D,5000.0
31,D-127,181372,2019,Hyundai,Santa Fe XL,SE,WHITE,114296,Yes,3.6,2026-09-02,D,6500.0
37,C-357,180677,2024,Hyundai,Sonata,SEL,RED,28107,Yes,3.4,2026-09-02,C,18800.0
7,C-215,180679,2018,Hyundai,Sonata,SE,GRAY,96351,No,"",2026-09-02,C,5800.0
24,D-124,181364,2018,Hyundai,Sonata,SEL,WHITE,103795,Yes,"",2026-09-02,D,3200.0
45,B-248,175792,2018,Hyundai,Sonata,SPORT,WHITE,100158,Yes,"",2026-09-02,B,3700.0
7,C-238,180235,2017,Hyundai,Sonata,SE,BLACK,179886,No,"",2026-09-02,C,2500.0
42,F-063,177500,2017,Hyundai,Sonata,SPORT,BLACK,194600,Yes,2.1,2026-09-02,F,2700.0
39,D-132,181383,2017,Hyundai,Sonata,SPORT,GRAY,102026,Yes,2.0,2026-09-02,D,3200.0
45,F-057,176705,2016,Hyundai,Sonata,2.4L SE,SILVER,140684,Yes,1.4,2026-09-02,F,2100.0
26,C-016,179134,2016,Hyundai,Sonata,2.4L SPORT,BROWN,74670,Yes,"",2026-09-02,C,3800.0
26,C-207,180502,2015,Hyundai,Sonata,2.4L SE,BLUE,48990,Yes,3.9,2026-09-02,C,5400.0
7,A-269,180893,2015,Hyundai,Sonata,2.4L SE,RED,171589,No,"",2026-09-02,A,2500.0
54,D-023,181088,2015,Hyundai,Sonata,2.4L SE,SILVER,94115,Yes,1.3,2026-09-02,D,2400.0
0,C-282,180829,2015,Hyundai,Sonata,2.4L SE,WHITE,164023,No,"",2026-09-02,C,2500.0
43,B-402,181507,2015,Hyundai,Sonata,2.4L SPORT,RED,86681,Yes,2.5,2026-09-02,B,3400.0
24,A-282,178398,2015,Hyundai,Sonata,2.4L SPORT,BLUE,31272,Yes,"",2026-09-02,A,4900.0
7,C-252,180259,2013,Hyundai,Sonata,GLS,BLACK,108332,No,"",2026-09-02,C,2800.0
7,A-307,180664,2013,Hyundai,Sonata,GLS,SILVER,206714,No,"",2026-09-02,A,500.0
8,B-087,181396,2013,Hyundai,Sonata,GLS,SILVER,166847,No,"",2026-09-02,B,900.0
10,C-001,180531,2012,Hyundai,Sonata,GLS,SILVER,139911,No,"",2026-09-02,C,900.0
9,B-162,180350,2011,Hyundai,Sonata,GLS,BLACK,95533,No,"",2026-09-02,B,1700.0
8,D-130,181380,2008,Hyundai,Sonata,SE,WHITE,242929,No,"",2026-09-02,D,500.0
27,C-405,180954,2025,Hyundai,Tucson,SEL,BLACK,15210,Yes,4.4,2026-09-02,C,21200.0
30,D-052,180221,2024,Hyundai,Tucson,SEL,SILVER,9982,Yes,4.6,2026-09-02,D,21600.0
8,C-084.9,181561,2024,Hyundai,Tucson,SEL,WHITE,35635,No,"",2026-09-02,C,18200.0
29,A-100,181322,2023,Hyundai,Tucson,SEL,BLACK,42736,Yes,4.1,2026-09-02,A,17200.0
30,B-277,180356,2023,Hyundai,Tucson,SEL,BLUE,54820,Yes,4.4,2026-09-02,B,17400.0
34,F-015,176711,2022,Hyundai,Tucson,Limited,WHITE,63236,Yes,4.0,2026-09-02,F,18000.0
38,F-021,177709,2021,Hyundai,Tucson,SEL,GRAY,111673,Yes,3.9,2026-09-02,F,8500.0
31,C-057,180563,2021,Hyundai,Tucson,SPORT,BLACK,52727,Yes,3.6,2026-09-02,C,14400.0
36,F-009,177230,2021,Hyundai,Tucson,ULTIMATE,GRAY,42702,Yes,3.9,2026-09-02,F,17800.0
41,F-049,177518,2020,Hyundai,Tucson,SE,BLACK,88724,Yes,2.1,2026-09-02,F,4800.0
41,F-037,177652,2020,Hyundai,Tucson,SE,SILVER,88906,Yes,3.4,2026-09-02,F,9000.0
39,F-100,176238,2020,Hyundai,Tucson,Value,BLACK,125548,Yes,1.4,2026-09-02,F,4400.0
8,A-121,180287,2018,Hyundai,Tucson,SEL,SILVER,123090,No,"",2026-09-02,A,6200.0
8,D-062,180733,2017,Hyundai,Tucson,SE,BLACK,164381,No,"",2026-09-02,D,4200.0
8,D-065,180622,2017,Hyundai,Tucson,SE,GRAY,120647,No,"",2026-09-02,D,5600.0
32,C-212,180647,2016,Hyundai,Tucson,SE,GRAY,85145,Yes,3.5,2026-09-02,C,7900.0
7,D-136,181391,2016,Hyundai,Tucson,SPORT,WHITE,144817,No,"",2026-09-02,D,3400.0
37,C-214,180672,2015,Hyundai,Tucson,SE,GRAY,55206,Yes,2.8,2026-09-02,C,4500.0
48,C-211,180646,2013,Hyundai,Tucson,LIMITED,WHITE,51482,Yes,1.5,2026-09-02,C,3400.0
8,C-219,180822,2016,Hyundai,Veloster,3DR CPE AUT,SILVER,130054,No,"",2026-09-02,C,500.0
10,B-097,180876,2010,INFINITI,EX35,JOURNEY,GRAY,170321,No,"",2026-09-02,B,1200.0
8,A-009,180290,2009,INFINITI,M45,4DR SDN,WHITE,158787,No,"",2026-09-02,A,1800.0
26,D-287,180970,2020,INFINITI,Q50,3.0T LUXE,BLACK,41795,Yes,"",2026-09-02,D,8000.0
8,C-167,180825,2019,INFINITI,Q50,RED SPORT 400,BLUE,118208,No,"",2026-09-02,C,16200.0
7,A-218,181292,2018,INFINITI,Q50,3.0T LUXE,SILVER,114137,No,"",2026-09-02,A,6000.0
29,B-268,180331,2017,INFINITI,Q50,RED SPORT 400,WHITE,111840,Yes,4.0,2026-09-02,B,10400.0
8,A-220,181267,2016,INFINITI,Q50,2.0T PREMIUM,WHITE,111461,No,"",2026-09-02,A,7200.0
48,F-044,178013,2015,INFINITI,Q50,SPORT,GRAY,121065,Yes,1.6,2026-09-02,F,3600.0
52,F-002,177917,2014,INFINITI,Q50,HYBRID SPORT,WHITE,121382,Yes,1.3,2026-09-02,F,2700.0
29,A-196,180932,2022,INFINITI,Q60,RED SPORT 400,WHITE,46658,Yes,4.6,2026-09-02,A,37000.0
8,A-219,181293,2017,INFINITI,Q60,2.0T,BLACK,119158,No,"",2026-09-02,A,6200.0
30,W-016,178728,2025,INFINITI,QX50,Luxe,GRAY,9334,Yes,4.7,2026-09-02,W,32900.0
32,A-198,180934,2021,INFINITI,QX50,Luxe,WHITE,82692,Yes,4.4,2026-09-02,A,13200.0
24,B-369,175311,2021,INFINITI,QX50,Pure,BLUE,119777,Yes,"",2026-09-02,B,6300.0
25,A-047,180222,2020,INFINITI,QX50,ESSENTIAL,GRAY,62549,Yes,"",2026-09-02,A,14500.0
8,B-056,181242,2017,INFINITI,QX50,"",BLUE,190841,No,"",2026-09-02,B,2000.0
42,D-216,180946,2017,INFINITI,QX50,"",BLUE,1,Yes,1.6,2026-09-02,D,2800.0
41,O-009,156950,2023,INFINITI,QX55,Luxe,BLUE,20592,Yes,2.7,2026-09-02,O,8700.0
37,B-351,180346,2022,INFINITI,QX55,Luxe,GRAY,85625,Yes,4.0,2026-09-02,B,15400.0
8,A-228,181266,2018,INFINITI,QX60,"",SILVER,99243,No,"",2026-09-02,A,6300.0
8,B-414,180393,2016,INFINITI,QX60,4DR,SILVER,138746,No,"",2026-09-02,B,6000.0
25,D-252,180610,2014,INFINITI,QX60,4DR,WHITE,141199,Yes,"",2026-09-02,D,3800.0
10,B-384,181398,2019,INFINITI,QX80,LUXE,WHITE,148194,No,"",2026-09-02,B,10200.0
33,D-034,180784,2018,INFINITI,QX80,"",BLACK,80234,Yes,4.1,2026-09-02,D,14600.0
25,B-428,181015,2026,Jaguar,F-Pace,R-DYNAMIC S,WHITE,7345,Yes,4.6,2026-09-02,B,45000.0
25,A-101.1,181430,2026,Jaguar,F-Pace,R-DYNAMIC S,RED,4143,Yes,5.0,2026-09-02,A,45500.0
28,A-231,180742,2018,Jeep,All-New Wrangler,"",WHITE,86689,Yes,4.0,2026-09-02,A,15800.0
46,D-141,181457,2018,Jeep,Cherokee,Latitude,BLACK,104418,Yes,1.3,2026-09-02,D,3100.0
36,C-356,180666,2017,Jeep,Cherokee,ALTITUDE,BLACK,74435,Yes,3.5,2026-09-02,C,5900.0
8,B-464,180473,2015,Jeep,Cherokee,Limited,TAN,133340,No,"",2026-09-02,B,2200.0
24,C-419,181340,2025,Jeep,Compass,LIMITED,WHITE,46150,Yes,4.8,2026-09-02,C,17200.0
30,C-170.3,181058,2021,Jeep,Compass,80TH ANNIVER,BLACK,49248,Yes,4.0,2026-09-02,C,13600.0
33,A-028,181160,2020,Jeep,Compass,ALTITUDE,SILVER,94104,Yes,4.1,2026-09-02,A,10100.0
28,C-284,180832,2019,Jeep,Compass,Latitude,RED,85421,Yes,4.1,2026-09-02,C,8000.0
33,C-184,180412,2019,Jeep,Compass,LATITUDE W/S,WHITE,36959,Yes,2.7,2026-09-02,C,10400.0
32,F-018,176792,2019,Jeep,Compass,Limited,GRAY,99077,Yes,3.7,2026-09-02,F,8400.0
9,A-131,180816,2012,Jeep,Compass,Latitude,WHITE,120496,No,"",2026-09-02,A,600.0
36,A-011,180111,2011,Jeep,Compass,4DR,SILVER,101796,Yes,3.1,2026-09-02,A,1200.0
30,A-257,181477,2021,Jeep,Grand Cherokee,80TH,BLACK,88855,Yes,4.4,2026-09-02,A,16000.0
25,C-145.1,181441,2021,Jeep,Grand Cherokee,LIMIT,WHITE,44076,Yes,4.8,2026-09-02,C,20500.0
8,B-280,179355,2020,Jeep,Grand Cherokee,ALTIT,BLACK,123264,No,"",2026-09-02,B,8600.0
7,B-076,179020,2020,Jeep,Grand Cherokee,TRAIL,BLACK,170998,No,"",2026-09-02,B,6000.0
33,A-256,181476,2019,Jeep,Grand Cherokee,HIGH,RED,52509,Yes,4.1,2026-09-02,A,16000.0
9,C-381,180613,2017,Jeep,Grand Cherokee,LARED,SILVER,125353,No,"",2026-09-02,C,5100.0
38,A-271,177691,2017,Jeep,Grand Cherokee,LARED,BLACK,146894,Yes,4.1,2026-09-02,A,4100.0
8,A-320,179645,2015,Jeep,Grand Cherokee,ALTIT,WHITE,106089,No,"",2026-09-02,A,2600.0
8,B-461,180449,2015,Jeep,Grand Cherokee,ALTIT,GRAY,128661,No,"",2026-09-02,B,3800.0
8,B-458,180735,2007,Jeep,Grand Cherokee,LARED,BLUE,245790,No,"",2026-09-02,B,800.0
8,A-353,180437,2001,Jeep,Grand Cherokee,LIMIT,GRAY,250449,No,"",2026-09-02,A,500.0
27,B-254,180609,2023,Jeep,Renegade,Latitude,RED,55178,Yes,4.5,2026-09-02,B,14200.0
23,D-281,180957,2016,Jeep,Renegade,Limited,SILVER,128486,Yes,"",2026-09-02,D,2400.0
8,D-002,181104,2015,Jeep,Renegade,Latitude,BLUE,161011,No,"",2026-09-02,D,2400.0
31,A-079,178448,2024,Jeep,Wagoneer,SERIES II C,GRAY,30981,Yes,3.2,2026-09-02,A,40700.0
32,B-396,181440,2022,Jeep,Wagoneer,Series II,BLACK,76277,Yes,4.1,2026-09-02,B,27600.0
8,B-181,179765,2023,Jeep,Wrangler,WILLYS SPOR,BLACK,43681,No,"",2026-09-02,B,20800.0
25,D-278,180621,2022,Jeep,Wrangler,4XE UNLIMIT,WHITE,34309,Yes,4.6,2026-09-02,D,23000.0
26,D-046,180507,2021,Jeep,Wrangler,4XE UNLIMIT,GREEN,75362,Yes,4.8,2026-09-02,D,19000.0
29,C-386,180642,2021,Jeep,Wrangler,UNLIMITED R,WHITE,40301,Yes,4.6,2026-09-02,C,29200.0
9,A-222,179824,2021,Jeep,Wrangler,UNLIMITED R,WHITE,138833,No,"",2026-09-02,A,18400.0
32,C-065,180722,2020,Jeep,Wrangler,UNLIMITED R,GRAY,76324,Yes,4.1,2026-09-02,C,24200.0
33,B-246.7,181403,2020,Jeep,Wrangler,UNLIMITED S,RED,63081,Yes,3.5,2026-09-02,B,16800.0
29,B-417,181023,2019,Jeep,Wrangler,UNLIMITED M,BLACK,63440,Yes,3.9,2026-09-02,B,22000.0
9,A-314,180002,2018,Jeep,Wrangler,JK UNLIMITE,GRAY,118511,No,"",2026-09-02,A,8100.0
34,B-211,180510,2015,Jeep,Wrangler,UNLIMITED S,BLACK,53541,Yes,4.9,2026-09-02,B,17000.0
7,C-420,181365,2014,Jeep,Wrangler,UNLIMITED S,ORANGE,119662,No,"",2026-09-02,C,11200.0
7,B-219,180522,2009,Jeep,Wrangler,X,BLACK,205879,No,"",2026-09-02,B,5100.0
7,A-317,180275,2001,Jeep,Wrangler,Sahara,GRAY,100853,No,"",2026-09-02,A,4100.0
33,A-135,174324,2024,Kia,Carnival,EX,RED,116894,Yes,3.5,2026-09-02,A,20000.0
8,B-156,179523,2024,Kia,Carnival,LX,BLACK,47975,No,"",2026-09-02,B,21800.0
26,C-414,181075,2024,Kia,EV6,Light,BLUE,15164,Yes,4.2,2026-09-02,C,20000.0
25,C-390,179135,2026,Kia,EV6 LIGHT LONG RANGE,"",GRAY,8475,Yes,4.6,2026-09-02,C,25000.0
7,D-123,181544,2024,Kia,Forte,GT,WHITE,10871,No,"",2026-09-02,D,18200.0
23,W-001,179166,2024,Kia,Forte,LXS,BLACK,21854,Yes,"",2026-09-02,W,13000.0
32,C-353,180660,2023,Kia,Forte,GT-Line,GRAY,46894,Yes,3.7,2026-09-02,C,15100.0
36,D-095,181182,2021,Kia,Forte,GT-Line,BLUE,53841,Yes,3.1,2026-09-02,D,11600.0
30,B-113,180300,2020,Kia,Forte,LXS,WHITE,60695,Yes,3.1,2026-09-02,B,9000.0
42,F-048,176380,2016,Kia,Forte,LX,WHITE,87789,Yes,2.1,2026-09-02,F,1100.0
9,A-215,181517,2016,Kia,Forte,LX,GRAY,119293,No,"",2026-09-02,A,1400.0
7,D-001,180837,2015,Kia,Forte,LX,BLACK,149824,No,"",2026-09-02,D,1600.0
8,C-368,180475,2013,Kia,Forte,EX,GRAY,128349,No,"",2026-09-02,C,600.0
33,D-059,180220,2025,Kia,K4,LXS,GREEN,20233,Yes,4.5,2026-09-02,D,18800.0
32,A-026,181308,2022,Kia,K5,EX,WHITE,84810,Yes,4.6,2026-09-02,A,16000.0
33,C-170.2,181054,2022,Kia,K5,EX,BLUE,19735,Yes,4.3,2026-09-02,C,21400.0
24,A-305,179591,2021,Kia,K5,GT-LINE,BLACK,101544,Yes,"",2026-09-02,A,8400.0
29,D-073,176515,2021,Kia,K5,GT-LINE,GRAY,47505,Yes,3.9,2026-09-02,D,14000.0
10,B-305,180765,2020,Kia,Optima,LX,GRAY,134090,No,"",2026-09-02,B,2100.0
8,C-351,179449,2019,Kia,Optima,S,WHITE,181603,No,"",2026-09-02,C,2400.0
8,D-022,180840,2018,Kia,Optima,LX,BLACK,137695,No,"",2026-09-02,D,2000.0
44,C-204,179280,2015,Kia,Optima,EX,PURPLE,81486,Yes,2.3,2026-09-02,C,3000.0
30,D-283,180961,2015,Kia,Optima,HYBRID 4DR SD,BLACK,106441,Yes,"",2026-09-02,D,1500.0
7,C-012,180138,2013,Kia,Optima,LX,SILVER,133241,No,"",2026-09-02,C,800.0
26,A-356,180446,2013,Kia,Optima,SX,RED,72545,Yes,"",2026-09-02,A,4600.0
7,C-181,180451,2012,Kia,Optima,LX,SILVER,133921,No,"",2026-09-02,C,1500.0
8,B-110,180273,2013,Kia,Rio,LX,RED,136445,No,"",2026-09-02,B,1000.0
8,C-318,180388,2019,Kia,Sedona,LX,WHITE,108447,No,"",2026-09-02,C,2800.0
30,B-139,179282,2022,Kia,Seltos,EX,GRAY,36929,Yes,4.2,2026-09-02,B,16600.0
7,D-143,181541,2021,Kia,Seltos,SX,WHITE,58753,No,"",2026-09-02,D,14000.0
30,D-242.1,180988,2023,Kia,Sorento,SX,WHITE,37822,Yes,4.6,2026-09-02,D,23200.0
7,C-413,181072,2020,Kia,Sorento,LX,WHITE,145668,No,"",2026-09-02,C,3800.0
27,F-106,178049,2019,Kia,Sorento,EX V6,WHITE,132551,Yes,1.9,2026-09-02,F,1200.0
7,C-344,180844,2013,Kia,Sorento,LX,BURGUNDY,126514,No,"",2026-09-02,C,2400.0
8,D-013,180341,2012,Kia,Sorento,LX,BLUE,162831,No,"",2026-09-02,D,800.0
9,B-364,181219,2020,Kia,Soul,S,WHITE,94106,No,"",2026-09-02,B,7000.0
8,A-319,180276,2015,Kia,Soul,Base,BROWN,89400,No,"",2026-09-02,A,1700.0
8,B-196,181141,2026,Kia,Sportage,EX,BLUE,11104,No,"",2026-09-02,B,24400.0
30,D-048,178041,2025,Kia,Sportage,EX,BLACK,36753,Yes,4.3,2026-09-02,D,21000.0
32,C-378,180600,2024,Kia,Sportage,EX,BLACK,62460,Yes,3.9,2026-09-02,C,15000.0
26,B-135,180404,2024,Kia,Sportage,EX,GRAY,29817,Yes,4.5,2026-09-02,B,19500.0
26,B-389,181329,2023,Kia,Sportage,SX-Prestige,GRAY,52534,Yes,4.1,2026-09-02,B,23000.0
23,B-366,181207,2023,Kia,Sportage,X-PRO,GREEN,56025,Yes,"",2026-09-02,B,20200.0
30,A-076,181192,2021,Kia,Sportage,EX,GRAY,47726,Yes,4.6,2026-09-02,A,16600.0
39,F-027,176082,2021,Kia,Sportage,LX,BLACK,68960,Yes,2.3,2026-09-02,F,8200.0
39,F-055,177167,2017,Kia,Sportage,EX,WHITE,120233,Yes,1.3,2026-09-02,F,3400.0
24,B-466,179354,2016,Kia,Sportage,EX,BLACK,88251,Yes,"",2026-09-02,B,2800.0
40,F-065,176216,2014,Kia,Sportage,LX,SILVER,245377,Yes,2.1,2026-09-02,F,1200.0
7,C-902,180657,2013,Kia,Sportage,LX,SILVER,185453,No,"",2026-09-02,C,500.0
32,C-364,180777,2023,Kia,Stinger,GT-LINE,GRAY,41947,Yes,3.8,2026-09-02,C,24300.0
8,A-102.5,181557,2022,Kia,Stinger,GT2,BLACK,28515,No,"",2026-09-02,A,31200.0
28,D-071,180782,2025,Kia,Telluride,EX X-LINE,BLACK,9491,Yes,4.4,2026-09-02,D,37000.0
33,B-143,180474,2024,Kia,Telluride,S,GRAY,77353,Yes,4.6,2026-09-02,B,24000.0
39,D-098,181208,2024,Kia,Telluride,S,WHITE,62339,Yes,2.6,2026-09-02,D,23600.0
32,A-104,181420,2021,Kia,Telluride,EX,GREEN,67928,Yes,4.4,2026-09-02,A,19800.0
0,W-012,181013,2024,Land Rover,Defender,"",WHITE,15914,No,"",2026-09-02,W,57000.0
31,D-266,179061,2020,Land Rover,Defender,"",GREEN,39063,Yes,4.6,2026-09-02,D,33000.0
30,B-418,180695,2020,Land Rover,Discovery,"",BLACK,54561,Yes,3.6,2026-09-02,B,13400.0
36,F-107,175321,2019,Land Rover,Discovery,"",BLACK,92339,Yes,0.0,2026-09-02,F,2500.0
25,B-423,180655,2023,Land Rover,Range Rover,AUTOBIOG,GRAY,50709,Yes,4.6,2026-09-02,B,81400.0
27,D-275,180593,2019,Land Rover,Range Rover,"",WHITE,41051,Yes,4.5,2026-09-02,D,26600.0
32,B-420,180687,2022,Land Rover,Range Rover Evoque,S,BROWN,24686,Yes,3.8,2026-09-02,B,25500.0
32,A-243,181471,2019,Land Rover,Range Rover Evoque,S,SILVER,53758,Yes,3.9,2026-09-02,A,7100.0
38,A-207,180269,2018,Land Rover,Range Rover Evoque,S,WHITE,50691,Yes,3.9,2026-09-02,A,7000.0
30,D-182,180422,2023,Land Rover,Range Rover Sport,"",WHITE,64783,Yes,4.3,2026-09-02,D,47800.0
7,C-039,178907,2016,Land Rover,Range Rover Sport,"",BLACK,86669,No,"",2026-09-02,C,4000.0
30,D-177,180504,2018,Land Rover,Range Rover Velar,R-,GRAY,59115,Yes,4.1,2026-09-02,D,16200.0
29,D-170,180327,2020,Lexus,ES 300h,ES 300H,SILVER,58635,Yes,2.5,2026-09-02,D,24200.0
40,D-184,180536,2019,Lexus,ES 300h,ES 300H,WHITE,87756,Yes,2.1,2026-09-02,D,19000.0
36,D-195,180691,2019,Lexus,ES 300h,ES 300H,GRAY,75620,Yes,3.6,2026-09-02,D,21000.0
44,D-167,180317,2013,Lexus,ES 300h,4DR SDN HYBR,WHITE,83006,Yes,2.4,2026-09-02,D,10000.0
8,A-004,181143,2005,Lexus,ES 330,4DR SDN,WHITE,179664,No,"",2026-09-02,A,600.0
30,D-160,180311,2023,Lexus,ES 350,F SPORT HANDL,BLUE,11728,Yes,4.4,2026-09-02,D,39200.0
31,D-229.7,181128,2023,Lexus,ES 350,F SPORT HANDL,BLACK,33768,Yes,4.1,2026-09-02,D,36000.0
36,D-214,180944,2022,Lexus,ES 350,ES 350,RED,42079,Yes,2.1,2026-09-02,D,29000.0
33,D-244,178946,2022,Lexus,ES 350,F Sport,SILVER,137773,Yes,4.0,2026-09-02,D,22600.0
0,O-012,181596,2020,Lexus,ES 350,ES 350,SILVER,59674,No,"",2026-09-02,O,24000.0
35,A-117,180279,2017,Lexus,ES 350,ES 350,SILVER,71241,Yes,3.1,2026-09-02,A,17200.0
34,D-229.6,181129,2015,Lexus,ES 350,4DR SDN,SILVER,60993,Yes,3.6,2026-09-02,D,16400.0
7,B-188,180857,2025,Lexus,ES-Series,"",SILVER,14259,No,"",2026-09-02,B,41400.0
30,D-162,180313,2025,Lexus,ES-Series,"",WHITE,15250,Yes,4.1,2026-09-02,D,41800.0
26,D-189,180560,2025,Lexus,ES-Series,"",GRAY,14528,Yes,4.6,2026-09-02,D,42400.0
24,D-169,180324,2025,Lexus,ES-Series,"",WHITE,26739,Yes,4.6,2026-09-02,D,39000.0
25,D-175,180432,2025,Lexus,ES-Series,"",BLACK,20237,Yes,4.8,2026-09-02,D,42400.0
25,D-185,180546,2024,Lexus,ES-Series,"",WHITE,25130,Yes,4.3,2026-09-02,D,35000.0
27,D-199,180550,2024,Lexus,ES-Series,"",BLACK,25373,Yes,2.7,2026-09-02,D,35000.0
33,D-198,180568,2013,Lexus,GS 350,4DR SDN,WHITE,49168,Yes,2.2,2026-09-02,D,16000.0
9,A-136,180909,2013,Lexus,GS 450h,4DR SDN HYBR,SILVER,111693,No,"",2026-09-02,A,10800.0
34,B-289,179838,2022,Lexus,GX 460,PREMIUM,WHITE,86325,Yes,4.2,2026-09-02,B,39000.0
7,D-265,180689,2015,Lexus,GX 460,LUXURY,BLACK,173954,No,"",2026-09-02,D,14600.0
63,D-156,180307,2010,Lexus,GX 460,4DR,WHITE,211009,Yes,1.9,2026-09-02,D,7600.0
7,C-328,180681,2006,Lexus,GX 470,4DR SUV,BLUE,259495,No,"",2026-09-02,C,4300.0
7,B-172,180581,2025,Lexus,GX-Series,"",SILVER,22252,No,"",2026-09-02,B,73400.0
23,C-901,179091,2024,Lexus,GX-Series,"",GREEN,6037,Yes,4.8,2026-09-02,C,78000.0
8,C-145.4,181451,2011,Lexus,IS 250,250C 2DR CONV AUT,RED,51586,No,"",2026-09-02,C,12800.0
28,C-083.2,181362,2023,Lexus,IS 300,IS 300,WHITE,9044,Yes,4.6,2026-09-02,C,32000.0
34,D-239,180652,2016,Lexus,IS 300,4DR SDN,SILVER,44479,Yes,3.0,2026-09-02,D,20200.0
28,C-076,181191,2023,Lexus,IS 350,F SPORT,BLACK,26657,Yes,4.5,2026-09-02,C,38600.0
31,C-062,180429,2023,Lexus,IS 350,F SPORT,SILVER,56540,Yes,3.5,2026-09-02,C,37000.0
26,D-192,180554,2023,Lexus,IS 350,F SPORT,RED,23779,Yes,4.7,2026-09-02,D,39400.0
24,A-203,181235,2012,Lexus,IS 350,350C 2DR CONV,RED,108586,Yes,"",2026-09-02,A,7500.0
9,C-083.5,181363,2012,Lexus,IS 350,4DR SDN,BLACK,193979,No,"",2026-09-02,C,3800.0
27,D-161,180312,2026,Lexus,IS-Series,"",BLACK,1369,Yes,4.6,2026-09-02,D,48600.0
25,C-052,180556,2026,Lexus,IS-Series,"",OTHER,484,Yes,4.4,2026-09-02,C,48000.0
24,D-190,180549,2025,Lexus,IS-Series,"",GRAY,3356,Yes,4.8,2026-09-02,D,41000.0
33,D-225,181020,2025,Lexus,IS-Series,"",GRAY,2931,Yes,2.8,2026-09-02,D,38000.0
26,D-230.3,181134,2025,Lexus,IS-Series,"",BLUE,16008,Yes,4.8,2026-09-02,D,43200.0
30,D-211,179628,2025,Lexus,IS-Series,"",GRAY,19892,Yes,4.6,2026-09-02,D,39900.0
25,D-178,180430,2025,Lexus,IS-Series,"",GRAY,2615,Yes,4.8,2026-09-02,D,41800.0
25,D-187,180548,2025,Lexus,IS-Series,"",GRAY,10151,Yes,4.7,2026-09-02,D,40200.0
24,D-180,180424,2025,Lexus,IS-Series,"",OTHER,20520,Yes,4.5,2026-09-02,D,39000.0
30,D-230.4,181135,2024,Lexus,IS-Series,"",WHITE,38438,Yes,3.8,2026-09-02,D,29200.0
24,C-088,181351,2024,Lexus,IS-Series,"",GRAY,12599,Yes,4.8,2026-09-02,C,42200.0
32,D-166,180316,2024,Lexus,IS-Series,"",GRAY,70195,Yes,4.5,2026-09-02,D,30600.0
25,D-222,180955,2024,Lexus,IS-Series,"",SILVER,15193,Yes,4.7,2026-09-02,D,33000.0
8,B-160.5,181185,2024,Lexus,IS-Series,"",WHITE,15617,No,"",2026-09-02,B,33000.0
28,D-186,179082,2024,Lexus,IS-Series,"",BLACK,21425,Yes,4.4,2026-09-02,D,32800.0
26,D-171,180322,2024,Lexus,IS-Series,"",WHITE,36154,Yes,4.5,2026-09-02,D,36600.0
0,O-005,180774,2024,Lexus,LC-Series,"",BLACK,9597,No,"",2026-09-02,O,109500.0
7,B-229,180977,2005,Lexus,LS 430,4DR SDN,BLACK,175701,No,"",2026-09-02,B,2200.0
42,D-202,180569,2013,Lexus,LS 460,4DR SDN,SILVER,84440,Yes,2.3,2026-09-02,D,18200.0
33,D-220,180951,2021,Lexus,LX 570,THREE-ROW,WHITE,70999,Yes,4.3,2026-09-02,D,67000.0
47,D-207,180745,2017,Lexus,NX 200t,NX TURBO,SILVER,90204,Yes,3.4,2026-09-02,D,15000.0
10,C-118,180623,2015,Lexus,NX 200t,4DR,WHITE,184154,No,"",2026-09-02,C,5000.0
8,D-150.1,181547,2015,Lexus,NX 200t,4DR,GRAY,103416,No,"",2026-09-02,D,12000.0
40,F-007,174843,2023,Lexus,NX 250,NX 250,WHITE,30733,Yes,2.0,2026-09-02,F,28400.0
28,C-087,181287,2023,Lexus,NX 250,NX 250,SILVER,46325,Yes,4.5,2026-09-02,C,27600.0
32,D-204,180725,2023,Lexus,NX 250,NX 250,BLACK,44260,Yes,4.0,2026-09-02,D,29000.0
38,A-201,181230,2021,Lexus,NX 300,F Sport,SILVER,74596,Yes,3.5,2026-09-02,A,24200.0
32,D-158,180309,2021,Lexus,NX 300,F Sport,WHITE,69684,Yes,4.5,2026-09-02,D,25200.0
35,C-031,180617,2020,Lexus,NX 300,F Sport,WHITE,73161,Yes,3.7,2026-09-02,C,21300.0
41,D-213,180943,2019,Lexus,NX 300,F SPORT,BLACK,69335,Yes,2.4,2026-09-02,D,11500.0
31,D-228,181030,2022,Lexus,NX 350,F SPORT HANDL,WHITE,37467,Yes,4.5,2026-09-02,D,33800.0
32,C-080,181210,2022,Lexus,NX 350,Premium,WHITE,20894,Yes,3.2,2026-09-02,C,32200.0
27,D-230.2,181133,2025,Lexus,NX-Series,"",WHITE,18140,Yes,4.1,2026-09-02,D,40000.0
26,D-228.9,181108,2025,Lexus,NX-Series,"",SILVER,32018,Yes,4.8,2026-09-02,D,33200.0
28,C-074,180994,2025,Lexus,NX-Series,"",GREEN,5213,Yes,4.6,2026-09-02,C,53600.0
27,D-165,178988,2025,Lexus,NX-Series,"",GRAY,17518,Yes,4.7,2026-09-02,D,40000.0
28,D-229.5,181124,2025,Lexus,NX-Series,"",SILVER,11276,Yes,4.6,2026-09-02,D,41200.0
28,D-176,180433,2025,Lexus,NX-Series,"",BLACK,16252,Yes,4.6,2026-09-02,D,32600.0
25,D-205,180421,2025,Lexus,NX-Series,"",GRAY,31544,Yes,4.6,2026-09-02,D,48400.0
27,D-228.3,181033,2025,Lexus,NX-Series,"",GRAY,13362,Yes,4.7,2026-09-02,D,39000.0
33,C-051,180641,2024,Lexus,NX-Series,"",GRAY,29950,Yes,3.5,2026-09-02,C,32600.0
29,D-159,180310,2024,Lexus,NX-Series,"",GREEN,9943,Yes,4.3,2026-09-02,D,34800.0
27,D-228.1,181041,2024,Lexus,NX-Series,"",WHITE,24423,Yes,4.7,2026-09-02,D,36400.0
27,D-151,180294,2024,Lexus,NX-Series,"",GRAY,37578,Yes,4.5,2026-09-02,D,31200.0
26,D-228.6,181109,2024,Lexus,NX-Series,"",WHITE,23665,Yes,4.5,2026-09-02,D,35600.0
0,W-018,181492,2024,Lexus,NX-Series,"",GRAY,29680,No,"",2026-09-02,W,33500.0
30,D-229.2,181114,2024,Lexus,NX-Series,"",SILVER,15808,Yes,4.5,2026-09-02,D,35200.0
28,D-221,180953,2024,Lexus,NX-Series,"",WHITE,33043,Yes,4.6,2026-09-02,D,39200.0
33,C-320,180389,2023,Lexus,RX 350,PREMIUM PLUS,WHITE,55326,Yes,2.1,2026-09-02,C,33500.0
29,D-228.5,181034,2023,Lexus,RX 350,PREMIUM PLUS,WHITE,30032,Yes,4.4,2026-09-02,D,46600.0
23,C-064,180612,2023,Lexus,RX 350,RX 350,WHITE,32556,Yes,"",2026-09-02,C,36000.0
35,D-219,180949,2022,Lexus,RX 350,RX 350,SILVER,9918,Yes,2.2,2026-09-02,D,34400.0
0,B-155,181600,2021,Lexus,RX 350,"",GREEN,51968,No,"",2026-09-02,B,31400.0
24,A-031,176074,2021,Lexus,RX 350,RX 350 AUTO,BLACK,49909,Yes,"",2026-09-02,A,32500.0
24,C-135,174683,2020,Lexus,RX 350,RX 350,SILVER,58232,Yes,"",2026-09-02,C,26200.0
35,D-230.1,181132,2017,Lexus,RX 350,F SPORT,BLACK,114761,Yes,3.3,2026-09-02,D,17400.0
40,D-229.9,181131,2017,Lexus,RX 350,RX 350,SILVER,68026,Yes,1.9,2026-09-02,D,20400.0
31,D-128,181375,2015,Lexus,RX 350,4DR,BEIGE,84804,Yes,4.0,2026-09-02,D,13400.0
62,D-200,180937,2015,Lexus,RX 350,4DR,WHITE,213501,Yes,2.7,2026-09-02,D,5000.0
36,D-163,180314,2015,Lexus,RX 350,4DR,BEIGE,128268,Yes,4.2,2026-09-02,D,12800.0
46,C-358,180700,2013,Lexus,RX 350,4DR,BLACK,88042,Yes,1.6,2026-09-02,C,9600.0
7,C-082.5,181300,2012,Lexus,RX 350,4DR,BEIGE,171183,No,"",2026-09-02,C,5300.0
45,D-194,180566,2012,Lexus,RX 350,4DR,WHITE,108999,Yes,1.3,2026-09-02,D,8000.0
25,A-195,180930,2011,Lexus,RX 350,4DR,BLACK,113661,Yes,"",2026-09-02,A,6900.0
9,B-304,180764,2011,Lexus,RX 350,4DR,GRAY,120656,No,"",2026-09-02,B,7400.0
24,D-179,180512,2025,Lexus,RX-Series,"",BLACK,14252,Yes,4.6,2026-09-02,D,40200.0
28,D-228.4,181040,2025,Lexus,RX-Series,"",GREEN,1935,Yes,4.9,2026-09-02,D,47000.0
28,D-157,180308,2025,Lexus,RX-Series,"",WHITE,14691,Yes,4.5,2026-09-02,D,46200.0
29,C-900,179784,2025,Lexus,RX-Series,"",GRAY,18885,Yes,4.7,2026-09-02,C,45000.0
30,D-228.7,181103,2024,Lexus,RX-Series,"",WHITE,30936,Yes,4.1,2026-09-02,D,47000.0
29,D-230,181032,2024,Lexus,RX-Series,"",GRAY,26844,Yes,4.5,2026-09-02,D,37600.0
25,D-196,180553,2024,Lexus,RX-Series,"",WHITE,19400,Yes,4.8,2026-09-02,D,48600.0
32,D-223,181014,2024,Lexus,RX-Series,"",GRAY,11563,Yes,4.6,2026-09-02,D,44000.0
26,D-173,180428,2024,Lexus,RX-Series,"",GRAY,18439,Yes,4.6,2026-09-02,D,38800.0
31,D-229.3,181116,2026,Lexus,TX-Series,"",WHITE,10062,Yes,4.7,2026-09-02,D,57600.0
28,A-075,181070,2025,Lexus,TX-Series,"",BLUE,9477,Yes,4.8,2026-09-02,A,55750.0
26,D-191,180547,2025,Lexus,TX-Series,"",WHITE,9787,Yes,4.5,2026-09-02,D,59600.0
27,C-069,180990,2025,Lexus,TX-Series,"",SILVER,5200,Yes,4.4,2026-09-02,C,59600.0
24,C-054,180555,2024,Lexus,TX-Series,"",WHITE,11832,Yes,"",2026-09-02,C,42200.0
7,A-034,180291,2019,Lexus,UX 200,UX 200,SILVER,186339,No,"",2026-09-02,A,6500.0
25,D-228.8,181107,2023,Lexus,UX 250h,Premium,WHITE,10140,Yes,4.7,2026-09-02,D,34000.0
30,D-215,180945,2024,Lexus,UX-Series,"",WHITE,12380,Yes,4.5,2026-09-02,D,32000.0
34,A-179,181085,2023,Lincoln,Aviator,Reserve,BEIGE,39471,Yes,3.9,2026-09-02,A,34000.0
40,C-166,180819,2017,Lincoln,MKC,Reserve,RED,84861,Yes,2.6,2026-09-02,C,7800.0
40,D-259,180399,2017,Lincoln,MKC,Select,WHITE,89522,Yes,3.1,2026-09-02,D,5000.0
34,A-255,181475,2015,Lincoln,MKC,4DR,RED,79556,Yes,3.7,2026-09-02,A,4100.0
8,B-249,178530,2015,Lincoln,MKS,4DR SDN 3.7L,SILVER,65374,No,"",2026-09-02,B,4300.0
7,C-217,180817,2013,Lincoln,MKT,ECOBOOST,RED,107540,No,"",2026-09-02,C,1300.0
23,B-037,179290,2017,Lincoln,MKZ,Reserve,BLACK,93851,Yes,"",2026-09-02,B,5700.0
32,B-358,180084,2023,Lincoln,Nautilus,Reserve,WHITE,13383,Yes,4.2,2026-09-02,B,34000.0
26,D-183,180535,2019,Lincoln,Nautilus,Reserve,RED,44634,Yes,4.5,2026-09-02,D,15600.0
32,B-303,180494,2020,Lincoln,Navigator,Reserve,WHITE,64232,Yes,4.5,2026-09-02,B,31400.0
30,A-085,181198,2024,Lincoln,Navigator L,"",BLACK,42782,Yes,4.5,2026-09-02,A,62500.0
25,D-280,180956,2005,Lincoln,Town Car,Signature,BLACK,230531,Yes,"",2026-09-02,D,500.0
36,C-168,180995,2019,Maserati,Quattroporte,S GRANL,BLUE,82166,Yes,2.0,2026-09-02,C,15200.0
44,A-175.3,181318,2014,Maserati,Quattroporte,S Q4,BLACK,74068,Yes,2.8,2026-09-02,A,6400.0
26,B-132,181546,2018,Mazda,CX-3,Sport,RED,82955,Yes,"",2026-09-02,B,8500.0
28,A-290,181105,2024,Mazda,CX-30,2.5 CARBON TUR,TAN,27702,Yes,4.1,2026-09-02,A,22200.0
26,B-209,180498,2022,Mazda,CX-30,2.5 S PREMIUM,WHITE,48297,Yes,4.5,2026-09-02,B,17000.0
32,C-170.1,181053,2022,Mazda,CX-30,2.5 S PREMIUM,GRAY,49444,Yes,3.0,2026-09-02,C,16800.0
28,C-082.7,181313,2021,Mazda,CX-30,Premium,WHITE,66881,Yes,4.4,2026-09-02,C,16600.0
27,A-074,181188,2021,Mazda,CX-30,Select,SILVER,32476,Yes,3.9,2026-09-02,A,17200.0
28,A-286,179578,2025,Mazda,CX-5,2.5 S,WHITE,5049,Yes,4.8,2026-09-02,A,24200.0
29,A-281,180925,2025,Mazda,CX-5,2.5 S SELECT PA,TAN,27956,Yes,4.5,2026-09-02,A,21600.0
31,A-284,179577,2024,Mazda,CX-5,2.5 S PREFERRED,BLUE,26098,Yes,4.6,2026-09-02,A,23200.0
30,A-134,180906,2023,Mazda,CX-5,2.5 S SELECT PA,SILVER,23448,Yes,4.1,2026-09-02,A,20600.0
24,A-393,181237,2022,Mazda,CX-5,2.5 S PREFERRED,BLACK,16061,Yes,"",2026-09-02,A,20600.0
28,B-123,180320,2022,Mazda,CX-5,2.5 TURBO,BLUE,68689,Yes,3.8,2026-09-02,B,18800.0
35,D-242,180984,2017,Mazda,CX-5,GRAND SELECT,RED,69148,Yes,4.0,2026-09-02,D,13600.0
8,C-145.2,181445,2016,Mazda,CX-5,Grand Touring,RED,166977,No,"",2026-09-02,C,4200.0
27,A-288,181098,2024,Mazda,CX-50,2.5 TURBO PREM,TAN,24997,Yes,4.6,2026-09-02,A,27400.0
31,B-115,180803,2023,Mazda,CX-9,CARBON EDITION,GRAY,85233,Yes,4.3,2026-09-02,B,20200.0
36,A-266,180332,2018,Mazda,CX-9,Touring,GRAY,104642,Yes,3.4,2026-09-02,A,7500.0
7,C-369,180501,2013,Mazda,CX-9,Touring,GRAY,177256,No,"",2026-09-02,C,800.0
8,B-109,179069,2011,Mazda,CX-9,Grand Touring,WHITE,204538,No,"",2026-09-02,B,500.0
8,A-265,180330,2010,Mazda,CX-9,TOURING,BLUE,94392,No,"",2026-09-02,A,2500.0
33,A-267,180333,2024,Mazda,CX-90,3.3 TURBO PREM,WHITE,32636,Yes,4.4,2026-09-02,A,27000.0
26,B-121,180318,2024,Mazda,CX-90,3.3 TURBO PREM,GRAY,37997,Yes,4.6,2026-09-02,B,29000.0
36,A-376,181502,2021,Mazda,Mazda3,HATCHBACK PRE,BLACK,50710,Yes,3.7,2026-09-02,A,16600.0
7,B-125,181326,2015,Mazda,Mazda3,i Sport,GRAY,115814,No,"",2026-09-02,B,4500.0
9,C-010,180469,2013,Mazda,Mazda3,i Sport,BLACK,166538,No,"",2026-09-02,C,800.0
8,C-106,179197,2004,Mazda,Mazda3,S,WHITE,173609,No,"",2026-09-02,C,500.0
7,B-355,181177,2016,Mazda,Mazda6,i Touring,WHITE,145969,No,"",2026-09-02,B,3400.0
7,A-336,174956,2008,Mazda,Mazda6,I SPORT VE,GRAY,222662,No,"",2026-09-02,A,500.0
8,C-321,180390,2017,Mazda,MAZDA6 TOURING,"",WHITE,165950,No,"",2026-09-02,C,4000.0
8,B-271,179117,2019,Mercedes-Benz,A-Class,"",GRAY,50531,No,"",2026-09-02,B,14000.0
28,B-433,180981,2019,Mercedes-Benz,A-Class,"",SILVER,39173,Yes,3.8,2026-09-02,B,15000.0
7,C-007,181283,2015,Mercedes-Benz,C Class,"",WHITE,136818,No,"",2026-09-02,C,6200.0
28,D-241,180963,2014,Mercedes-Benz,C Class,C 250 SPORT,WHITE,44839,Yes,4.6,2026-09-02,D,9800.0
9,D-016,180460,2013,Mercedes-Benz,C Class,C 250 LUXURY,BLUE,126579,No,"",2026-09-02,D,2000.0
41,A-025,165986,2008,Mercedes-Benz,C Class,3.0L SPORT,GRAY,47267,Yes,3.4,2026-09-02,A,3500.0
7,A-310,180688,2008,Mercedes-Benz,C Class,3.0L SPORT,WHITE,150290,No,"",2026-09-02,A,1500.0
33,B-239,181045,2019,Mercedes-Benz,C-Class,"",WHITE,65048,Yes,3.9,2026-09-02,B,14600.0
7,A-380,181498,2018,Mercedes-Benz,C-Class,"",GRAY,77431,No,"",2026-09-02,A,15200.0
40,C-242,180244,2017,Mercedes-Benz,C-Class,"",BLACK,95208,Yes,3.0,2026-09-02,C,9400.0
39,D-245,180395,2017,Mercedes-Benz,C-Class,"",WHITE,120011,Yes,3.2,2026-09-02,D,8200.0
7,A-258,181479,2018,Mercedes-Benz,CLA,"",WHITE,107382,No,"",2026-09-02,A,13400.0
41,D-254.1,180125,2014,Mercedes-Benz,E Class,E 350 LUXURY,SILVER,129541,Yes,4.1,2026-09-02,D,6400.0
8,B-005,180286,2006,Mercedes-Benz,E Class,3.5L,SILVER,181618,No,"",2026-09-02,B,500.0
27,B-104,179836,2023,Mercedes-Benz,E-Class,"",GRAY,41697,Yes,4.6,2026-09-02,B,41500.0
35,D-234,180573,2019,Mercedes-Benz,E-Class,"",WHITE,38493,Yes,3.6,2026-09-02,D,19700.0
34,D-257,181298,2018,Mercedes-Benz,E-Class,"",WHITE,83443,Yes,4.3,2026-09-02,D,19600.0
33,A-378,179947,2020,Mercedes-Benz,G-Class,"",WHITE,65929,Yes,4.5,2026-09-02,A,77000.0
31,A-176,179643,2020,Mercedes-Benz,G-Class,"",BLACK,59350,Yes,3.9,2026-09-02,A,83400.0
25,C-404,180833,2018,Mercedes-Benz,GLA,GLA 250,BLACK,64557,Yes,"",2026-09-02,C,10100.0
30,B-460,179339,2023,Mercedes-Benz,GLC,300 SUV,SILVER,52855,Yes,4.2,2026-09-02,B,26200.0
24,C-097,181233,2017,Mercedes-Benz,GLC,300 GLC 300 SUV,BLACK,88429,Yes,"",2026-09-02,C,7600.0
7,D-030,180508,2016,Mercedes-Benz,GLC,300 4DR GLC,BLACK,128064,No,"",2026-09-02,D,7200.0
28,D-232,178751,2024,Mercedes-Benz,GLE,350 4MATIC,WHITE,21098,Yes,3.5,2026-09-02,D,40600.0
24,D-251,180606,2024,Mercedes-Benz,GLE,450 4MATIC,SILVER,17646,Yes,4.9,2026-09-02,D,52200.0
7,B-360,181196,2018,Mercedes-Benz,GLE,350 GLE 350 SUV,GRAY,74071,No,"",2026-09-02,B,13800.0
10,W-022,181428,2018,Mercedes-Benz,GLE,350 GLE 350 SUV,BLACK,101076,No,"",2026-09-02,W,9500.0
37,D-209,180938,2017,Mercedes-Benz,GLE,350 GLE 350 SUV,GRAY,153141,Yes,3.4,2026-09-02,D,7400.0
24,D-142,181481,2016,Mercedes-Benz,GLE,350 4DR GLE,SILVER,93915,Yes,"",2026-09-02,D,9800.0
25,A-244,181496,2016,Mercedes-Benz,GLE,350 4MATIC,BLUE,61330,Yes,"",2026-09-02,A,9700.0
34,C-323,180476,2016,Mercedes-Benz,GLE,400 4MATIC,BLACK,79369,Yes,2.4,2026-09-02,C,10600.0
25,A-379,180027,2025,Mercedes-Benz,GLS,"",BLACK,1217,Yes,4.9,2026-09-02,A,148000.0
37,D-250,180603,2024,Mercedes-Benz,GLS,450 4MATIC,WHITE,52389,Yes,4.0,2026-09-02,D,48400.0
26,C-154,180008,2021,Mercedes-Benz,GLS,"",WHITE,64812,Yes,4.7,2026-09-02,C,52200.0
32,C-144,179991,2020,Mercedes-Benz,GLS,450 4MATIC,BLUE,64376,Yes,4.4,2026-09-02,C,27500.0
8,B-081,181101,2015,Mercedes-Benz,M Class,"",BLUE,134200,No,"",2026-09-02,B,5700.0
35,C-017,180496,2014,Mercedes-Benz,M Class,ML 350,BLUE,75472,Yes,3.5,2026-09-02,C,8000.0
0,D-254.2,181584,2014,Mercedes-Benz,S Class,S 550,GRAY,123611,No,"",2026-09-02,D,10600.0
7,C-301,180989,2011,Mercedes-Benz,S Class,S 550,BLUE,163831,No,"",2026-09-02,C,3800.0
7,C-372,180898,2008,Mercedes-Benz,S Class,5.5L V8,BLACK,142983,No,"",2026-09-02,C,1200.0
26,D-263.2,181315,2023,Mercedes-Benz,S-Class,"",WHITE,14346,Yes,4.7,2026-09-02,D,128000.0
9,B-350,180790,2021,Mercedes-Benz,S-Class,"",BLACK,33375,No,"",2026-09-02,B,48250.0
27,X-006,179292,2017,Mercedes-Benz,S-Class,"",BLACK,51227,Yes,4.6,2026-09-02,X,44500.0
27,X-007,177786,2020,Mercedes-Benz,SL-Class,"",BLACK,58184,Yes,4.6,2026-09-02,X,48200.0
31,A-068,178598,2025,Mercedes-Benz,Sprinter 2500,HIGH R,WHITE,47867,Yes,4.1,2026-09-02,A,41000.0
29,A-138,181046,2019,Mini,Cooper,"",WHITE,74036,Yes,4.1,2026-09-02,A,9200.0
7,C-122,180682,2014,Mini,Cooper,CONVERTIBLE S,GREEN,134582,No,"",2026-09-02,C,1200.0
23,B-246.6,181361,2012,Mini,Cooper,CLUBMAN 2DR C,BLUE,98497,Yes,"",2026-09-02,B,500.0
6,C-021,176504,2009,Mini,Cooper,HARDTOP S,WHITE,68641,No,"",2026-09-02,C,800.0
34,D-263.4,181306,2017,Mini,Cooper Clubman,"",BLUE,69289,Yes,3.8,2026-09-02,D,8400.0
9,A-104.1,181585,2019,Mitsubishi,Eclipse Cross,ES,BLACK,61125,No,"",2026-09-02,A,7500.0
8,C-124,180842,2003,Mitsubishi,Lancer,ES,GOLD,1,No,"",2026-09-02,C,500.0
42,F-012,177432,2024,Mitsubishi,Outlander,SEL,BLACK,57206,Yes,3.1,2026-09-02,F,14800.0
34,A-157,180915,2022,Mitsubishi,Outlander,SE,WHITE,84573,Yes,3.5,2026-09-02,A,13000.0
53,D-077,180888,2020,Mitsubishi,Outlander,SEL,GRAY,79632,Yes,1.6,2026-09-02,D,8400.0
38,A-302,179546,2007,Nissan,350Z,TOURING,SILVER,75949,Yes,2.6,2026-09-02,A,5200.0
26,B-049,181409,2023,Nissan,Altima,2.5 S,GRAY,26291,Yes,4.3,2026-09-02,B,17000.0
9,B-046,181384,2020,Nissan,Altima,2.5 S,BLACK,100592,No,"",2026-09-02,B,4100.0
7,C-384,180634,2019,Nissan,Altima,2.5 SV,SILVER,98432,No,"",2026-09-02,C,8900.0
8,A-008,181417,2017,Nissan,Altima,2.5 S,BLUE,145003,No,"",2026-09-02,A,1500.0
47,C-239,180239,2017,Nissan,Altima,2.5 S,BLACK,84964,Yes,1.5,2026-09-02,C,2800.0
9,C-275,180771,2017,Nissan,Altima,2.5 S,BLACK,150282,No,"",2026-09-02,C,3000.0
9,B-054,181493,2017,Nissan,Altima,2.5 SR,WHITE,178418,No,"",2026-09-02,B,1900.0
47,D-254,180960,2015,Nissan,Altima,2.5 S,BROWN,107037,Yes,2.0,2026-09-02,D,2600.0
7,A-359,181038,2015,Nissan,Altima,2.5 SL,WHITE,146773,No,"",2026-09-02,A,2000.0
23,B-456,175865,2015,Nissan,Altima,2.5 SL,BLUE,124462,Yes,"",2026-09-02,B,1200.0
24,C-089,181353,2013,Nissan,Altima,2.5 S,WHITE,127992,Yes,"",2026-09-02,C,2200.0
8,C-288,180846,2013,Nissan,Altima,2.5 S,RED,115947,No,"",2026-09-02,C,1300.0
8,B-114,180802,2013,Nissan,Altima,2.5 S,BLACK,163000,No,"",2026-09-02,B,1000.0
9,C-025,179768,2013,Nissan,Altima,2.5 SV,WHITE,132409,No,"",2026-09-02,C,1000.0
25,A-304,179569,2013,Nissan,Altima,3.5 SV,GRAY,128287,Yes,"",2026-09-02,A,1300.0
25,D-290,180996,2012,Nissan,Altima,2.5 S,BLACK,110603,Yes,"",2026-09-02,D,1000.0
9,A-001,180485,2005,Nissan,Altima,2.5 S,GOLD,168189,No,"",2026-09-02,A,500.0
0,O-010,181494,2025,Nissan,Armada,SL,WHITE,41722,No,"",2026-09-02,O,43500.0
35,A-101.7,181524,2023,Nissan,Armada,SV,GRAY,36113,Yes,3.8,2026-09-02,A,30200.0
26,D-289,179613,2017,Nissan,Armada,SL,BLACK,109167,Yes,"",2026-09-02,D,8600.0
7,C-332,180926,2007,Nissan,Armada,SE,BLUE,373822,No,"",2026-09-02,C,500.0
8,B-040,179256,2016,Nissan,Frontier,SV,BLUE,139466,No,"",2026-09-02,B,5000.0
29,D-050,180210,2025,Nissan,Kicks,SR,WHITE,20864,Yes,4.6,2026-09-02,D,21200.0
35,F-008,177331,2022,Nissan,Kicks,SR,GRAY,41704,Yes,4.0,2026-09-02,F,14200.0
9,C-379,180602,2019,Nissan,Kicks,SV,WHITE,81357,No,"",2026-09-02,C,6200.0
7,C-375,180545,2016,Nissan,Maxima,3.5 SV,BURGUNDY,165588,No,"",2026-09-02,C,3200.0
23,A-005,180295,2003,Nissan,Maxima,SE,WHITE,1,Yes,"",2026-09-02,A,500.0
41,F-052,176793,2016,Nissan,Murano,PLATINUM,RED,96102,Yes,1.9,2026-09-02,F,5400.0
7,B-313,180813,2016,Nissan,Murano,SL,RED,35135,No,"",2026-09-02,B,9200.0
33,A-391,181240,2017,Nissan,MURANO S,"",GRAY,94210,Yes,2.8,2026-09-02,A,5100.0
28,B-416,181016,2025,Nissan,Pathfinder,Platinum,GRAY,27893,Yes,4.4,2026-09-02,B,30000.0
25,B-020,181140,2020,Nissan,Pathfinder,S,BLACK,70596,Yes,"",2026-09-02,B,8600.0
10,C-343,180839,2020,Nissan,Pathfinder,SL,BLUE,122063,No,"",2026-09-02,C,5800.0
36,F-062,177501,2019,Nissan,Pathfinder,S,WHITE,161811,Yes,2.6,2026-09-02,F,2000.0
8,A-323,179163,2017,Nissan,Pathfinder,SV,RED,108170,No,"",2026-09-02,A,2400.0
8,A-010,180219,2015,Nissan,Pathfinder,SL,WHITE,137798,No,"",2026-09-02,A,600.0
42,F-060,176381,2014,Nissan,Pathfinder,S,SILVER,156474,Yes,1.7,2026-09-02,F,1600.0
7,B-023,180962,2014,Nissan,Pathfinder,SL,BLACK,162638,No,"",2026-09-02,B,1400.0
24,A-291,181112,2013,Nissan,Pathfinder,PLATINUM,SILVER,112844,Yes,"",2026-09-02,A,1800.0
8,C-092,181277,2016,Nissan,Quest,SV,GRAY,132782,No,"",2026-09-02,C,2000.0
26,A-102.2,181528,2025,Nissan,Rogue,ROCK CREEK,TAN,3131,Yes,4.7,2026-09-02,A,26800.0
34,F-005.2,176079,2025,Nissan,Rogue,S,BLACK,22737,Yes,4.0,2026-09-02,F,18200.0
24,A-239,179865,2024,Nissan,Rogue,Platinum,GRAY,4177,Yes,"",2026-09-02,A,24200.0
27,A-092,181254,2023,Nissan,Rogue,SV,GRAY,44115,Yes,4.9,2026-09-02,A,17400.0
8,A-296,181559,2022,Nissan,Rogue,SL,GRAY,68145,No,"",2026-09-02,A,15500.0
33,C-226,180207,2020,Nissan,Rogue,SV,GRAY,60241,Yes,3.7,2026-09-02,C,11000.0
33,A-095,181259,2020,Nissan,Rogue,SV,SILVER,64665,Yes,4.4,2026-09-02,A,12000.0
35,D-201,180707,2019,Nissan,Rogue,S,GRAY,83821,Yes,3.6,2026-09-02,D,10000.0
38,D-294,178661,2017,Nissan,Rogue,S,WHITE,123884,Yes,3.3,2026-09-02,D,2400.0
7,B-291,180756,2016,Nissan,Rogue,SV,GRAY,61247,No,"",2026-09-02,B,8200.0
38,D-135,181388,2015,Nissan,Rogue,SV,GREEN,105368,Yes,2.7,2026-09-02,D,2600.0
9,C-398,180697,2014,Nissan,Rogue,SL,GOLD,111386,No,"",2026-09-02,C,2400.0
7,C-188,180715,2013,Nissan,Rogue,S,SILVER,90427,No,"",2026-09-02,C,1300.0
37,C-206,180292,2013,Nissan,Rogue,S,BLUE,86610,Yes,2.0,2026-09-02,C,1700.0
9,C-245,180247,2013,Nissan,Rogue,S,WHITE,108637,No,"",2026-09-02,C,1000.0
24,D-292,179614,2011,Nissan,Rogue,SV,GRAY,108021,Yes,"",2026-09-02,D,2300.0
8,B-009,181286,2010,Nissan,Rogue,S,RED,199943,No,"",2026-09-02,B,500.0
8,C-274,180769,2008,Nissan,Rogue,SL,GRAY,201476,No,"",2026-09-02,C,600.0
8,B-173,180582,2014,Nissan,Rogue Select,S,SILVER,130414,No,"",2026-09-02,B,600.0
35,B-240,181055,2019,Nissan,Rogue Sport,SV,WHITE,62687,Yes,3.6,2026-09-02,B,8800.0
25,B-047,181389,2024,Nissan,Sentra,SV,BLACK,40276,Yes,"",2026-09-02,B,13400.0
39,F-067,171894,2024,Nissan,Sentra,SV,WHITE,30416,Yes,2.2,2026-09-02,F,8200.0
26,B-050,181480,2024,Nissan,Sentra,SV,RED,42772,Yes,4.5,2026-09-02,B,16100.0
28,B-044,180406,2024,Nissan,Sentra,SV,GRAY,62436,Yes,4.5,2026-09-02,B,14800.0
8,A-102.7,181560,2021,Nissan,Sentra,SV,BLACK,52799,No,"",2026-09-02,A,11200.0
7,B-149.2,181339,2021,Nissan,Sentra,SV,BLACK,119612,No,"",2026-09-02,B,5900.0
7,C-121,180818,2019,Nissan,Sentra,S,BLUE,152079,No,"",2026-09-02,C,600.0
25,B-203,180471,2019,Nissan,Sentra,SR,BLACK,82147,Yes,"",2026-09-02,B,3800.0
35,B-042,180403,2019,Nissan,Sentra,SV,GRAY,43407,Yes,4.0,2026-09-02,B,11000.0
9,A-274,180919,2019,Nissan,Sentra,SV,WHITE,134893,No,"",2026-09-02,A,3300.0
23,A-119,178969,2019,Nissan,Sentra,SV,BLACK,72798,Yes,"",2026-09-02,A,3500.0
8,D-147,181488,2017,Nissan,Sentra,SV,WHITE,155302,No,"",2026-09-02,D,1700.0
23,C-011,180328,2015,Nissan,Sentra,SR,SILVER,87104,Yes,"",2026-09-02,C,2200.0
8,D-019,181448,2013,Nissan,Sentra,SL,GRAY,95405,No,"",2026-09-02,D,1000.0
9,A-351,180371,2013,Nissan,Sentra,SR,RED,112231,No,"",2026-09-02,A,600.0
25,C-132,181007,2013,Nissan,Sentra,SV,BLUE,96396,Yes,"",2026-09-02,C,500.0
7,A-103.7,181580,2009,Nissan,Sentra,2.0 S FE+,BLACK,138586,No,"",2026-09-02,A,600.0
23,A-101.5,181521,2024,Nissan,Versa,S,BLACK,24719,Yes,"",2026-09-02,A,13100.0
8,B-182,180659,2021,Nissan,Versa,SV,SILVER,140723,No,"",2026-09-02,B,3900.0
40,F-026,176848,2020,Nissan,Versa,S,WHITE,68677,Yes,2.8,2026-09-02,F,5200.0
47,D-188,180608,2019,Nissan,Versa,SEDAN SV,SILVER,65822,Yes,1.3,2026-09-02,D,2600.0
9,C-370,180503,2015,Nissan,Versa,SV,GRAY,114335,No,"",2026-09-02,C,800.0
8,B-266,180238,2014,Nissan,Versa,SV,BLUE,174823,No,"",2026-09-02,B,500.0
8,B-234,180993,2014,Nissan,Versa,SV,WHITE,141121,No,"",2026-09-02,B,600.0
24,B-463,179343,2014,Nissan,Versa,SV,RED,144195,Yes,"",2026-09-02,B,500.0
9,B-045,180438,2013,Nissan,Versa,SV,SILVER,81381,No,"",2026-09-02,B,1000.0
25,A-230,178730,2019,Porsche,718 Boxster,ROADSTER,GRAY,43547,Yes,"",2026-09-02,A,39600.0
31,D-260,180576,2018,Porsche,911,TURBO,WHITE,26010,Yes,4.2,2026-09-02,D,150000.0
31,A-242,181469,2020,Porsche,Cayenne,Turbo,BLACK,34335,Yes,4.2,2026-09-02,A,52800.0
33,D-217,180947,2019,Porsche,Cayenne,"",BLACK,60270,Yes,4.3,2026-09-02,D,23600.0
34,D-263.1,181311,2017,Porsche,Cayenne,PLATINUM EDI,BLACK,53366,Yes,4.2,2026-09-02,D,19000.0
27,D-263.5,181333,2021,Porsche,Macan,"",GRAY,57048,Yes,4.6,2026-09-02,D,28000.0
37,D-267,179064,2020,Porsche,Macan,"",BLUE,35959,Yes,2.8,2026-09-02,D,25200.0
35,D-256,180398,2018,Porsche,Macan,"",WHITE,71569,Yes,4.4,2026-09-02,D,17000.0
43,D-255,180397,2018,Porsche,Macan,"",GRAY,71069,Yes,2.9,2026-09-02,D,13600.0
32,B-401,181506,2017,Porsche,Macan,S,BLACK,60850,Yes,4.1,2026-09-02,B,16700.0
32,D-238,180594,2016,Porsche,Macan,S,BROWN,89676,Yes,4.4,2026-09-02,D,13800.0
26,D-263.3,181302,2022,Porsche,Panamera,"",BROWN,55688,Yes,4.8,2026-09-02,D,49000.0
27,D-258,178917,2018,Porsche,Panamera,4S,GRAY,52872,Yes,4.8,2026-09-02,D,39600.0
27,W-023,179538,2025,Porsche,Taycan,"",GRAY,13723,Yes,4.7,2026-09-02,W,80200.0
28,A-111,178892,2024,Ram,1500,Laramie,SILVER,66114,Yes,4.6,2026-09-02,A,30000.0
34,F-011,176838,2023,Ram,1500,Big Horn,BLACK,55517,Yes,4.0,2026-09-02,F,24400.0
31,A-171,181217,2022,Ram,1500,Laramie,RED,32102,Yes,3.8,2026-09-02,A,33000.0
30,D-279,180628,2021,Ram,1500,Big Horn,WHITE,72305,Yes,4.3,2026-09-02,D,24000.0
28,B-207,180493,2021,Ram,1500,Big Horn,WHITE,66563,Yes,4.8,2026-09-02,B,24800.0
10,D-096,181183,2019,Ram,1500,BIG HORN/LONE S,SILVER,123792,No,"",2026-09-02,D,12000.0
37,D-134,181387,2019,Ram,1500,SPORT,BLACK,99397,Yes,2.3,2026-09-02,D,22000.0
23,B-231,179556,2018,Ram,1500,EXPRESS,BLUE,112165,Yes,"",2026-09-02,B,8000.0
7,B-147,180487,2017,Ram,1500,Sport,BLACK,124532,No,"",2026-09-02,B,16600.0
39,C-326,180675,2016,Ram,1500,Tradesman,RED,82701,Yes,2.6,2026-09-02,C,8000.0
42,F-058,177152,2015,Ram,1500,EXPRESS,WHITE,144448,Yes,1.3,2026-09-02,F,4400.0
7,B-086,181359,2012,Ram,1500,SLT,SILVER,256443,No,"",2026-09-02,B,2000.0
24,B-391,180396,2023,Ram,1500 DS,"",WHITE,51222,Yes,4.3,2026-09-02,B,22000.0
9,B-149.1,181484,2017,Ram,1500 ProMaster Vans,"",WHITE,153075,No,"",2026-09-02,B,5000.0
22,D-246,178947,2018,Ram,2500 ProMaster Vans,"",WHITE,70257,Yes,"",2026-09-02,D,13600.0
22,C-014,180377,2017,Ram,Promaster City,CARGO,SILVER,117147,Yes,"",2026-09-02,C,4500.0
24,C-130,180881,2012,Scion,tC,2DR HB AUTO (GS),GRAY,118835,Yes,"",2026-09-02,C,3800.0
8,A-015,181148,2012,Scion,xB,5DR WGN AUTO (NAT,WHITE,142459,No,"",2026-09-02,A,3100.0
27,D-282,180958,2008,Scion,xD,5DR HB AUTO (NATL,BLUE,150503,Yes,"",2026-09-02,D,500.0
9,B-354,180941,2019,Subaru,Ascent,Limited,WHITE,115812,No,"",2026-09-02,B,7500.0
42,D-126,181370,2019,Subaru,Ascent,Premium,BLACK,57508,Yes,2.2,2026-09-02,D,12000.0
28,A-235,180753,2023,Subaru,BRZ,LIMITED,BLUE,34428,Yes,4.5,2026-09-02,A,23400.0
24,D-053,180564,2026,Subaru,Crosstrek,Premium,SILVER,16519,Yes,4.8,2026-09-02,D,25000.0
28,A-232,180078,2026,Subaru,Forester,PREMIUM,GRAY,3605,Yes,4.9,2026-09-02,A,28800.0
29,D-054,178925,2025,Subaru,Forester,SPORT HYBRI,BLUE,8073,Yes,4.5,2026-09-02,D,31800.0
29,D-101,181423,2024,Subaru,Forester,WILDERNESS,BLUE,29134,Yes,4.6,2026-09-02,D,27000.0
28,B-260,180229,2023,Subaru,Forester,TOURING,WHITE,33061,Yes,4.3,2026-09-02,B,24200.0
8,B-308,180811,2023,Subaru,Forester,TOURING,BLACK,56788,No,"",2026-09-02,B,25000.0
32,C-063,180534,2019,Subaru,Forester,PREMIUM,WHITE,74781,Yes,3.2,2026-09-02,C,13200.0
8,B-281,180362,2016,Subaru,Forester,2.5I LIMITE,GRAY,135873,No,"",2026-09-02,B,4000.0
29,D-027,181156,2021,Subaru,Impreza,Premium,WHITE,43214,Yes,4.5,2026-09-02,D,13800.0
22,B-217,180520,2018,Subaru,Impreza,Premium,WHITE,90805,Yes,"",2026-09-02,B,7800.0
35,C-032,180527,2019,Subaru,Legacy,Limited,WHITE,50760,Yes,3.2,2026-09-02,C,15400.0
25,B-216,180506,2017,Tesla,Model X,75D,WHITE,106665,Yes,"",2026-09-02,B,16200.0
36,B-215,178119,2023,Tesla,Model Y,Long Range,BLACK,24927,Yes,3.1,2026-09-02,B,28400.0
0,W-006,180284,2024,Toyota,4Runner,SR5 PREMIUM,BLACK,11350,No,"",2026-09-02,W,42300.0
28,C-100,181039,2024,Toyota,4Runner,TRD OFF ROAD,SILVER,27025,Yes,4.5,2026-09-02,C,45700.0
9,B-192,180865,2023,Toyota,4Runner,TRD Sport,GRAY,19974,No,"",2026-09-02,B,39000.0
34,C-084.4,181461,2021,Toyota,4Runner,TRD Pro,GRAY,79421,Yes,3.4,2026-09-02,C,40600.0
7,C-128,180854,2014,Toyota,4Runner,LIMITED,WHITE,256272,No,"",2026-09-02,C,14200.0
8,B-007,181296,2004,Toyota,4Runner,SR5 V6,GRAY,139079,No,"",2026-09-02,B,4200.0
7,B-004,181301,2003,Toyota,4Runner,SR5 V6,GRAY,114566,No,"",2026-09-02,B,3600.0
8,B-381,181377,2019,Toyota,86,MANUAL (SE),RED,65870,No,"",2026-09-02,B,14600.0
25,C-020,180645,2014,Toyota,Avalon,XLE TOURING,SILVER,117647,Yes,"",2026-09-02,C,10400.0
7,A-338,180365,2007,Toyota,Avalon,LIMITED,WHITE,101818,No,"",2026-09-02,A,7200.0
0,W-007,180285,2026,Toyota,bZ,XLE,BLUE,5182,No,"",2026-09-02,W,26000.0
0,W-005,180283,2026,Toyota,C-HR,SE,GRAY,791,No,"",2026-09-02,W,31000.0
7,C-126,180848,2018,Toyota,C-HR,XLE,GREEN,185110,No,"",2026-09-02,C,5800.0
8,C-023,180713,2018,Toyota,C-HR,XLE,RED,134288,No,"",2026-09-02,C,5800.0
7,B-164,180357,2026,Toyota,Camry,LE,BLACK,23583,No,"",2026-09-02,B,24500.0
27,D-099,180505,2026,Toyota,Camry,SE,BLACK,751,Yes,4.9,2026-09-02,D,29800.0
28,C-046,180607,2026,Toyota,Camry,SE,BLACK,13976,Yes,4.3,2026-09-02,C,28200.0
28,D-218,180948,2025,Toyota,Camry,LE,WHITE,22914,Yes,4.1,2026-09-02,D,23000.0
31,C-081,181248,2025,Toyota,Camry,SE,BLACK,15483,Yes,4.1,2026-09-02,C,26200.0
8,B-160.7,181202,2025,Toyota,Camry,SE,WHITE,44057,No,"",2026-09-02,B,24600.0
29,C-101,181048,2025,Toyota,Camry,SE,RED,33187,Yes,3.3,2026-09-02,C,24000.0
9,B-166,180352,2025,Toyota,Camry,SE,GRAY,44468,No,"",2026-09-02,B,24000.0
25,C-083.6,181381,2024,Toyota,Camry,LE,SILVER,23706,Yes,4.8,2026-09-02,C,23000.0
9,B-198,180869,2024,Toyota,Camry,LE,RED,31162,No,"",2026-09-02,B,21600.0
27,A-053,180694,2024,Toyota,Camry,SE,BLACK,19977,Yes,4.4,2026-09-02,A,25200.0
8,B-162.2,181529,2024,Toyota,Camry,SE,SILVER,24106,No,"",2026-09-02,B,24400.0
7,B-193,180866,2024,Toyota,Camry,SE,SILVER,35393,No,"",2026-09-02,B,23400.0
24,D-043,180480,2024,Toyota,Camry,SE,GRAY,15267,Yes,4.8,2026-09-02,D,24800.0
35,C-294,181080,2024,Toyota,Camry,SE,BLACK,52091,Yes,2.7,2026-09-02,C,21000.0
23,A-120,180282,2024,Toyota,Camry,SE,BLUE,65984,Yes,"",2026-09-02,A,19800.0
8,B-160.1,181173,2024,Toyota,Camry,SE,GRAY,18712,No,"",2026-09-02,B,24600.0
25,C-082.6,181303,2024,Toyota,Camry,SE,WHITE,24783,Yes,4.4,2026-09-02,C,24200.0
8,B-159.3,181150,2024,Toyota,Camry,XLE,WHITE,20534,No,"",2026-09-02,B,26400.0
29,D-228.2,181037,2023,Toyota,Camry,SE,WHITE,41525,Yes,4.5,2026-09-02,D,22600.0
24,B-241,181056,2022,Toyota,Camry,LE,BLUE,61668,Yes,"",2026-09-02,B,15000.0
31,D-060,180477,2022,Toyota,Camry,XSE,SILVER,53781,Yes,4.6,2026-09-02,D,25600.0
27,C-060,180465,2021,Toyota,Camry,LE,WHITE,95928,Yes,4.3,2026-09-02,C,15000.0
8,B-180,180636,2021,Toyota,Camry,SE,GRAY,27930,No,"",2026-09-02,B,18400.0
27,C-170,181025,2021,Toyota,Camry,XLE,WHITE,31270,Yes,4.3,2026-09-02,C,22800.0
8,A-126,180810,2020,Toyota,Camry,LE,BLUE,130231,No,"",2026-09-02,A,11200.0
38,F-005,177603,2020,Toyota,Camry,SE,WHITE,119659,Yes,3.5,2026-09-02,F,10600.0
37,F-068,176083,2018,Toyota,Camry,SE,RED,125896,Yes,1.3,2026-09-02,F,8000.0
24,A-051,180231,2017,Toyota,Camry,SE,BEIGE,30032,Yes,"",2026-09-02,A,13700.0
23,A-113,180796,2016,Toyota,Camry,XLE,SILVER,63759,Yes,"",2026-09-02,A,13500.0
8,B-230,180979,2015,Toyota,Camry,SE,RED,128816,No,"",2026-09-02,B,8300.0
8,C-142,181438,2014,Toyota,Camry,SE,WHITE,171938,No,"",2026-09-02,C,4600.0
7,A-021,180223,2012,Toyota,Camry,LE,SILVER,140070,No,"",2026-09-02,A,5400.0
23,C-093,181276,2012,Toyota,Camry,SE,RED,115947,Yes,"",2026-09-02,C,4000.0
10,A-313,180702,2011,Toyota,Camry,4DR SDN I4 AUT,SILVER,231749,No,"",2026-09-02,A,600.0
7,B-168,180359,2011,Toyota,Camry,LE,BLUE,173550,No,"",2026-09-02,B,800.0
9,C-119,180630,2011,Toyota,Camry,SE,BLACK,178589,No,"",2026-09-02,C,1200.0
8,B-021,180590,2010,Toyota,Camry,4DR SDN I4 AUT,BLACK,262172,No,"",2026-09-02,B,1000.0
9,B-008,181289,2010,Toyota,Camry,LE,GRAY,125258,No,"",2026-09-02,B,1700.0
10,B-295,180759,2010,Toyota,Camry,SE,SILVER,108559,No,"",2026-09-02,B,1600.0
8,C-903,180271,2009,Toyota,Camry,LE,SILVER,183357,No,"",2026-09-02,C,500.0
8,C-091,181236,2008,Toyota,Camry,4DR SDN I4 AUT,BLUE,177294,No,"",2026-09-02,C,1100.0
7,A-363,181052,2007,Toyota,Camry,XLE,BLACK,125207,No,"",2026-09-02,A,1500.0
10,C-248,180254,2002,Toyota,Camry,LE,GOLD,226497,No,"",2026-09-02,C,700.0
26,B-128,181336,2025,Toyota,Corolla,LE,BLACK,9476,Yes,4.3,2026-09-02,B,19600.0
7,B-159.9,181165,2025,Toyota,Corolla,LE,WHITE,21778,No,"",2026-09-02,B,18400.0
8,B-186,180726,2024,Toyota,Corolla,LE,WHITE,19654,No,"",2026-09-02,B,18200.0
7,B-162.3,181530,2024,Toyota,Corolla,LE,SILVER,26852,No,"",2026-09-02,B,15000.0
7,B-161.7,181404,2024,Toyota,Corolla,LE,GRAY,17672,No,"",2026-09-02,B,18600.0
27,C-400,180711,2024,Toyota,Corolla,LE,WHITE,6382,Yes,3.8,2026-09-02,C,17200.0
36,W-002,179333,2024,Toyota,Corolla,LE,RED,70199,Yes,3.6,2026-09-02,W,14500.0
29,C-045,180595,2024,Toyota,Corolla,LE,GRAY,29926,Yes,3.9,2026-09-02,C,17400.0
36,B-048,181399,2024,Toyota,Corolla,LE,GRAY,54044,Yes,3.6,2026-09-02,B,13800.0
30,A-116,180278,2023,Toyota,Corolla,LE,SILVER,35780,Yes,4.0,2026-09-02,A,17200.0
30,C-373,180538,2023,Toyota,Corolla,LE,BLUE,36300,Yes,4.4,2026-09-02,C,17100.0
35,C-295,180233,2022,Toyota,Corolla,LE,GRAY,68425,Yes,2.6,2026-09-02,C,11500.0
9,B-159.1,181157,2022,Toyota,Corolla,LE,WHITE,49507,No,"",2026-09-02,B,13000.0
23,C-058,180712,2022,Toyota,Corolla,LE,RED,47343,Yes,"",2026-09-02,C,14000.0
7,B-161.5,181402,2022,Toyota,Corolla,LE,SILVER,73474,No,"",2026-09-02,B,14000.0
23,B-214,180516,2021,Toyota,Corolla,LE,WHITE,77840,Yes,"",2026-09-02,B,12600.0
8,A-386,181232,2021,Toyota,Corolla,LE,BLACK,142692,No,"",2026-09-02,A,5500.0
38,F-029,176968,2021,Toyota,Corolla,LE,BLACK,76913,Yes,2.0,2026-09-02,F,11100.0
23,B-014,179737,2021,Toyota,Corolla,LE,RED,84892,Yes,"",2026-09-02,B,8000.0
8,C-415,181220,2021,Toyota,Corolla,LE,BLACK,105949,No,"",2026-09-02,C,8000.0
7,C-117,180604,2021,Toyota,Corolla,SE,BLUE,161525,No,"",2026-09-02,C,6600.0
38,F-059,176247,2020,Toyota,Corolla,L,SILVER,154452,Yes,1.5,2026-09-02,F,7000.0
29,C-034,180543,2020,Toyota,Corolla,LE,WHITE,57007,Yes,3.7,2026-09-02,C,14200.0
0,B-459,181591,2020,Toyota,Corolla,LE,SILVER,415093,No,"",2026-09-02,B,1500.0
47,F-043,176634,2020,Toyota,Corolla,LE,BLUE,64010,Yes,1.7,2026-09-02,F,7200.0
24,C-040,180376,2020,Toyota,Corolla,LE,SILVER,104417,Yes,"",2026-09-02,C,10200.0
8,A-030,180230,2020,Toyota,Corolla,LE,GRAY,145911,No,"",2026-09-02,A,7400.0
9,C-084.8,181556,2020,Toyota,Corolla,SE,BLUE,207338,No,"",2026-09-02,C,5100.0
23,W-015,178950,2019,Toyota,Corolla,HATCHBACK SE,RED,66889,Yes,"",2026-09-02,W,8000.0
8,B-275,180354,2019,Toyota,Corolla,LE,SILVER,88520,No,"",2026-09-02,B,10200.0
7,A-006,181161,2018,Toyota,Corolla,LE,BLUE,144227,No,"",2026-09-02,A,2800.0
11,B-242,181062,2018,Toyota,Corolla,LE,GRAY,145767,No,"",2026-09-02,B,4800.0
7,A-132,180891,2018,Toyota,Corolla,LE,SILVER,125562,No,"",2026-09-02,A,8500.0
43,F-020,176208,2018,Toyota,Corolla,LE,GRAY,100150,Yes,2.6,2026-09-02,F,7200.0
34,A-366,181047,2018,Toyota,Corolla,SE,GRAY,99068,Yes,3.1,2026-09-02,A,9400.0
24,B-243,181065,2017,Toyota,Corolla,LE,BLACK,77454,Yes,"",2026-09-02,B,5400.0
8,C-197,180228,2017,Toyota,Corolla,LE,BLACK,131218,No,"",2026-09-02,C,8100.0
26,A-019,180118,2016,Toyota,Corolla,L,SILVER,102374,Yes,"",2026-09-02,A,3700.0
8,A-357,180462,2015,Toyota,Corolla,LE,GRAY,156535,No,"",2026-09-02,A,5000.0
8,A-151,180708,2015,Toyota,Corolla,LE,SILVER,137417,No,"",2026-09-02,A,4300.0
7,C-360,180772,2013,Toyota,Corolla,LE,SILVER,130133,No,"",2026-09-02,C,4400.0
7,A-101.6,181522,2012,Toyota,Corolla,L,BLUE,198714,No,"",2026-09-02,A,2200.0
42,F-061,176687,2012,Toyota,Corolla,LE,BLUE,160270,Yes,1.3,2026-09-02,F,2400.0
7,C-113,180529,2011,Toyota,Corolla,LE,RED,189784,No,"",2026-09-02,C,500.0
8,C-006,181285,2011,Toyota,Corolla,S,GRAY,137920,No,"",2026-09-02,C,4400.0
8,C-005,181244,2010,Toyota,Corolla,LE,BEIGE,111048,No,"",2026-09-02,C,4600.0
7,A-002,181060,2010,Toyota,Corolla,S,GRAY,146807,No,"",2026-09-02,A,2300.0
8,B-149,181343,2006,Toyota,Corolla,LE,BEIGE,73021,No,"",2026-09-02,B,3000.0
7,B-177,180588,2006,Toyota,Corolla,LE,WHITE,123539,No,"",2026-09-02,B,2000.0
8,C-350,179397,2004,Toyota,Corolla,CE,RED,196924,No,"",2026-09-02,C,700.0
8,A-102.8,181562,2003,Toyota,Corolla,LE,RED,191361,No,"",2026-09-02,A,1000.0
26,C-095,181051,2024,Toyota,Corolla Cross,HYBRID,BLUE,47945,Yes,4.3,2026-09-02,C,25800.0
8,B-159.4,181162,2024,Toyota,Corolla Cross,L,WHITE,18092,No,"",2026-09-02,B,19600.0
31,C-042,180571,2024,Toyota,Corolla Cross,LE,SILVER,37534,Yes,4.4,2026-09-02,C,21700.0
7,B-161.6,181405,2023,Toyota,Corolla Cross,HYBRID,BLUE,24369,No,"",2026-09-02,B,28400.0
9,B-162.5,181535,2017,Toyota,Corolla iM,CVT (NATL,SILVER,165241,No,"",2026-09-02,B,3000.0
33,D-140,181422,2026,Toyota,Crown Signia,XLE,WHITE,12246,Yes,3.9,2026-09-02,D,36600.0
8,B-174,180583,2024,Toyota,GR Corolla,CIRCUIT,BLUE,12317,No,"",2026-09-02,B,35800.0
31,B-246.2,181092,2020,Toyota,GR Supra,3.0 PREMIUM,WHITE,30037,Yes,3.4,2026-09-02,B,42000.0
25,C-038,180637,2026,Toyota,Grand Highlander,XLE,SILVER,13569,Yes,4.8,2026-09-02,C,43600.0
27,A-061,180492,2024,Toyota,Grand Highlander,XLE,BLACK,21572,Yes,4.6,2026-09-02,A,39000.0
8,B-161.9,181414,2024,Toyota,Grand Highlander,XLE,BLUE,24191,No,"",2026-09-02,B,36400.0
9,B-197,181147,2026,Toyota,Highlander,HYBRID LI,GRAY,2888,No,"",2026-09-02,B,48600.0
34,C-102,181036,2026,Toyota,Highlander,XLE,BLACK,15421,Yes,3.4,2026-09-02,C,38000.0
29,A-238,180778,2025,Toyota,Highlander,LIMITED,RED,32039,Yes,4.6,2026-09-02,A,39400.0
26,B-222,180519,2024,Toyota,Highlander,PLATINUM,RED,37050,Yes,4.5,2026-09-02,B,42200.0
8,B-160.2,181171,2024,Toyota,Highlander,PLATINUM,SILVER,35252,No,"",2026-09-02,B,43000.0
0,B-161.4,181274,2024,Toyota,Highlander,XLE,GRAY,31900,No,"",2026-09-02,B,32600.0
35,D-210,180939,2023,Toyota,Highlander,HYBRID PL,GRAY,42218,Yes,4.5,2026-09-02,D,40400.0
7,B-179,180619,2023,Toyota,Highlander,XLE,SILVER,32199,No,"",2026-09-02,B,31000.0
35,A-097,181312,2022,Toyota,Highlander,XSE,BLACK,58046,Yes,4.4,2026-09-02,A,31200.0
25,B-138,180444,2021,Toyota,Highlander,XLE,WHITE,47490,Yes,"",2026-09-02,B,23200.0
32,D-208,180749,2020,Toyota,Highlander,HYBRID LE,SILVER,79829,Yes,4.1,2026-09-02,D,20800.0
39,F-016,176594,2019,Toyota,Highlander,LE,WHITE,68394,Yes,3.6,2026-09-02,F,17500.0
8,B-411,180392,2005,Toyota,Highlander,4DR 4-CYL,BLACK,123012,No,"",2026-09-02,B,4100.0
23,B-018,179664,2025,Toyota,Prius,LE,WHITE,97309,Yes,"",2026-09-02,B,15400.0
7,A-112,180795,2020,Toyota,Prius,XLE,BLACK,335746,No,"",2026-09-02,A,4600.0
32,B-232,180980,2014,Toyota,Prius,THREE,WHITE,84161,Yes,3.6,2026-09-02,B,7600.0
9,B-160.9,181269,2011,Toyota,Prius,ONE,SILVER,208517,No,"",2026-09-02,B,600.0
7,C-307,179719,2015,Toyota,Prius C,THREE,GREEN,212395,No,"",2026-09-02,C,1800.0
29,D-153,180298,2026,Toyota,RAV4,LE,WHITE,5477,Yes,4.7,2026-09-02,D,34000.0
7,B-159.5,181164,2025,Toyota,RAV4,Hybrid LE,WHITE,14445,No,"",2026-09-02,B,29600.0
25,C-059,180738,2025,Toyota,RAV4,Hybrid XSE,WHITE,43362,Yes,4.4,2026-09-02,C,36000.0
24,C-077,181200,2025,Toyota,RAV4,LE,GRAY,11517,Yes,4.6,2026-09-02,C,27000.0
47,B-261,180234,2025,Toyota,RAV4,XLE,BLUE,36412,Yes,3.4,2026-09-02,B,27200.0
33,F-005.1,178458,2025,Toyota,RAV4,XLE,BLACK,9758,Yes,4.2,2026-09-02,F,30000.0
27,C-099,181035,2025,Toyota,RAV4,XLE Premium,WHITE,12265,Yes,4.7,2026-09-02,C,34000.0
25,B-019,180374,2025,Toyota,RAV4,XLE Premium,SILVER,16417,Yes,4.7,2026-09-02,B,32400.0
8,C-085.2,181571,2024,Toyota,RAV4,Hybrid XSE,WHITE,17639,No,"",2026-09-02,C,36200.0
24,C-049,180624,2024,Toyota,RAV4,LE,WHITE,47452,Yes,"",2026-09-02,C,22800.0
8,B-171,180580,2024,Toyota,RAV4,LE,GRAY,41384,No,"",2026-09-02,B,22600.0
28,D-174,180443,2024,Toyota,RAV4,XLE,SILVER,65408,Yes,4.6,2026-09-02,D,23000.0
7,B-190,180862,2024,Toyota,RAV4,XLE,BLUE,42209,No,"",2026-09-02,B,24000.0
31,C-098,181044,2024,Toyota,RAV4,XLE Premium,BLUE,17534,Yes,4.3,2026-09-02,C,31000.0
8,B-169,180360,2023,Toyota,RAV4,Hybrid LE,WHITE,55955,No,"",2026-09-02,B,23600.0
8,B-194,180870,2023,Toyota,RAV4,Hybrid XLE,WHITE,41474,No,"",2026-09-02,B,27600.0
7,B-189,180859,2023,Toyota,RAV4,LE,WHITE,53679,No,"",2026-09-02,B,20300.0
29,C-276,179581,2022,Toyota,RAV4,HYBRID XLE PREM,GRAY,51541,Yes,3.9,2026-09-02,C,27200.0
25,W-013,179600,2022,Toyota,RAV4,LE,SILVER,64826,Yes,"",2026-09-02,W,18000.0
36,F-010,177517,2022,Toyota,RAV4,XLE,GRAY,46039,Yes,4.0,2026-09-02,F,23200.0
25,W-014,177648,2022,Toyota,RAV4,XLE,GRAY,104353,Yes,"",2026-09-02,W,17300.0
36,C-096,181123,2022,Toyota,RAV4,XLE Premium,GRAY,31609,Yes,3.2,2026-09-02,C,23800.0
42,F-025,170151,2021,Toyota,RAV4,Hybrid LE,WHITE,57392,Yes,2.5,2026-09-02,F,14400.0
39,D-072,180789,2021,Toyota,RAV4,XLE,BLACK,81990,Yes,3.2,2026-09-02,D,18800.0
35,B-227,180739,2021,Toyota,RAV4,XLE,GRAY,89204,Yes,4.2,2026-09-02,B,20200.0
8,A-114,180797,2021,Toyota,RAV4,XLE,BLACK,107730,No,"",2026-09-02,A,16400.0
34,A-190,180828,2021,Toyota,RAV4,XLE,GRAY,87193,Yes,4.2,2026-09-02,A,19800.0
33,D-020,180905,2021,Toyota,RAV4,XLE,SILVER,57812,Yes,3.8,2026-09-02,D,20600.0
36,C-084,181262,2021,Toyota,RAV4,XLE Premium,BLACK,43447,Yes,4.1,2026-09-02,C,23200.0
29,A-287,179583,2021,Toyota,RAV4,XLE Premium,GRAY,41840,Yes,4.5,2026-09-02,A,26800.0
39,F-036,176379,2020,Toyota,RAV4,XLE,GRAY,137850,Yes,3.6,2026-09-02,F,13200.0
32,A-055,180728,2019,Toyota,RAV4,LE,WHITE,71708,Yes,4.1,2026-09-02,A,18300.0
7,B-006,181139,2019,Toyota,RAV4,XLE,GRAY,209928,No,"",2026-09-02,B,7900.0
25,C-905,180747,2019,Toyota,RAV4,XLE Premium,GRAY,39870,Yes,4.6,2026-09-02,C,21000.0
28,X-003,179105,2019,Toyota,RAV4,XLE Premium,SILVER,67319,Yes,3.5,2026-09-02,X,19200.0
8,A-270,180908,2018,Toyota,RAV4,LE,RED,226922,No,"",2026-09-02,A,5100.0
8,B-187,180729,2018,Toyota,RAV4,LE,BLUE,93214,No,"",2026-09-02,B,12500.0
35,A-389,181239,2018,Toyota,RAV4,LIMITED,SILVER,90925,Yes,3.7,2026-09-02,A,14600.0
26,A-066,181155,2018,Toyota,RAV4,LIMITED,WHITE,105865,Yes,4.0,2026-09-02,A,14200.0
7,A-385,181347,2018,Toyota,RAV4,XLE,BLUE,152844,No,"",2026-09-02,A,7300.0
9,A-130,180814,2016,Toyota,RAV4,XLE,BLACK,137111,No,"",2026-09-02,A,9900.0
9,B-161.8,181408,2014,Toyota,RAV4,LE,SILVER,65176,No,"",2026-09-02,B,11800.0
25,A-013,180509,2013,Toyota,RAV4,XLE,WHITE,123618,Yes,"",2026-09-02,A,6100.0
8,C-018,180705,2010,Toyota,RAV4,4DR 4-CYL 4,BEIGE,149287,No,"",2026-09-02,C,3000.0
26,B-017,181008,2024,Toyota,Sequoia,PLATINUM,WHITE,51524,Yes,"",2026-09-02,B,54600.0
25,B-367,181222,2024,Toyota,Sequoia,PLATINUM,GRAY,25352,Yes,4.8,2026-09-02,B,65500.0
35,A-124,180801,2022,Toyota,Sienna,XLE,WHITE,70118,Yes,4.4,2026-09-02,A,32800.0
8,A-023,180542,2013,Toyota,Sienna,XLE V6 8 PASS,WHITE,184663,No,"",2026-09-02,A,4100.0
9,B-467,180481,2011,Toyota,Sienna,LE V6,BLACK,221250,No,"",2026-09-02,B,1100.0
7,B-159.8,181166,2025,Toyota,Tacoma,SR5,WHITE,21440,No,"",2026-09-02,B,29200.0
7,B-184,180720,2025,Toyota,Tacoma,SR5,BLUE,31122,No,"",2026-09-02,B,27800.0
43,A-127,180812,2023,Toyota,Tacoma,SR5 V6,SILVER,67073,Yes,3.4,2026-09-02,A,23800.0
38,C-037,181197,2022,Toyota,Tacoma,SR5 V6,GRAY,51975,Yes,3.3,2026-09-02,C,27200.0
34,B-213,176535,2021,Toyota,Tacoma,SR,GRAY,79819,Yes,3.0,2026-09-02,B,18000.0
8,B-016,180997,2018,Toyota,Tacoma,TRD SPORT,BLUE,256591,No,"",2026-09-02,B,7800.0
24,C-036,180701,2017,Toyota,Tacoma,TRD OFF ROAD,WHITE,103992,Yes,"",2026-09-02,C,18800.0
35,B-388,180968,2014,Toyota,Tacoma,ACCESS CA,BLACK,112458,Yes,3.3,2026-09-02,B,11000.0
8,B-159,179006,2024,Toyota,Tundra,LIMITED,WHITE,15145,No,"",2026-09-02,B,44800.0
29,C-084.6,181465,2024,Toyota,Tundra,SR5,WHITE,24773,Yes,4.5,2026-09-02,C,37600.0
27,C-073,180752,2023,Toyota,Tundra,1794 EDITION,SILVER,22480,Yes,4.6,2026-09-02,C,45200.0
8,B-165,179218,2023,Toyota,Tundra,SR5,WHITE,34862,No,"",2026-09-02,B,32200.0
25,A-118,180280,2023,Toyota,Tundra,SR5,GREEN,74861,Yes,"",2026-09-02,A,29500.0
37,A-387,181204,2019,Toyota,Tundra,SR5 4.6L V8,BLACK,100368,Yes,3.5,2026-09-02,A,16200.0
8,C-085.4,181575,2019,Toyota,Tundra,SR5 5.7L V8,WHITE,119513,No,"",2026-09-02,C,27400.0
7,B-204,180490,2016,Toyota,Tundra,LIMITED 5.7L,GRAY,196262,No,"",2026-09-02,B,13000.0
8,B-199,178694,2003,Toyota,Tundra,SR5 V8,OTHER,209291,No,"",2026-09-02,B,1800.0
8,B-175,180584,2023,Toyota,Venza,LIMITED,WHITE,34332,No,"",2026-09-02,B,34400.0
7,C-177,180407,2021,Toyota,Venza,LE,BLACK,95058,No,"",2026-09-02,C,16700.0
7,B-003,181137,2017,Toyota,Yaris iA,AUTO (NATL),RED,178549,No,"",2026-09-02,B,2200.0
29,D-051,180213,2024,Volkswagen,Atlas,2.0T SE W/TECH,BLACK,11091,Yes,4.6,2026-09-02,D,26600.0
29,D-085,181084,2018,Volkswagen,Atlas,3.6L V6 SEL,WHITE,78887,Yes,3.9,2026-09-02,D,11000.0
31,A-223,181256,2021,Volkswagen,Atlas Cross Sport,3.,BLACK,77506,Yes,4.3,2026-09-02,A,17800.0
31,A-098,181314,2021,Volkswagen,Atlas Cross Sport,3.,WHITE,75956,Yes,3.5,2026-09-02,A,17200.0
32,D-047,180363,2024,Volkswagen,Jetta,S,WHITE,35531,Yes,3.7,2026-09-02,D,14200.0
25,A-154,180911,2023,Volkswagen,Jetta,GLI Autobahn,WHITE,28095,Yes,4.5,2026-09-02,A,24000.0
28,D-035,180783,2023,Volkswagen,Jetta,S,WHITE,83115,Yes,4.0,2026-09-02,D,10800.0
32,A-037,180523,2023,Volkswagen,Jetta,S,GRAY,72913,Yes,3.8,2026-09-02,A,11100.0
33,D-075,180884,2023,Volkswagen,Jetta,SE,GRAY,29693,Yes,4.3,2026-09-02,D,16000.0
30,A-249,181443,2023,Volkswagen,Jetta,SEL,GRAY,23554,Yes,4.2,2026-09-02,A,17200.0
29,D-049,180212,2023,Volkswagen,Jetta,Sport,WHITE,26679,Yes,4.2,2026-09-02,D,14000.0
33,D-033,180787,2020,Volkswagen,Jetta,S,BLUE,59074,Yes,1.9,2026-09-02,D,8800.0
7,A-103.5,181569,2019,Volkswagen,Jetta,S,BLACK,119995,No,"",2026-09-02,A,3500.0
9,C-302,181005,2019,Volkswagen,Jetta,S,WHITE,145125,No,"",2026-09-02,C,4300.0
7,C-311,181117,2018,Volkswagen,Jetta,1.4T S,GRAY,93361,No,"",2026-09-02,C,5200.0
9,C-297,180518,2017,Volkswagen,Jetta,1.4T SE,BLACK,120243,No,"",2026-09-02,C,3800.0
7,B-161,180347,2016,Volkswagen,Jetta,SEDAN 1.4T S,BLACK,95959,No,"",2026-09-02,B,2700.0
24,D-295,179956,2014,Volkswagen,Jetta,SEDAN SE,WHITE,138659,Yes,"",2026-09-02,D,1400.0
9,B-206,180497,2012,Volkswagen,Jetta,SEDAN SE,BLACK,156576,No,"",2026-09-02,B,1500.0
6,A-158,181003,2011,Volkswagen,Jetta,SEDAN SE,WHITE,142523,No,"",2026-09-02,A,2400.0
8,C-394,180673,2011,Volkswagen,Jetta,SEDAN SEL PZEV,GRAY,131944,No,"",2026-09-02,C,1800.0
38,D-044,180500,2022,Volkswagen,Passat,2.0T LIMITED,WHITE,55277,Yes,2.7,2026-09-02,D,14000.0
38,F-045,176367,2020,Volkswagen,Passat,2.0T SEL,BLACK,73879,Yes,1.9,2026-09-02,F,9900.0
11,A-262,181548,2019,Volkswagen,Passat,2.0T SE R-LIN,GRAY,100417,No,"",2026-09-02,A,8600.0
38,A-175.2,181317,2018,Volkswagen,Passat,2.0T SE,SILVER,85946,Yes,3.2,2026-09-02,A,7500.0
8,B-263,180237,2017,Volkswagen,Passat,1.8T SE,GRAY,115878,No,"",2026-09-02,B,4300.0
44,B-039,179240,2017,Volkswagen,Passat,R-LINE W/COMF,GRAY,129024,Yes,1.7,2026-09-02,B,4000.0
8,C-374,180544,2016,Volkswagen,Passat,1.8T S,GRAY,154354,No,"",2026-09-02,C,2800.0
9,A-347,180448,2016,Volkswagen,Passat,1.8T SE,GOLD,180739,No,"",2026-09-02,A,2800.0
23,C-033,180663,2014,Volkswagen,Passat,SE,BLUE,89911,Yes,"",2026-09-02,C,3000.0
8,C-291,178053,2007,Volkswagen,Passat,SEDAN 2.0T,GRAY,44700,No,"",2026-09-02,C,1500.0
34,F-040,171762,2022,Volkswagen,Taos,S,BLUE,28828,Yes,1.4,2026-09-02,F,6600.0
8,A-103.3,181567,2024,Volkswagen,Tiguan,SE,SILVER,66168,No,"",2026-09-02,A,14300.0
30,B-142,180463,2022,Volkswagen,Tiguan,SE R-LINE BLA,BLACK,42232,Yes,4.6,2026-09-02,B,18400.0
31,D-039,180880,2022,Volkswagen,Tiguan,SE R-LINE BLA,GRAY,54282,Yes,3.5,2026-09-02,D,15800.0
42,F-051,175887,2021,Volkswagen,Tiguan,S,GRAY,95506,Yes,1.6,2026-09-02,F,5400.0
9,B-058,181537,2020,Volkswagen,Tiguan,S,WHITE,130859,No,"",2026-09-02,B,5600.0
30,B-272,180343,2019,Volkswagen,Tiguan,SE,WHITE,64461,Yes,3.7,2026-09-02,B,12200.0
8,W-021,181478,2018,Volkswagen,Tiguan,SEL,GREEN,92461,No,"",2026-09-02,W,5000.0
34,B-070,180329,2018,Volkswagen,Tiguan,SEL,WHITE,70109,Yes,3.4,2026-09-02,B,8400.0
8,C-246,181279,2009,Volkswagen,Tiguan,S,GRAY,139545,No,"",2026-09-02,C,500.0
8,B-152,179536,2023,Volvo,S60,PLUS BLACK EDITI,BLACK,29902,No,"",2026-09-02,B,23000.0
8,B-130,181543,2019,Volvo,S60,MOMENTUM,BROWN,102782,No,"",2026-09-02,B,6600.0
8,W-020,181415,2019,Volvo,S60,MOMENTUM,BLACK,135873,No,"",2026-09-02,W,5500.0
8,B-274,180353,2018,Volvo,S60,INSCRIPTION,BLACK,40971,No,"",2026-09-02,B,11800.0
36,D-249,180587,2013,Volvo,S60,T5,WHITE,87098,Yes,2.9,2026-09-02,D,4200.0
28,A-340,180367,2017,Volvo,S90,MOMENTUM,WHITE,82385,Yes,4.5,2026-09-02,A,11100.0
9,B-154,181427,2001,Volvo,V70,2.4 M SR 5DR WGN,WHITE,147926,No,"",2026-09-02,B,800.0
33,D-269,177283,2022,Volvo,V90,CROSS COUNTRY,GRAY,93748,Yes,4.6,2026-09-02,D,21800.0
32,W-009,177050,2019,Volvo,XC40,MOMENTUM,WHITE,105309,Yes,3.5,2026-09-02,W,8000.0
0,O-004,180758,2025,Volvo,XC60,PLUG-IN HYBRID,GRAY,4095,No,"",2026-09-02,O,50300.0
28,B-105,175427,2024,Volvo,XC60,PLUS DARK THEME,SILVER,20585,Yes,4.6,2026-09-02,B,32500.0
27,B-307,180807,2021,Volvo,XC60,INSCRIPTION,WHITE,51464,Yes,3.9,2026-09-02,B,20500.0
26,D-148,181489,2019,Volvo,XC60,R-DESIGN,RED,70037,Yes,3.8,2026-09-02,D,17400.0
8,B-150,178713,2021,Volvo,XC90,"",GRAY,99800,No,"",2026-09-02,B,16600.0
42,D-270,181456,2019,Volvo,XC90,MOMENTUM,BLACK,75203,Yes,2.5,2026-09-02,D,13200.0
8,C-247,180252,2009,Volvo,XC90,I6,GRAY,116180,No,"",2026-09-02,C,500.0
