Picture Count,Run Number,Stock #,Year,Make,Model,Style,Color,Odometer,CR,Grade,Sale Date,Lane,Price
42,A-069,562392,2022,Acura,ILX,SEDAN,BLACK,62096,Yes,3.0,2026-08-21,A,17900.0
39,A-022,561995,2019,Acura,ILX,W/PREMIUM PKG,WHITE,147554,Yes,4.3,2026-08-21,A,10800.0
37,B-012,563266,2024,Acura,Integra,CVT,WHITE,16226,Yes,4.1,2026-08-21,B,24800.0
33,G-015,562226,2024,Acura,Integra,W/A-SPEC PAC,GRAY,16154,Yes,4.7,2026-08-21,G,27600.0
39,D-077,561027,2022,Acura,MDX,SH-,RED,50736,Yes,4.5,2026-08-21,D,31600.0
35,D-218,563336,2022,Acura,MDX,W/TECHNOLOGY PAC,SILVER,74595,Yes,4.4,2026-08-21,D,25000.0
40,A-130,561283,2019,Acura,MDX,"",BLACK,80660,Yes,3.9,2026-08-21,A,15600.0
38,E-077,563156,2017,Acura,MDX,W/TECHNOLOGY PKG,WHITE,102092,Yes,4.2,2026-08-21,E,14000.0
21,C-179,563078,2015,Acura,MDX,TECH PKG,BLUE,75763,No,"",2026-08-21,C,12200.0
22,F-216,563122,2012,Acura,MDX,TECH PKG,GRAY,166024,No,"",2026-08-21,F,4400.0
8,X-089,562124,2010,Acura,MDX,TECHNOLOGY PKG,SILVER,219113,No,"",2026-08-21,X,650.0
22,B-068,562939,2007,Acura,MDX,TECH PKG,WHITE,182977,No,"",2026-08-21,B,1600.0
33,G-010,563149,2025,Acura,RDX,SH-,BLUE,16354,Yes,4.8,2026-08-21,G,35200.0
32,D-068,556670,2021,Acura,RDX,"",RED,20002,Yes,4.5,2026-08-21,D,29000.0
38,D-072,559511,2021,Acura,RDX,"",RED,43897,Yes,3.7,2026-08-21,D,24500.0
34,D-157,562655,2020,Acura,RDX,W/A-SPEC PKG,WHITE,86883,Yes,5.0,2026-08-21,D,22800.0
43,D-050,562233,2020,Acura,RDX,W/ADVANCE PKG,RED,85148,Yes,3.9,2026-08-21,D,20000.0
43,E-094,563085,2020,Acura,RLX,W/TECHNOLOGY PKG,GOLD,55373,Yes,3.4,2026-08-21,E,19600.0
37,A-115,562955,2012,Acura,TL,TECH AUTO,BURGUNDY,175180,Yes,2.8,2026-08-21,A,4000.0
22,B-150.7,563387,2020,Acura,TLX,2.4L,BLACK,84492,No,"",2026-08-21,B,16000.0
41,D-103,562227,2018,Acura,TLX,W/TECHNOLOGY PKG,BLACK,228514,Yes,3.0,2026-08-21,D,5400.0
37,D-216,563356,2016,Acura,TLX,4DR SDN,GRAY,131888,Yes,4.0,2026-08-21,D,8200.0
42,D-173,562659,2010,Acura,ZDX,TECH PKG,WHITE,120608,Yes,4.0,2026-08-21,D,6200.0
22,B-172,562741,2019,Audi,A4,Premium,BLACK,63156,No,"",2026-08-21,B,13800.0
37,A-252,563019,2021,Audi,A6,PREMIUM PLUS,BLACK,59040,Yes,4.3,2026-08-21,A,21500.0
33,A-250,563002,2015,Audi,A7,"",GRAY,87612,Yes,4.4,2026-08-21,A,10000.0
32,A-245,563008,2023,Audi,A8,L 55 TFSI QUATTRO,WHITE,49907,Yes,4.5,2026-08-21,A,40600.0
41,D-167,562856,2019,Audi,e-tron,Premium Plus,WHITE,59582,Yes,3.0,2026-08-21,D,14400.0
45,D-195,561462,2018,Audi,Q3 PREMIUM PLUS,"",GRAY,110295,Yes,4.0,2026-08-21,D,7000.0
37,F-184,562671,2025,Audi,Q5,S LINE PREMIUM PL,WHITE,18512,Yes,3.6,2026-08-21,F,31200.0
33,E-272,552865,2021,Audi,Q5,PREMIUM,BLACK,39052,Yes,4.4,2026-08-21,E,18400.0
22,B-167,562744,2018,Audi,Q5,Premium,BLACK,120606,No,"",2026-08-21,B,6000.0
36,A-213,563421,2018,Audi,Q5,Premium Plus,BLUE,104217,Yes,3.5,2026-08-21,A,8000.0
37,A-248,562052,2018,Audi,Q5,Premium Plus,BLACK,122865,Yes,3.9,2026-08-21,A,8400.0
35,A-264,562139,2018,Audi,Q5,Premium Plus,SILVER,102019,Yes,3.6,2026-08-21,A,7000.0
37,D-229,561531,2018,Audi,Q5,Prestige,BLACK,105956,Yes,4.3,2026-08-21,D,8700.0
34,B-003,563260,2021,Audi,Q7,Prestige,GRAY,59160,Yes,5.0,2026-08-21,B,25600.0
22,B-168,562735,2019,Audi,Q7,"",SILVER,80888,No,"",2026-08-21,B,17000.0
39,E-268,560674,2019,Audi,Q7,"",TAN,90369,Yes,3.7,2026-08-21,E,15200.0
22,B-166,562734,2018,Audi,Q7,"",BLACK,132361,No,"",2026-08-21,B,6800.0
36,F-251,557738,2018,Audi,Q7,Premium,BLACK,87244,Yes,3.7,2026-08-21,F,8600.0
36,D-213,563352,2018,Audi,Q7,Premium Plus,GRAY,82739,Yes,4.2,2026-08-21,D,11400.0
34,E-048,562485,2021,Audi,SQ5,Premium Plus,GRAY,64271,Yes,4.2,2026-08-21,E,26400.0
23,B-099,561514,2013,BMW,1-Series,135I,SILVER,75682,No,"",2026-08-21,B,5000.0
22,F-266,563070,2012,BMW,1-Series,128i,WHITE,184331,No,"",2026-08-21,F,3100.0
40,B-013,563280,2022,BMW,2-Series,228I,BLACK,95587,Yes,4.1,2026-08-21,B,13000.0
31,A-126,561149,2020,BMW,3-Series,330i,WHITE,50788,Yes,3.6,2026-08-21,A,18000.0
34,A-146,562960,2019,BMW,3-Series,330i,WHITE,105781,Yes,4.4,2026-08-21,A,13400.0
36,F-219,563120,2019,BMW,3-Series,330i,WHITE,78061,Yes,4.5,2026-08-21,F,15600.0
22,B-036,562380,2016,BMW,3-Series,328i,BLACK,128393,No,"",2026-08-21,B,5600.0
22,B-097,562267,2011,BMW,3-Series,328i,BLACK,188562,No,"",2026-08-21,B,800.0
22,F-283,561955,2010,BMW,3-Series,328i,BLACK,272719,No,"",2026-08-21,F,700.0
37,F-062,557827,2010,BMW,3-Series,328I XDRIVE,SILVER,101292,Yes,3.8,2026-08-21,F,2100.0
22,C-032,557287,2009,BMW,3-Series,328i,SILVER,120853,No,"",2026-08-21,C,700.0
7,X-075,562013,2008,BMW,3-Series,328i,BLACK,98447,No,"",2026-08-21,X,700.0
35,F-081,562427,2024,BMW,4-Series,430i,BLUE,53306,Yes,4.7,2026-08-21,F,30000.0
39,A-029,561987,2021,BMW,4-Series,430i,BLACK,84839,Yes,3.9,2026-08-21,A,21200.0
31,A-162,563171,2023,BMW,5-Series,540i,GRAY,44397,Yes,4.3,2026-08-21,A,36800.0
34,A-139,563183,2023,BMW,5-Series,M550I XDRIV,BLACK,31160,Yes,4.7,2026-08-21,A,51500.0
38,A-025,561992,2022,BMW,5-Series,540i,BLACK,110247,Yes,4.3,2026-08-21,A,22200.0
39,E-306,562523,2022,BMW,5-Series,M550I XDRIV,GRAY,65189,Yes,3.7,2026-08-21,E,37000.0
40,A-144,562959,2019,BMW,5-Series,540I XDRIVE,BLUE,54367,Yes,4.3,2026-08-21,A,27000.0
22,C-175,563076,2015,BMW,5-Series,528I XDRIVE,WHITE,165359,No,"",2026-08-21,C,3700.0
47,X-003,555566,2014,BMW,5-Series,528i,GRAY,125672,Yes,2.0,2026-08-21,X,900.0
34,A-149,562962,2012,BMW,5-Series,550i,WHITE,86319,Yes,4.3,2026-08-21,A,3400.0
16,B-135,562411,2008,BMW,5-Series,535i,GRAY,153316,No,"",2026-08-21,B,2800.0
23,E-249,562831,2015,BMW,6-Series,650I,BLACK,111790,No,"",2026-08-21,E,9400.0
37,A-116,562803,2020,BMW,7-Series,740i,BLACK,103241,Yes,4.6,2026-08-21,A,22600.0
37,A-153,563048,2020,BMW,M4,COUPE,BLACK,76109,Yes,3.5,2026-08-21,A,44400.0
40,E-147,562702,2015,BMW,M4,2DR CPE,GRAY,68080,Yes,4.5,2026-08-21,E,30200.0
33,A-106,562612,2026,BMW,X1,M35i,BLUE,7027,Yes,4.8,2026-08-21,A,42000.0
28,A-062,562582,2025,BMW,X1,M35i,BLACK,7275,Yes,4.8,2026-08-21,A,41200.0
35,D-116,560447,2020,BMW,X1,sDrive28i,WHITE,109005,Yes,4.7,2026-08-21,D,7800.0
36,D-205,563314,2022,BMW,X2,sDrive28i,BLACK,98101,Yes,4.5,2026-08-21,D,10400.0
6,E-173,562926,2024,BMW,X3,sDrive30i,GRAY,17641,No,"",2026-08-21,E,32400.0
29,A-076,562584,2023,BMW,X3,sDrive30i,WHITE,32617,Yes,4.8,2026-08-21,A,27000.0
34,A-027,561989,2019,BMW,X3,sDrive30i,BLACK,62394,Yes,3.6,2026-08-21,A,15800.0
36,A-138,563145,2019,BMW,X3,XDrive30i,WHITE,46934,Yes,3.5,2026-08-21,A,12000.0
40,A-094,562608,2019,BMW,X3,XDrive30i,SILVER,55431,Yes,4.2,2026-08-21,A,16300.0
41,A-021,562036,2018,BMW,X3,XDrive30i,WHITE,79593,Yes,4.0,2026-08-21,A,12000.0
39,E-119,561976,2014,BMW,X3,XDrive28i,BLACK,124108,Yes,3.4,2026-08-21,E,3600.0
35,D-087,562086,2014,BMW,X3,XDrive35i,WHITE,83615,Yes,4.5,2026-08-21,D,8800.0
41,F-130,559534,2010,BMW,X3,XDrive30i,BLACK,160391,Yes,3.4,2026-08-21,F,1500.0
36,A-056,561629,2024,BMW,X5,sDrive40i,BLACK,45991,Yes,4.6,2026-08-21,A,36800.0
31,E-027,562828,2024,BMW,X5,XDrive40i,WHITE,4928,Yes,5.0,2026-08-21,E,58000.0
33,P-007,562105,2024,BMW,X5,XDrive40i,GRAY,43615,Yes,4.4,2026-08-21,P,40100.0
35,A-036,562037,2019,BMW,X5,XDrive50i,BLUE,116384,Yes,3.5,2026-08-21,A,18800.0
40,A-161,563162,2018,BMW,X5,M SPORTS ACTIVITY,BLACK,66297,Yes,4.5,2026-08-21,A,29200.0
30,A-072,562419,2018,BMW,X5,sDrive35i,BLACK,89051,Yes,4.4,2026-08-21,A,11200.0
43,P-005,560819,2018,BMW,X5,XDRIVE40E IPERFOR,WHITE,142006,Yes,3.7,2026-08-21,P,7200.0
22,B-120,562298,2013,BMW,X5,XDRIVE35I,WHITE,38739,No,"",2026-08-21,B,10000.0
32,C-184,562196,2022,BMW,X6,XDrive40i,WHITE,53824,Yes,4.6,2026-08-21,C,38400.0
34,A-266,562128,2021,BMW,X6,M50i,BLUE,121246,Yes,4.5,2026-08-21,A,25800.0
42,E-110,563193,2014,BMW,X6,XDrive35i,BLACK,97906,Yes,3.6,2026-08-21,E,8600.0
38,A-086,562585,2022,BMW,X7,XDrive40i,BLACK,59786,Yes,4.5,2026-08-21,A,36400.0
37,M-001,554544,2022,BMW,X7,XDrive40i,WHITE,43825,Yes,4.2,2026-08-21,M,33000.0
34,G-032,563354,2021,BMW,X7,ALPINA XB7,BLACK,47384,Yes,4.5,2026-08-21,G,57200.0
38,C-293,562818,2020,BMW,X7,XDrive40i,GRAY,52135,Yes,4.2,2026-08-21,C,27200.0
32,A-143,562958,2020,BMW,X7,XDrive40i,BLACK,50173,Yes,3.9,2026-08-21,A,25400.0
22,D-325,563112,2020,BMW,X7,XDrive40i,WHITE,188255,No,"",2026-08-21,D,13800.0
2,A-120,563362,1999,BMW,Z3,2.5L,BLUE,1,No,"",2026-08-21,A,700.0
39,D-015.1,563476,2019,Buick,Enclave,Premium,BLACK,89607,Yes,2.9,2026-08-21,D,10000.0
37,D-189,563182,2013,Buick,Enclave,Leather,GOLD,109797,Yes,3.9,2026-08-21,D,7000.0
10,X-115,563366,2009,Buick,Enclave,CXL,SILVER,172877,No,"",2026-08-21,X,650.0
22,B-039.8,563296,2018,Buick,Encore,Preferred,WHITE,77646,No,"",2026-08-21,B,7200.0
9,X-106,562843,2004,Buick,LeSabre,Custom,GOLD,162111,No,"",2026-08-21,X,650.0
8,X-121,563291,2001,Buick,Regal,LS,WHITE,1,No,"",2026-08-21,X,650.0
41,D-101,560460,2014,Buick,Verano,4DR SDN,RED,67612,Yes,3.6,2026-08-21,D,4800.0
36,D-079,562069,2018,Cadillac,ATS,SEDAN,WHITE,46636,Yes,4.0,2026-08-21,D,12800.0
36,A-031,561728,2014,Cadillac,ATS,Premium,BLACK,137740,Yes,3.8,2026-08-21,A,3000.0
39,A-090,559869,2023,Cadillac,CT4,Premium Luxury,BLACK,45024,Yes,3.0,2026-08-21,A,23400.0
20,F-077,561873,2012,Cadillac,CTS,COUPE PREMIUM,WHITE,112538,No,"",2026-08-21,F,7200.0
47,D-162,562669,2010,Cadillac,CTS,SEDAN LUXURY,WHITE,161690,Yes,3.0,2026-08-21,D,1700.0
22,F-042,562987,2010,Cadillac,CTS,WAGON PERFORMANC,BLACK,208697,No,"",2026-08-21,F,3700.0
45,C-294,557212,2019,Cadillac,Escalade,ESV Luxury,BLACK,50866,Yes,3.8,2026-08-21,C,25500.0
29,F-211,562628,2019,Cadillac,Escalade,Luxury,GRAY,99586,Yes,4.4,2026-08-21,F,23400.0
41,E-106,563194,2017,Cadillac,Escalade,ESV Premium,BLACK,122433,Yes,4.0,2026-08-21,E,16400.0
54,C-283,562640,2015,Cadillac,Escalade,ESV STANDAR,BLACK,114188,Yes,3.0,2026-08-21,C,13000.0
22,C-027,555648,2012,Cadillac,SRX,LUXURY COLLECTIO,SILVER,138470,No,"",2026-08-21,C,1700.0
22,E-237,563084,2011,Cadillac,SRX,PERFORMANCE COLL,BLACK,147430,No,"",2026-08-21,E,1200.0
22,F-217,563118,2010,Cadillac,SRX,PREMIUM COLLECTI,GOLD,163271,No,"",2026-08-21,F,800.0
37,E-157,563054,2017,Cadillac,XT5,"",SILVER,123033,Yes,4.1,2026-08-21,E,7000.0
38,F-053,562674,2017,Cadillac,XT5,Luxury,RED,128303,Yes,4.3,2026-08-21,F,7600.0
23,B-260,562559,2003,Chevrolet,Avalanche,1500 5DR C,BLACK,1,No,"",2026-08-21,B,1200.0
45,F-116,563411,2021,Chevrolet,Blazer,LT,BLACK,135732,Yes,3.0,2026-08-21,F,7400.0
44,D-073,560525,2020,Chevrolet,Blazer,Premier,WHITE,90068,Yes,3.3,2026-08-21,D,16600.0
32,G-031,563322,2026,Chevrolet,BLAZER RS,"",RED,2958,Yes,5.0,2026-08-21,G,40200.0
42,C-244,559157,2020,Chevrolet,Bolt EV,LT,GRAY,57260,Yes,3.0,2026-08-21,C,9000.0
23,C-001,562767,2017,Chevrolet,Bolt EV,LT,RED,182306,No,"",2026-08-21,C,2500.0
46,E-161,563453,2018,Chevrolet,Camaro,1SS,BLACK,134159,Yes,3.0,2026-08-21,E,15200.0
45,A-223,561800,2012,Chevrolet,Camaro,1LT,SILVER,117770,Yes,3.0,2026-08-21,A,3600.0
44,E-274,549365,2012,Chevrolet,Camaro,2LT,GRAY,167374,Yes,3.0,2026-08-21,E,2900.0
37,E-032,563222,2010,Chevrolet,Camaro,1LT,GREEN,54570,Yes,3.5,2026-08-21,E,13400.0
41,E-030,562830,2014,Chevrolet,Captiva Sport,FLEET,SILVER,138112,Yes,3.0,2026-08-21,E,1900.0
7,X-074,561931,2014,Chevrolet,Captiva Sport,FLEET,BLUE,100230,No,"",2026-08-21,X,700.0
43,A-019,561336,2021,Chevrolet,Colorado, LT,BLACK,128797,Yes,3.3,2026-08-21,A,9500.0
45,C-060,560797,2021,Chevrolet,Colorado, Z71,ORANGE,49746,Yes,3.0,2026-08-21,C,20700.0
21,F-031,563027,2018,Chevrolet,Colorado, WORK TR,WHITE,144519,No,"",2026-08-21,F,5400.0
32,F-110,563483,2018,Chevrolet,Colorado, Z71,YELLOW,31091,Yes,4.4,2026-08-21,F,19000.0
38,D-220,563405,2016,Chevrolet,Colorado,Z71,SILVER,60677,Yes,4.5,2026-08-21,D,17800.0
8,X-079,562023,2005,Chevrolet,Colorado,FLEET Z85,WHITE,292131,No,"",2026-08-21,X,650.0
21,E-187,562525,2023,Chevrolet,Corvette,1LT,ORANGE,1272,No,"",2026-08-21,E,60400.0
31,O-003,560483,2023,Chevrolet,Corvette,3LT,RED,1652,Yes,3.7,2026-08-21,O,73000.0
21,B-044,563238,2018,Chevrolet,Cruze,LS,BLUE,103170,No,"",2026-08-21,B,4000.0
44,D-150,562562,2014,Chevrolet,Cruze,1LT,GOLD,171964,Yes,3.0,2026-08-21,D,1500.0
10,X-118,563475,2014,Chevrolet,Cruze,LS,GRAY,217261,No,"",2026-08-21,X,650.0
22,F-187,562436,2012,Chevrolet,Cruze,LT W/1LT,GOLD,135993,No,"",2026-08-21,F,1000.0
23,F-163,558608,2011,Chevrolet,Cruze,LT W/2LT,BLUE,123952,No,"",2026-08-21,F,1500.0
33,B-039.7,561572,2023,Chevrolet,Equinox,LS,WHITE,75731,Yes,4.9,2026-08-21,B,12700.0
38,E-002,562682,2020,Chevrolet,Equinox,LS,GRAY,88727,Yes,3.5,2026-08-21,E,9600.0
22,E-142,562264,2020,Chevrolet,Equinox,LS,GRAY,287977,No,"",2026-08-21,E,2400.0
21,F-253,562597,2019,Chevrolet,Equinox,LS,SILVER,189447,No,"",2026-08-21,F,3500.0
36,A-208,563524,2019,Chevrolet,Equinox,LS,BLACK,200337,Yes,4.1,2026-08-21,A,3000.0
48,A-014,561935,2019,Chevrolet,Equinox,Premier,BLUE,75583,Yes,3.2,2026-08-21,A,11100.0
39,E-028,562834,2014,Chevrolet,Equinox,LT,RED,139904,Yes,3.2,2026-08-21,E,3500.0
21,B-060,563315,2014,Chevrolet,G1500 Vans,"",WHITE,230589,No,"",2026-08-21,B,2300.0
6,B-107,561969,2020,Chevrolet,Impala,LT,WHITE,100914,No,"",2026-08-21,B,11200.0
10,X-101,562823,2013,Chevrolet,Impala,LT,GRAY,228460,No,"",2026-08-21,X,650.0
36,D-019,563131,2010,Chevrolet,Impala,LTZ,GRAY,65442,Yes,3.7,2026-08-21,D,4600.0
0,A-198,563631,2009,Chevrolet,Impala,LTZ,BLACK,235628,No,"",2026-08-21,A,650.0
22,C-303,563511,2009,Chevrolet,Impala,LTZ,BLACK,235628,No,"",2026-08-21,C,600.0
46,A-017,561934,2008,Chevrolet,Impala,LT,RED,161466,Yes,3.0,2026-08-21,A,900.0
40,E-034,563346,2005,Chevrolet,Impala,Base,TAN,158022,Yes,3.8,2026-08-21,E,700.0
37,E-230,562838,2023,Chevrolet,Malibu,RS,GRAY,62860,Yes,3.9,2026-08-21,E,13500.0
21,B-154,562666,2019,Chevrolet,Malibu,LT,WHITE,152578,No,"",2026-08-21,B,5000.0
22,B-050,563224,2016,Chevrolet,Malibu,LS,SILVER,120993,No,"",2026-08-21,B,3900.0
46,D-118,562311,2015,Chevrolet,Malibu,LS,BLACK,179901,Yes,3.0,2026-08-21,D,2600.0
23,C-229,561534,2015,Chevrolet,Malibu,LT,GRAY,228159,No,"",2026-08-21,C,700.0
42,D-184,562852,2014,Chevrolet,Malibu,LT,RED,101895,Yes,3.4,2026-08-21,D,5100.0
0,A-183,563607,2010,Chevrolet,Malibu,1LT,SILVER,184794,No,"",2026-08-21,A,650.0
22,C-180,563104,2010,Chevrolet,Malibu,LT W/1LT,SILVER,184794,No,"",2026-08-21,C,600.0
8,X-077,562022,1992,Chevrolet,S10 Blazer,BLAZER 4DR,GREEN,179865,No,"",2026-08-21,X,650.0
25,E-069,563066,2025,Chevrolet,Silverado 1500,CUSTO,RED,12705,Yes,4.9,2026-08-21,E,38200.0
37,C-242,556032,2023,Chevrolet,Silverado 1500,HIGH,BROWN,57286,Yes,4.0,2026-08-21,C,38500.0
43,C-292,562814,2022,Chevrolet,Silverado 1500,CUSTO,BLUE,101973,Yes,4.1,2026-08-21,C,16200.0
22,B-244,563136,2022,Chevrolet,Silverado 1500,RST,BLACK,107990,No,"",2026-08-21,B,22800.0
22,F-032,562999,2021,Chevrolet,Silverado 1500,CUSTO,BLACK,188500,No,"",2026-08-21,F,7600.0
48,B-257,562974,2019,Chevrolet,Silverado 1500,WORK,WHITE,78082,Yes,3.0,2026-08-21,B,15600.0
42,D-029,562021,2018,Chevrolet,Silverado 1500,LT,SILVER,109421,Yes,3.0,2026-08-21,D,13000.0
22,B-246,563157,2018,Chevrolet,Silverado 1500,LTZ,BLACK,130814,No,"",2026-08-21,B,11600.0
21,E-210,562257,2018,Chevrolet,Silverado 1500,LTZ,BLACK,167491,No,"",2026-08-21,E,11800.0
49,P-003,558013,2018,Chevrolet,Silverado 1500,WORK,WHITE,87744,Yes,2.0,2026-08-21,P,5025.0
22,E-227,562966,2017,Chevrolet,Silverado 1500,CUSTO,BLACK,128936,No,"",2026-08-21,E,8000.0
38,D-043,562017,2017,Chevrolet,Silverado 1500,LT,BLUE,61280,Yes,3.9,2026-08-21,D,20400.0
22,E-238,563091,2017,Chevrolet,Silverado 1500,LT,SILVER,145705,No,"",2026-08-21,E,10900.0
21,E-212,563049,2017,Chevrolet,Silverado 1500,LT,WHITE,100586,No,"",2026-08-21,E,13600.0
37,C-236,561328,2017,Chevrolet,Silverado 1500,LTZ,BROWN,87117,Yes,3.2,2026-08-21,C,13400.0
22,E-223,562758,2016,Chevrolet,Silverado 1500,CUSTO,WHITE,123297,No,"",2026-08-21,E,8200.0
22,E-067,563165,2016,Chevrolet,Silverado 1500,LTZ,RED,200890,No,"",2026-08-21,E,4200.0
47,E-063,563367,2016,Chevrolet,Silverado 1500,LTZ,RED,119009,Yes,3.0,2026-08-21,E,16000.0
22,E-176,561980,2015,Chevrolet,Silverado 1500,LT,GRAY,106829,No,"",2026-08-21,E,10800.0
22,C-285,562638,2015,Chevrolet,Silverado 1500,LT,BLACK,230198,No,"",2026-08-21,C,6800.0
22,F-045,563089,2015,Chevrolet,Silverado 1500,LTZ,GRAY,164732,No,"",2026-08-21,F,9400.0
35,X-035,550827,2014,Chevrolet,Silverado 1500,LT,BLACK,258119,Yes,1.3,2026-08-21,X,1200.0
38,E-066,563158,2014,Chevrolet,Silverado 1500,LT,RED,54085,Yes,4.6,2026-08-21,E,15800.0
42,X-034,554231,2014,Chevrolet,Silverado 1500,LTZ,GRAY,236341,Yes,0.5,2026-08-21,X,1800.0
21,B-188,562216,2011,Chevrolet,Silverado 1500,LT,BLUE,215797,No,"",2026-08-21,B,1000.0
38,E-096,563216,2011,Chevrolet,Silverado 1500,LT,BLUE,111603,Yes,4.2,2026-08-21,E,8400.0
51,D-123,562331,2009,Chevrolet,Silverado 1500,LT,GRAY,220165,Yes,3.0,2026-08-21,D,1900.0
39,D-015,563444,2007,Chevrolet,Silverado 1500,WORK,SILVER,96694,Yes,3.4,2026-08-21,D,4000.0
22,C-281,562532,2006,Chevrolet,Silverado 1500,LT2,RED,129215,No,"",2026-08-21,C,3100.0
32,A-034,562029,2019,Chevrolet,Silverado 1500 LD,LT,GRAY,70162,Yes,3.9,2026-08-21,A,19200.0
38,C-238,557809,2022,Chevrolet,Silverado 1500 LTD,C,BLACK,129849,Yes,4.0,2026-08-21,C,21400.0
39,D-047,562020,2018,Chevrolet,Silverado 2500,2500HD LTZ,GRAY,167405,Yes,3.0,2026-08-21,D,26800.0
9,X-128,563057,2003,Chevrolet,Silverado 2500,2500HD LT,GOLD,230798,No,"",2026-08-21,X,4000.0
46,D-076,559187,2020,Chevrolet,Silverado 3500,3500HD HIG,WHITE,143125,Yes,3.0,2026-08-21,D,33000.0
43,F-150,562910,2016,Chevrolet,Sonic,LTZ,SILVER,124802,Yes,3.0,2026-08-21,F,1100.0
37,B-039.9,561585,2018,Chevrolet,Spark,LS,BLACK,101941,Yes,3.3,2026-08-21,B,3300.0
41,X-021,558501,2017,Chevrolet,Spark,LT,GREEN,147529,Yes,0.5,2026-08-21,X,650.0
22,B-121,562300,2013,Chevrolet,Spark,LS,RED,52006,No,"",2026-08-21,B,2000.0
22,F-121,563299,2018,Chevrolet,Suburban,LT,SILVER,89779,No,"",2026-08-21,F,16800.0
42,D-160,562560,2016,Chevrolet,Suburban,LT,GRAY,116646,Yes,3.0,2026-08-21,D,12400.0
0,A-184,563608,2003,Chevrolet,Suburban,1500 LT,BLACK,253613,No,"",2026-08-21,A,650.0
22,F-192,562462,2003,Chevrolet,Suburban,LT,BLACK,253613,No,"",2026-08-21,F,600.0
35,A-001,562917,2021,Chevrolet,Tahoe,RST,RED,126188,Yes,4.0,2026-08-21,A,27800.0
47,C-157,563102,2017,Chevrolet,Tahoe,LT,BLACK,133200,Yes,3.0,2026-08-21,C,7100.0
34,D-163,562678,2017,Chevrolet,Tahoe,Premier,WHITE,217843,Yes,4.2,2026-08-21,D,8800.0
22,F-258,562600,2014,Chevrolet,Tahoe,LT,BROWN,166038,No,"",2026-08-21,F,4800.0
23,E-228,562854,2003,Chevrolet,Tahoe,Z71,RED,395406,No,"",2026-08-21,E,700.0
37,Q-001,560510,2024,Chevrolet,Traverse,LT,RED,31637,Yes,4.3,2026-08-21,Q,30500.0
39,A-015,551634,2023,Chevrolet,Traverse,LT CLOTH,WHITE,33065,Yes,3.0,2026-08-21,A,20800.0
39,D-014,563408,2022,Chevrolet,Traverse,LT LEATHER,BLACK,54171,Yes,3.4,2026-08-21,D,19600.0
39,C-264,562452,2019,Chevrolet,Traverse,LS,GRAY,145656,Yes,4.1,2026-08-21,C,6200.0
21,E-188,562169,2018,Chevrolet,Traverse,LT LEATHER,WHITE,105032,No,"",2026-08-21,E,9800.0
44,D-042,562015,2017,Chevrolet,Traverse,LS,GRAY,215182,Yes,3.0,2026-08-21,D,800.0
22,F-240,562368,2015,Chevrolet,Traverse,LT,SILVER,191216,No,"",2026-08-21,F,2500.0
22,E-218,562351,2014,Chevrolet,Traverse,LT,GOLD,135823,No,"",2026-08-21,E,3800.0
22,B-150.6,563265,2012,Chevrolet,Traverse,LT W/1LT,GOLD,1,No,"",2026-08-21,B,700.0
22,F-168,558528,2010,Chevrolet,Traverse,LT W/1LT,GRAY,147597,No,"",2026-08-21,F,1500.0
22,B-039.1,563297,2020,Chevrolet,Trax,LS,WHITE,123297,No,"",2026-08-21,B,3300.0
35,E-097,562296,2019,Chevrolet,Trax,LS,WHITE,122676,Yes,4.1,2026-08-21,E,3000.0
43,A-006,562923,2016,Chrysler,200,Limited,BLUE,190233,Yes,3.0,2026-08-21,A,1800.0
0,A-172,563588,2015,Chrysler,200,Limited,GRAY,124282,No,"",2026-08-21,A,650.0
22,C-082,563338,2015,Chrysler,200,Limited,GRAY,124282,No,"",2026-08-21,C,600.0
23,B-026,562737,2015,Chrysler,200,S,WHITE,105927,No,"",2026-08-21,B,4300.0
22,B-265,562157,2017,Chrysler,300,Limited,BLACK,158881,No,"",2026-08-21,B,5000.0
22,B-236,562304,2013,Chrysler,300,300S,BURGUNDY,129078,No,"",2026-08-21,B,4600.0
8,X-084,562077,2005,Chrysler,300,300 TOURING,SILVER,207596,No,"",2026-08-21,X,650.0
21,B-237,561611,2004,Chrysler,Crossfire,2DR CPE,BLUE,75417,No,"",2026-08-21,B,2000.0
22,C-034,562071,2018,Chrysler,Pacifica,Touring L,WHITE,174587,No,"",2026-08-21,C,4100.0
21,C-040,562162,2017,Chrysler,Pacifica,TOURING-L,BLACK,184841,No,"",2026-08-21,C,4200.0
37,D-044,561965,2017,Chrysler,Pacifica,TOURING-L P,RED,105965,Yes,4.0,2026-08-21,D,9200.0
22,F-037,561823,2016,Chrysler,Town & Country,TOURI,BLUE,157691,No,"",2026-08-21,F,2900.0
22,F-025,561339,2016,Chrysler,Town & Country,TOURI,TAN,134156,No,"",2026-08-21,F,2800.0
43,D-098,562205,2014,Chrysler,Town & Country,TOURI,GRAY,159995,Yes,3.5,2026-08-21,D,1400.0
22,B-133,562404,2014,Chrysler,Town & Country,TOURI,TAN,145583,No,"",2026-08-21,B,3000.0
0,A-175,563592,2012,Chrysler,Town & Country,TOURI,SILVER,229882,No,"",2026-08-21,A,650.0
22,E-134,562724,2012,Chrysler,Town & Country,TOURI,SILVER,229882,No,"",2026-08-21,E,600.0
38,C-188,559443,2023,Chrysler,Voyager,LX,BLACK,69866,Yes,3.8,2026-08-21,C,14700.0
22,E-171,561982,2016,Dodge,Challenger,392 HEMI,RED,78531,No,"",2026-08-21,E,18800.0
53,C-150,562620,2014,Dodge,Challenger,R/T PLUS,GRAY,184537,Yes,3.0,2026-08-21,C,4000.0
22,B-059,563263,2014,Dodge,Challenger,SXT,WHITE,156245,No,"",2026-08-21,B,4600.0
43,B-304,563021,2012,Dodge,Challenger,SXT PLUS,RED,131526,Yes,3.0,2026-08-21,B,4000.0
33,F-006.4,563499,2022,Dodge,Charger,R/T,SILVER,68817,Yes,4.3,2026-08-21,F,24800.0
31,F-056,562681,2014,Dodge,Charger,RT,ORANGE,170567,Yes,3.6,2026-08-21,F,6700.0
9,X-127,552975,2007,Dodge,Charger,R/T,SILVER,72138,No,"",2026-08-21,X,650.0
57,X-020,556535,2007,Dodge,Dakota,SLT,BLACK,107999,Yes,0.5,2026-08-21,X,700.0
10,X-105,562836,1994,Dodge,Dakota,"CLUB CAB 131""",GREEN,221129,No,"",2026-08-21,X,650.0
44,D-022,562563,2016,Dodge,Dart,SXT,GRAY,156427,Yes,3.0,2026-08-21,D,800.0
8,X-102,562367,2015,Dodge,Dart,SXT,SILVER,73742,No,"",2026-08-21,X,700.0
39,D-202,563285,2019,Dodge,Durango,R/T,BLACK,86099,Yes,3.5,2026-08-21,D,19500.0
22,B-173,562742,2018,Dodge,Durango,R/T,WHITE,99157,No,"",2026-08-21,B,16800.0
22,B-150.9,563330,2015,Dodge,Durango,Limited,BLACK,177229,No,"",2026-08-21,B,3400.0
21,E-168,561978,2015,Dodge,Durango,SXT,WHITE,116059,No,"",2026-08-21,E,7200.0
40,F-046,563090,2019,Dodge,Grand Caravan,SXT,GRAY,93812,Yes,3.5,2026-08-21,F,4600.0
22,C-196,562193,2019,Dodge,Grand Caravan,SXT,WHITE,165108,No,"",2026-08-21,C,3400.0
40,C-059,563353,2018,Dodge,Grand Caravan,SXT,WHITE,144519,Yes,3.6,2026-08-21,C,1900.0
22,C-046,562555,2017,Dodge,Grand Caravan,SE,WHITE,43774,No,"",2026-08-21,C,9600.0
23,B-122,562292,2017,Dodge,Grand Caravan,SE,SILVER,164676,No,"",2026-08-21,B,3000.0
22,F-221,563125,2017,Dodge,Grand Caravan,SXT,SILVER,123926,No,"",2026-08-21,F,3100.0
52,A-002,561930,2015,Dodge,Grand Caravan,SXT,WHITE,255922,Yes,3.0,2026-08-21,A,700.0
0,A-174,563590,2015,Dodge,Grand Caravan,SXT,RED,205890,No,"",2026-08-21,A,650.0
21,E-133,562718,2015,Dodge,Grand Caravan,SXT,RED,205890,No,"",2026-08-21,E,600.0
40,E-019,563234,2014,Dodge,Grand Caravan,SXT,WHITE,106329,Yes,3.0,2026-08-21,E,3100.0
10,X-065,563438,2012,Dodge,Grand Caravan,SE,BLACK,142286,No,"",2026-08-21,X,650.0
22,C-033,562068,2011,Dodge,Grand Caravan,MAINST,WHITE,294493,No,"",2026-08-21,C,700.0
22,F-171,560835,2008,Dodge,Grand Caravan,SXT,WHITE,134457,No,"",2026-08-21,F,800.0
23,C-025,562074,2005,Dodge,Grand Caravan,"",SILVER,221898,No,"",2026-08-21,C,600.0
0,A-167,563583,2005,Dodge,Grand Caravan,SXT,SILVER,221898,No,"",2026-08-21,A,650.0
40,A-210,563418,2015,Dodge,Journey,AMERICAN VAL,SILVER,122332,Yes,3.6,2026-08-21,A,2400.0
39,A-193,562925,2015,Dodge,Journey,SXT,WHITE,172403,Yes,3.7,2026-08-21,A,1000.0
21,E-022,562911,2015,Dodge,Journey,SXT,WHITE,217532,No,"",2026-08-21,E,600.0
0,A-083,563580,2015,Dodge,Journey,SXT,WHITE,217532,No,"",2026-08-21,A,650.0
22,D-001,563311,2008,Dodge,Ram 1500,ST,SILVER,112412,No,"",2026-08-21,D,4200.0
36,X-032,559131,2006,Dodge,Ram 1500,SLT,BLUE,171665,Yes,0.5,2026-08-21,X,800.0
21,E-007,562693,2003,Dodge,Ram 2500,ST,WHITE,212158,No,"",2026-08-21,E,5300.0
22,C-300,563456,2003,Dodge,Ram 2500,ST,SILVER,208961,No,"",2026-08-21,C,700.0
21,F-257,562591,2013,Fiat,500,Sport,BLUE,154374,No,"",2026-08-21,F,1200.0
32,F-082,562247,2025,Ford,Bronco,HERITAGE EDIT,RED,8138,Yes,4.7,2026-08-21,F,49500.0
34,F-057,562679,2024,Ford,Bronco,Black Diamond,GREEN,25054,Yes,4.8,2026-08-21,F,40400.0
29,A-165,563376,2024,Ford,Bronco,Outer Banks,GRAY,17816,Yes,4.6,2026-08-21,A,40600.0
35,D-294,563386,2021,Ford,Bronco,First Edition,BLUE,32453,Yes,5.0,2026-08-21,D,39500.0
32,A-192,562912,2024,Ford,Bronco Sport,BIG BEN,RED,25633,Yes,4.0,2026-08-21,A,19200.0
33,E-043,562647,2023,Ford,Bronco Sport,BIG BEN,SILVER,54535,Yes,4.7,2026-08-21,E,19500.0
22,B-095,562248,2022,Ford,Bronco Sport,OUTER B,GREEN,103997,No,"",2026-08-21,B,13400.0
22,E-041,562981,2014,Ford,C-Max,ENERGI SEL,GRAY,61207,No,"",2026-08-21,E,4600.0
22,B-178,562773,2013,Ford,C-Max,ENERGI SEL,WHITE,86236,No,"",2026-08-21,B,4400.0
47,C-095,562615,2009,Ford,E150 Vans,"",WHITE,267505,Yes,3.0,2026-08-21,C,1100.0
37,E-280,562536,2020,Ford,EcoSport,SE,RED,97916,Yes,4.7,2026-08-21,E,5800.0
41,B-061,563313,2020,Ford,EcoSport,SES,BLACK,82142,Yes,3.8,2026-08-21,B,5800.0
22,B-098,561712,2021,Ford,Edge,SEL,GRAY,88735,No,"",2026-08-21,B,11800.0
21,B-043,563237,2016,Ford,Edge,SEL,BLUE,126020,No,"",2026-08-21,B,5700.0
43,E-076,563139,2015,Ford,Edge,Sport,SILVER,137871,Yes,3.0,2026-08-21,E,3400.0
40,D-199,563278,2015,Ford,Edge,Titanium,WHITE,133655,Yes,4.1,2026-08-21,D,4400.0
43,F-166,559667,2014,Ford,Edge,SEL,RED,107820,Yes,3.0,2026-08-21,F,4000.0
22,F-008,558168,2014,Ford,Edge,SEL,BLACK,203818,No,"",2026-08-21,F,1000.0
34,D-139,562350,2014,Ford,Edge,SEL,BLACK,150001,Yes,4.4,2026-08-21,D,4200.0
22,B-128,562359,2013,Ford,Edge,SE,BLUE,214698,No,"",2026-08-21,B,1600.0
22,B-156,562698,2013,Ford,Edge,SEL,BLACK,117425,No,"",2026-08-21,B,5200.0
22,D-270,563364,2011,Ford,Edge,Limited,BLACK,173358,No,"",2026-08-21,D,3200.0
22,E-303,560495,2010,Ford,Edge,SE,WHITE,147420,No,"",2026-08-21,E,2000.0
0,A-185,563609,2008,Ford,Edge,Limited,BLACK,217819,No,"",2026-08-21,A,650.0
23,B-175,562769,2008,Ford,Edge,Limited,BLACK,217819,No,"",2026-08-21,B,600.0
38,E-160,563469,2022,Ford,Escape,SE,BLUE,94184,Yes,2.9,2026-08-21,E,8000.0
34,D-078,558798,2022,Ford,Escape,SE Hybrid,WHITE,16456,Yes,4.8,2026-08-21,D,19900.0
36,E-040,562496,2020,Ford,Escape,S,BLUE,74937,Yes,3.8,2026-08-21,E,8800.0
35,E-154,563464,2020,Ford,Escape,SE,WHITE,123044,Yes,4.7,2026-08-21,E,7000.0
42,E-054,561023,2020,Ford,Escape,SE,WHITE,154496,Yes,3.9,2026-08-21,E,3000.0
40,C-151,559469,2020,Ford,Escape,SE,GREEN,121554,Yes,3.9,2026-08-21,C,5000.0
44,D-219,563400,2020,Ford,Escape,SEL,BLACK,166923,Yes,3.0,2026-08-21,D,1600.0
41,A-200,563523,2019,Ford,Escape,SE,BLUE,85469,Yes,4.3,2026-08-21,A,5300.0
41,D-227,561535,2018,Ford,Escape,SE,GRAY,146535,Yes,3.3,2026-08-21,D,3000.0
21,B-053,563240,2017,Ford,Escape,SE,GRAY,88525,No,"",2026-08-21,B,5000.0
38,E-300,562098,2017,Ford,Escape,Titanium,WHITE,54059,Yes,4.1,2026-08-21,E,7500.0
41,D-287,562857,2017,Ford,Escape,Titanium,WHITE,171969,Yes,3.0,2026-08-21,D,3000.0
23,F-022,562906,2017,Ford,Escape,Titanium,BLACK,139157,No,"",2026-08-21,F,3400.0
22,B-163,562707,2016,Ford,Escape,SE,BLACK,111478,No,"",2026-08-21,B,5200.0
28,X-029,550993,2016,Ford,Escape,SE,BLACK,120738,Yes,2.3,2026-08-21,X,650.0
49,C-261,561787,2016,Ford,Escape,SE,BLACK,165947,Yes,3.0,2026-08-21,C,900.0
35,D-018,563152,2015,Ford,Escape,SE,ORANGE,1,Yes,3.3,2026-08-21,D,3600.0
40,E-035,563312,2014,Ford,Escape,SE,SILVER,118023,Yes,3.7,2026-08-21,E,900.0
22,B-152,562667,2014,Ford,Escape,SE,SILVER,86467,No,"",2026-08-21,B,2200.0
23,E-055,562493,2014,Ford,Escape,Titanium,RED,233038,No,"",2026-08-21,E,1200.0
39,E-068,563168,2012,Ford,Escape,XLT,BLUE,68345,Yes,3.0,2026-08-21,E,4000.0
22,B-067,563178,2024,Ford,Expedition,TIMBERLIN,BLACK,9086,No,"",2026-08-21,B,57800.0
35,D-112,562244,2020,Ford,Expedition,Platinum,BLACK,97462,Yes,4.3,2026-08-21,D,23800.0
35,C-081,563239,2018,Ford,Expedition,Platinum,WHITE,93161,Yes,4.6,2026-08-21,C,20000.0
22,F-017,563031,2016,Ford,Expedition,XLT,WHITE,246587,No,"",2026-08-21,F,3500.0
39,C-288,562694,2014,Ford,Expedition,Limited,GRAY,118284,Yes,4.4,2026-08-21,C,8200.0
22,B-024,562755,2014,Ford,Expedition,XLT,WHITE,113336,No,"",2026-08-21,B,8200.0
23,D-251,560240,2017,Ford,Expedition EL,"",BLACK,159329,No,"",2026-08-21,D,6300.0
22,F-007,563440,2020,Ford,Expedition Max,"",BLACK,112148,No,"",2026-08-21,F,14000.0
39,E-079,561469,2020,Ford,Expedition Max,"",SILVER,130850,Yes,4.3,2026-08-21,E,18000.0
35,F-241,562388,2023,Ford,Explorer,XLT,WHITE,41168,Yes,3.8,2026-08-21,F,24000.0
37,E-234,562848,2021,Ford,Explorer,XLT,BLUE,52162,Yes,4.5,2026-08-21,E,17800.0
42,D-267,561813,2021,Ford,Explorer,XLT,BLACK,92325,Yes,3.8,2026-08-21,D,14000.0
41,D-140,562371,2018,Ford,Explorer,XLT,WHITE,167534,Yes,3.9,2026-08-21,D,5200.0
36,B-289,563092,2017,Ford,Explorer,XLT,BLUE,131171,Yes,4.3,2026-08-21,B,7000.0
21,B-150,562662,2016,Ford,Explorer,XLT,WHITE,126791,No,"",2026-08-21,B,4600.0
22,B-088,562863,2015,Ford,Explorer,Sport,SILVER,163443,No,"",2026-08-21,B,3000.0
22,F-033,563082,2014,Ford,Explorer,XLT,RED,80168,No,"",2026-08-21,F,3600.0
22,E-294,562149,2009,Ford,Explorer,Limited,BLACK,117088,No,"",2026-08-21,E,4600.0
10,X-110,562763,2007,Ford,Explorer,Eddie Bauer,BLACK,202077,No,"",2026-08-21,X,650.0
22,C-074,562054,2003,Ford,Explorer,XLT,BLACK,227192,No,"",2026-08-21,C,600.0
0,A-170,563586,2003,Ford,Explorer,XLT,BLACK,227192,No,"",2026-08-21,A,650.0
34,C-117,562577,2023,Ford,F150,XLT,SILVER,33749,Yes,4.5,2026-08-21,C,35800.0
35,A-259,562997,2022,Ford,F150,Raptor,SILVER,67933,Yes,4.4,2026-08-21,A,50000.0
33,F-148,562480,2021,Ford,F150,XL,WHITE,125376,Yes,4.3,2026-08-21,F,15200.0
31,D-105,562234,2020,Ford,F150,LARIAT,GRAY,59944,Yes,4.5,2026-08-21,D,33400.0
38,E-058,563067,2020,Ford,F150,PLATINUM,WHITE,148252,Yes,4.1,2026-08-21,E,20300.0
44,C-282,560730,2020,Ford,F150,XL,GRAY,138402,Yes,3.1,2026-08-21,C,6600.0
22,D-013,563284,2020,Ford,F150,XL,GRAY,162415,No,"",2026-08-21,D,10400.0
22,F-010,563485,2020,Ford,F150,XLT,WHITE,118457,No,"",2026-08-21,F,18000.0
44,E-044,562652,2019,Ford,F150,LARIAT,RED,68753,Yes,3.5,2026-08-21,E,29000.0
40,A-102,562412,2019,Ford,F150,Raptor,BLACK,124267,Yes,3.0,2026-08-21,A,28000.0
46,E-072,563140,2019,Ford,F150,XL,BLACK,98875,Yes,3.4,2026-08-21,E,15400.0
40,E-049,562650,2019,Ford,F150,XL,WHITE,136456,Yes,3.0,2026-08-21,E,12000.0
22,E-279,562531,2019,Ford,F150,XLT,BLUE,167705,No,"",2026-08-21,E,11300.0
39,A-012,561333,2019,Ford,F150,XLT,BLACK,48812,Yes,4.3,2026-08-21,A,21600.0
40,A-160,563186,2019,Ford,F150,XLT,RED,123222,Yes,3.9,2026-08-21,A,16400.0
22,B-272,562558,2019,Ford,F150,XLT,GRAY,161280,No,"",2026-08-21,B,11000.0
21,F-020,562888,2019,Ford,F150,XLT,BLACK,237059,No,"",2026-08-21,F,8800.0
40,P-004,560839,2018,Ford,F150,PLATINUM,WHITE,75017,Yes,4.4,2026-08-21,P,27700.0
40,D-271,563365,2018,Ford,F150,XL,BLUE,79139,Yes,3.9,2026-08-21,D,14400.0
22,E-105,562287,2018,Ford,F150,XLT,RED,219160,No,"",2026-08-21,E,8600.0
37,F-001,561305,2017,Ford,F150,LARIAT,BROWN,96238,Yes,3.6,2026-08-21,F,18400.0
22,E-191,562520,2017,Ford,F150,XL,SILVER,160479,No,"",2026-08-21,E,8200.0
38,E-276,562787,2017,Ford,F150,XLT,RED,91370,Yes,4.2,2026-08-21,E,19000.0
22,F-095,562543,2017,Ford,F150,XLT,RED,133386,No,"",2026-08-21,F,17400.0
40,D-113,562245,2016,Ford,F150,KING RANCH,GREEN,39269,Yes,3.3,2026-08-21,D,25400.0
21,F-003,563430,2016,Ford,F150,PLATINUM,BLACK,121201,No,"",2026-08-21,F,15500.0
21,D-004,563350,2016,Ford,F150,XLT,BROWN,268886,No,"",2026-08-21,D,4800.0
21,B-158,562699,2016,Ford,F150,XLT,BLACK,157181,No,"",2026-08-21,B,8000.0
42,F-112,563481,2016,Ford,F150,XLT,GREEN,111794,Yes,3.8,2026-08-21,F,16200.0
22,B-148,562663,2014,Ford,F150,FX4,BLACK,176934,No,"",2026-08-21,B,6600.0
22,E-285,562142,2014,Ford,F150,FX4,WHITE,107591,No,"",2026-08-21,E,12600.0
45,X-031,556504,2014,Ford,F150,KING RANCH,WHITE,170237,Yes,1.2,2026-08-21,X,1800.0
22,F-012,563423,2014,Ford,F150,LARIAT,GRAY,132619,No,"",2026-08-21,F,9800.0
21,B-159,562706,2014,Ford,F150,XL,WHITE,104292,No,"",2026-08-21,B,6000.0
48,E-099,561536,2013,Ford,F150,PLATINUM,BLACK,109460,Yes,3.0,2026-08-21,E,10500.0
22,B-157,562700,2013,Ford,F150,XLT,SILVER,139666,No,"",2026-08-21,B,6400.0
22,B-234,562134,2011,Ford,F150,FX4,BLUE,308196,No,"",2026-08-21,B,4800.0
21,F-006,563436,2011,Ford,F150,XLT,BLACK,243532,No,"",2026-08-21,F,3200.0
21,F-005,563432,2010,Ford,F150,XL,GOLD,157723,No,"",2026-08-21,F,4500.0
22,F-006.5,563501,2009,Ford,F150,XL,GRAY,125606,No,"",2026-08-21,F,5800.0
21,C-260,561679,2008,Ford,F150,XLT,BURGUNDY,229453,No,"",2026-08-21,C,2300.0
22,C-051,562096,2007,Ford,F150,XL,WHITE,186396,No,"",2026-08-21,C,500.0
9,X-114,563478,2006,Ford,F150,LARIAT,BLACK,279177,No,"",2026-08-21,X,700.0
21,B-011,563277,2005,Ford,F150,XLT,BROWN,235900,No,"",2026-08-21,B,2400.0
21,B-258,562970,2004,Ford,F150,XLT,BLUE,101095,No,"",2026-08-21,B,2900.0
0,A-196,563618,1998,Ford,F150,XL,BLACK,191176,No,"",2026-08-21,A,650.0
23,B-269,562158,1998,Ford,F150,XL,BLACK,191176,No,"",2026-08-21,B,600.0
10,B-093,561835,2021,Ford,F250SD,"",SILVER,114820,No,"",2026-08-21,B,24250.0
22,B-102.1,563159,2017,Ford,F250SD,"",WHITE,112972,No,"",2026-08-21,B,34500.0
22,F-155,563244,2017,Ford,F250SD,"",WHITE,155613,No,"",2026-08-21,F,10400.0
44,C-094,562581,2012,Ford,F250SD,"",WHITE,232803,Yes,3.0,2026-08-21,C,18600.0
21,B-038,562374,2006,Ford,F250SD,"",WHITE,157865,No,"",2026-08-21,B,11100.0
21,C-079,563235,2006,Ford,F250SD,"",BLACK,159556,No,"",2026-08-21,C,5000.0
0,X-068,563006,2006,Ford,F350SD,"",BLACK,245821,No,"",2026-08-21,X,800.0
16,D-264,554531,2019,Ford,Fiesta,SE,SILVER,142459,No,"",2026-08-21,D,600.0
22,B-066.3,563466,2014,Ford,Fiesta,SE,SILVER,175022,No,"",2026-08-21,B,700.0
0,A-181,563604,2010,Ford,Flex,SE,GRAY,319893,No,"",2026-08-21,A,650.0
21,A-194,562930,2010,Ford,Flex,SE,GRAY,319893,No,"",2026-08-21,A,600.0
22,B-078,562891,2016,Ford,Focus,Titanium,BLACK,95620,No,"",2026-08-21,B,2200.0
22,F-004,563428,2015,Ford,Focus,SE,GRAY,100489,No,"",2026-08-21,F,1300.0
22,D-005,563327,2012,Ford,Focus,SE,GRAY,240056,No,"",2026-08-21,D,700.0
0,A-176,563594,2011,Ford,Focus,SE,WHITE,218366,No,"",2026-08-21,A,650.0
22,F-152,563377,2011,Ford,Focus,SE,WHITE,218366,No,"",2026-08-21,F,600.0
22,C-183,562199,2010,Ford,Focus,SE,GRAY,183535,No,"",2026-08-21,C,1400.0
10,X-113,563286,2010,Ford,Focus,SE,GRAY,118195,No,"",2026-08-21,X,650.0
21,E-132,562720,2010,Ford,Focus,SE,GRAY,208290,No,"",2026-08-21,E,700.0
0,A-177,563597,2004,Ford,Focus,ZX5,BLUE,114331,No,"",2026-08-21,A,650.0
22,B-123,562299,2004,Ford,Focus,ZX5 BASE,BLUE,114331,No,"",2026-08-21,B,600.0
22,B-178.3,563262,2017,Ford,Fusion,S,GRAY,88042,No,"",2026-08-21,B,2300.0
42,B-306,561946,2016,Ford,Fusion,SE,BLUE,193565,Yes,3.1,2026-08-21,B,1600.0
22,B-125,562360,2016,Ford,Fusion,SE,WHITE,160136,No,"",2026-08-21,B,1000.0
22,E-289,562521,2014,Ford,Fusion,SE,GRAY,109697,No,"",2026-08-21,E,4000.0
39,E-095,563197,2014,Ford,Fusion,SE,ORANGE,139451,Yes,4.2,2026-08-21,E,4200.0
46,E-075,563138,2013,Ford,Fusion,S,BLACK,185668,Yes,3.0,2026-08-21,E,1200.0
40,D-191,563128,2011,Ford,Fusion,SE,BLUE,136894,Yes,3.0,2026-08-21,D,1600.0
23,F-159,561232,2011,Ford,Fusion,SE,RED,120955,No,"",2026-08-21,F,2300.0
31,A-048,559791,2010,Ford,Fusion,SE,GRAY,190352,Yes,3.7,2026-08-21,A,900.0
22,B-117,562295,2006,Ford,Fusion,SEL,BURGUNDY,106567,No,"",2026-08-21,B,700.0
35,F-090,562426,2024,Ford,Mustang,ECOBOOST PRE,BLACK,54736,Yes,4.9,2026-08-21,F,25200.0
34,E-053,559535,2020,Ford,Mustang,ECOBOOST FAS,BLUE,67104,Yes,4.5,2026-08-21,E,15000.0
21,C-182,562203,2017,Ford,Mustang,ECOBOOST,BLACK,106113,No,"",2026-08-21,C,9600.0
22,E-293,562146,2017,Ford,Mustang,ECOBOOST PRE,RED,186711,No,"",2026-08-21,E,6200.0
38,E-135,563069,2016,Ford,Mustang,ECOBOOST,BLACK,73071,Yes,3.0,2026-08-21,E,7000.0
42,F-214,562631,2014,Ford,Mustang,V6,GRAY,95952,Yes,3.5,2026-08-21,F,6000.0
39,D-196,561021,2006,Ford,Mustang,GT DELUXE,BLACK,147379,Yes,3.0,2026-08-21,D,2200.0
6,P-013,562739,2024,Ford,Mustang Mach-E,PREMI,BLUE,3357,No,"",2026-08-21,P,28700.0
42,D-111,562242,2022,Ford,Ranger,XLT,GRAY,55394,Yes,4.4,2026-08-21,D,25500.0
22,F-087,561958,2021,Ford,Ranger,XL,SILVER,116962,No,"",2026-08-21,F,8800.0
35,F-170,561654,2019,Ford,Ranger,XLT,GRAY,56955,Yes,4.6,2026-08-21,F,19800.0
21,F-006.2,563488,2007,Ford,Ranger,XL,GRAY,408403,No,"",2026-08-21,F,800.0
52,X-027,558466,2025,Ford,T250 Vans,"",WHITE,5878,Yes,0.0,2026-08-21,X,10000.0
48,F-119,563410,2019,Ford,T250 Vans,"",BLUE,107499,Yes,1.8,2026-08-21,F,9500.0
37,A-247,562053,2015,Ford,Taurus,SE,WHITE,155934,Yes,3.0,2026-08-21,A,1100.0
22,F-006.9,563504,2015,Ford,Taurus,SEL,GRAY,115283,No,"",2026-08-21,F,6200.0
23,C-248,561777,2012,Ford,Taurus,SE,RED,176259,No,"",2026-08-21,C,900.0
23,B-091,562776,2002,Ford,Taurus,SES STANDARD,BLUE,78355,No,"",2026-08-21,B,600.0
42,A-009,561925,2015,Ford,Transit Connect,XLT,SILVER,82553,Yes,3.3,2026-08-21,A,7500.0
40,D-215,563324,2019,Genesis,G70,2.0T ADVANCED,GRAY,114151,Yes,3.0,2026-08-21,D,10400.0
44,F-134,562463,2018,Genesis,G80,3.8L,BLACK,131401,Yes,3.2,2026-08-21,F,5000.0
37,D-207,563333,2018,Genesis,G80,3.8L,WHITE,76736,Yes,4.1,2026-08-21,D,13000.0
36,E-264,559089,2022,Genesis,GV70,3.5T Sport,GREEN,68541,Yes,4.5,2026-08-21,E,28800.0
33,D-179,562813,2021,Genesis,GV80,3.5T,BLUE,111947,Yes,4.7,2026-08-21,D,19000.0
22,B-087,562866,2015,GMC,Acadia,Denali,BLACK,48507,No,"",2026-08-21,B,11400.0
38,D-168,562685,2012,GMC,Acadia,SL,BLACK,171894,Yes,3.8,2026-08-21,D,1000.0
22,B-178.1,563326,2012,GMC,Acadia,SLT1,GOLD,72181,No,"",2026-08-21,B,4600.0
22,C-296,562953,2012,GMC,Acadia,SLT1,RED,218268,No,"",2026-08-21,C,1000.0
22,B-114,561973,2017,GMC,Acadia Limited,LIMIT,BLUE,165873,No,"",2026-08-21,B,3900.0
40,C-246,561326,2021,GMC,Canyon,ELEVATION,BLACK,45423,Yes,4.1,2026-08-21,C,22000.0
22,E-059,563431,2002,GMC,Envoy,SLT,BURGUNDY,94184,No,"",2026-08-21,E,700.0
9,B-201,554184,2011,GMC,G3500 Vans,"",WHITE,204926,No,"",2026-08-21,B,2500.0
0,A-188,563613,2001,GMC,Jimmy,SLE,GOLD,245037,No,"",2026-08-21,A,650.0
57,D-200,563151,2001,GMC,Jimmy,SLE,GOLD,245037,Yes,3.0,2026-08-21,D,700.0
31,G-028,563160,2025,GMC,Sierra 1500,DENALI,GRAY,15094,Yes,4.6,2026-08-21,G,57400.0
32,F-271,563487,2024,GMC,Sierra 1500,DENALI,GRAY,23020,Yes,4.7,2026-08-21,F,50400.0
40,D-224,561538,2021,GMC,Sierra 1500,SLT,WHITE,118923,Yes,3.0,2026-08-21,D,19600.0
41,M-002,561554,2019,GMC,Sierra 1500,SLT,WHITE,95540,Yes,3.0,2026-08-21,M,17800.0
40,O-001,553653,2018,GMC,Sierra 1500,DENALI,WHITE,83730,Yes,3.7,2026-08-21,O,27700.0
31,D-147,562460,2016,GMC,Sierra 1500,REG,WHITE,57982,Yes,4.6,2026-08-21,D,16000.0
8,X-090,562127,2015,GMC,Sierra 1500, DOUB,BLUE,257568,No,"",2026-08-21,X,1300.0
22,E-137,562110,2005,GMC,Sierra 1500,SLE,BLACK,273293,No,"",2026-08-21,E,2000.0
47,C-092,562583,2019,GMC,SIERRA 3500HD CC 4WD,"",WHITE,68434,Yes,3.0,2026-08-21,C,30000.0
22,B-042,563241,2023,GMC,Terrain,SLT,BLACK,64716,No,"",2026-08-21,B,15500.0
42,F-256,562634,2019,GMC,Terrain,Denali,BLACK,85492,Yes,4.2,2026-08-21,F,13200.0
38,C-271,562475,2017,GMC,Terrain,SLT,GRAY,35491,Yes,3.0,2026-08-21,C,9200.0
39,D-190,563153,2013,GMC,Terrain,SLE,BLUE,146941,Yes,3.7,2026-08-21,D,1500.0
32,G-022,563001,2026,GMC,Yukon,AT4 Ultimate,GRAY,2828,Yes,5.0,2026-08-21,G,85500.0
5,Q-004,562225,2024,GMC,Yukon,SLT,RED,22119,No,"",2026-08-21,Q,55900.0
38,C-105,562188,2020,GMC,Yukon,Denali,SILVER,109599,Yes,3.6,2026-08-21,C,24400.0
38,D-149,561006,2018,GMC,Yukon,SLE,WHITE,116860,Yes,4.5,2026-08-21,D,14800.0
44,B-018,555867,2017,GMC,Yukon,SLE,GRAY,80532,Yes,3.1,2026-08-21,B,9000.0
42,C-270,562472,2016,GMC,Yukon,SLT,WHITE,157809,Yes,3.7,2026-08-21,C,10200.0
46,B-305,561943,2011,GMC,Yukon,SLT,WHITE,227949,Yes,3.0,2026-08-21,B,3400.0
0,M-006,563561,2025,HARLEY-DAVIDSON,FLHX,"","",1186,No,"",2026-08-21,M,19500.0
31,E-016,563337,2026,Honda,Accord,HYBRID SPORT,BLACK,707,Yes,5.0,2026-08-21,E,29400.0
31,E-018,563341,2026,Honda,Accord,HYBRID SPORT,WHITE,904,Yes,5.0,2026-08-21,E,30300.0
38,C-279,562519,2021,Honda,Accord,SEDAN EX-L,GRAY,123161,Yes,3.0,2026-08-21,C,12800.0
22,B-113,562273,2021,Honda,Accord,SEDAN SPORT,BLUE,166337,No,"",2026-08-21,B,12800.0
22,B-070,562940,2019,Honda,Accord,SEDAN SPORT 1,GRAY,143938,No,"",2026-08-21,B,11000.0
37,D-083,562075,2018,Honda,Accord,SEDAN TOURING,BLACK,113879,Yes,3.9,2026-08-21,D,12800.0
43,F-268,563072,2017,Honda,Accord,SEDAN SPORT S,WHITE,96420,Yes,3.0,2026-08-21,F,5800.0
38,D-145,562450,2015,Honda,Accord,SEDAN EX-L,GRAY,175218,Yes,2.9,2026-08-21,D,5000.0
22,F-284,562116,2013,Honda,Accord,SDN LX,GOLD,143624,No,"",2026-08-21,F,8400.0
23,B-109,562268,2013,Honda,Accord,SDN LX,GRAY,156454,No,"",2026-08-21,B,4200.0
22,B-150.8,563392,2012,Honda,Accord,SDN SE,GRAY,194756,No,"",2026-08-21,B,1200.0
44,F-127,562914,2011,Honda,Accord,SDN EX-L,GRAY,210515,Yes,3.0,2026-08-21,F,1800.0
42,A-214,563522,2009,Honda,Accord,CPE EX,BLUE,230961,Yes,3.0,2026-08-21,A,1200.0
46,D-165,562564,2009,Honda,Accord,SDN EX-L,BLACK,292087,Yes,3.0,2026-08-21,D,800.0
58,C-124,562189,2008,Honda,Accord,CPE EX-L,WHITE,164299,Yes,3.0,2026-08-21,C,1200.0
42,D-026,562654,2008,Honda,Accord,SDN LX-P,RED,168319,Yes,3.0,2026-08-21,D,1400.0
8,X-081,562011,2005,Honda,Accord,SDN EX-L,BLACK,342578,No,"",2026-08-21,X,650.0
22,B-130,562363,2019,Honda,Civic,SEDAN LX,BLACK,95014,No,"",2026-08-21,B,11800.0
22,B-177,562772,2018,Honda,Civic,SEDAN LX,GRAY,173139,No,"",2026-08-21,B,6200.0
48,B-263,558981,2018,Honda,Civic,SEDAN LX,BLACK,121775,Yes,3.2,2026-08-21,B,6800.0
38,C-273,562481,2018,Honda,Civic,SI COUPE MANUA,WHITE,131094,Yes,3.7,2026-08-21,C,12800.0
23,B-146,562451,2017,Honda,Civic,SEDAN EX,SILVER,118068,No,"",2026-08-21,B,8200.0
60,X-001,560519,2016,Honda,Civic,SEDAN EX,SILVER,152387,Yes,0.5,2026-08-21,X,2600.0
43,A-059,562580,2016,Honda,Civic,SEDAN EX-L,SILVER,115969,Yes,3.0,2026-08-21,A,9000.0
45,D-128,562334,2015,Honda,Civic,SEDAN EX-L,GRAY,151898,Yes,3.0,2026-08-21,D,3600.0
22,F-076,561961,2014,Honda,Civic,SEDAN LX,BLACK,122916,No,"",2026-08-21,F,4800.0
22,B-072,562938,2013,Honda,Civic,SDN EX,GRAY,180562,No,"",2026-08-21,B,4000.0
46,C-120,563529,2012,Honda,Civic,CPE EX,SILVER,208719,Yes,3.0,2026-08-21,C,1000.0
22,B-145,562447,2012,Honda,Civic,CPE EX-L,BLACK,199772,No,"",2026-08-21,B,2200.0
22,B-174,562774,2012,Honda,Civic,SDN EX,WHITE,153037,No,"",2026-08-21,B,3800.0
22,E-033,563233,2012,Honda,Civic,SDN LX,GRAY,283702,No,"",2026-08-21,E,2200.0
23,F-118,562546,2006,Honda,Civic,SDN LX,GRAY,179049,No,"",2026-08-21,F,1700.0
6,B-194,562219,1997,Honda,Civic del Sol,S,RED,198062,No,"",2026-08-21,B,2400.0
32,F-058,562680,2026,Honda,CR-V,LX,RED,5798,Yes,5.0,2026-08-21,F,28800.0
33,D-166,562464,2025,Honda,CR-V,LX,GRAY,8637,Yes,4.2,2026-08-21,D,25500.0
22,B-141,562448,2024,Honda,CR-V,EX,GRAY,30831,No,"",2026-08-21,B,22500.0
36,D-206,562995,2023,Honda,CR-V,EX-L,BLUE,34590,Yes,4.3,2026-08-21,D,26400.0
22,B-129,562362,2020,Honda,CR-V,EX-L,BLACK,42968,No,"",2026-08-21,B,19500.0
40,D-161,562566,2020,Honda,CR-V,Hybrid Touring,SILVER,158955,Yes,3.8,2026-08-21,D,11200.0
44,D-133,562343,2018,Honda,CR-V,EX-L,BLACK,99741,Yes,3.6,2026-08-21,D,13000.0
21,B-150.3,563173,2018,Honda,CR-V,Touring,BLACK,138456,No,"",2026-08-21,B,12400.0
40,A-093,562500,2016,Honda,CR-V,EX,BLUE,57392,Yes,4.1,2026-08-21,A,14000.0
36,E-021,563225,2016,Honda,CR-V,EX,WHITE,125575,Yes,4.2,2026-08-21,E,9800.0
23,B-103,561091,2016,Honda,CR-V,EX,BLACK,98064,No,"",2026-08-21,B,9800.0
40,D-127,562327,2016,Honda,CR-V,EX-L,BLUE,115771,Yes,3.1,2026-08-21,D,12200.0
37,D-036,562001,2016,Honda,CR-V,Touring,WHITE,71754,Yes,4.4,2026-08-21,D,16600.0
22,B-207,562895,2014,Honda,CR-V,EX-L,WHITE,126433,No,"",2026-08-21,B,10000.0
22,B-178.6,563335,2014,Honda,CR-V,EX-L,GRAY,136751,No,"",2026-08-21,B,7000.0
36,D-192,563130,2013,Honda,CR-V,EX-L,GRAY,110183,Yes,3.0,2026-08-21,D,9200.0
46,D-129,562339,2009,Honda,CR-V,EX-L,GRAY,183656,Yes,3.0,2026-08-21,D,2200.0
22,B-200,562222,2009,Honda,CR-V,LX,TAN,252715,No,"",2026-08-21,B,1400.0
40,D-146,562461,2018,Honda,Fit,LX,BLUE,164055,Yes,2.7,2026-08-21,D,4200.0
43,D-102,562208,2016,Honda,Fit,EX,GRAY,128810,Yes,3.0,2026-08-21,D,8800.0
22,B-081,562893,2007,Honda,Fit,5DR HB AT,SILVER,117579,No,"",2026-08-21,B,2200.0
33,F-067,563211,2025,Honda,HR-V,LX,GRAY,35039,Yes,4.8,2026-08-21,F,20400.0
35,D-171,562565,2023,Honda,HR-V,LX,GRAY,50970,Yes,4.7,2026-08-21,D,18400.0
41,D-172,562616,2021,Honda,HR-V,Sport,BLACK,146193,Yes,3.6,2026-08-21,D,7400.0
47,D-028,562008,2019,Honda,HR-V,LX,BLACK,102625,Yes,3.0,2026-08-21,D,7400.0
40,D-048,562025,2017,Honda,HR-V,EX,BLACK,133450,Yes,4.0,2026-08-21,D,7200.0
45,F-051,562810,2018,Honda,Odyssey,Elite,BLACK,121434,Yes,3.0,2026-08-21,F,14400.0
51,E-023,562909,2017,Honda,Odyssey,SE,WHITE,131074,Yes,3.0,2026-08-21,E,5700.0
21,B-083,562868,2016,Honda,Odyssey,EX-L,GRAY,151226,No,"",2026-08-21,B,6000.0
43,C-280,562535,2016,Honda,Odyssey,EX-L,BLUE,96046,Yes,3.1,2026-08-21,C,11200.0
22,B-115,562276,2014,Honda,Odyssey,EX-L,SILVER,192841,No,"",2026-08-21,B,3300.0
8,X-099,562381,2014,Honda,Odyssey,EX-L,GRAY,186647,No,"",2026-08-21,X,900.0
23,C-170,562569,2014,Honda,Odyssey,TOURING,WHITE,273105,No,"",2026-08-21,C,2700.0
22,F-287,562950,2013,Honda,Odyssey,EX-L,GRAY,99476,No,"",2026-08-21,F,6100.0
41,A-028,561988,2012,Honda,Odyssey,TOURING ELIT,WHITE,209482,Yes,3.6,2026-08-21,A,3000.0
22,B-102,561106,2007,Honda,Odyssey,TOURING,GRAY,224606,No,"",2026-08-21,B,800.0
22,E-017,563227,2006,Honda,Odyssey,EX-L,TAN,295687,No,"",2026-08-21,E,700.0
0,A-179,563601,2003,Honda,Odyssey,EX,TAN,125545,No,"",2026-08-21,A,650.0
22,E-200,561983,2003,Honda,Odyssey,EX,TAN,125545,No,"",2026-08-21,E,600.0
36,E-111,563200,2019,Honda,Passport,EX-L,GRAY,101494,Yes,4.3,2026-08-21,E,16600.0
34,D-151,562455,2023,Honda,Pilot,EX-L 7 PASSENG,GRAY,103069,Yes,3.0,2026-08-21,D,21000.0
42,D-119,562320,2019,Honda,Pilot,EX-L,SILVER,109782,Yes,4.1,2026-08-21,D,14300.0
44,F-249,561508,2019,Honda,Pilot,EX-L,WHITE,108556,Yes,2.8,2026-08-21,F,11400.0
40,B-029,562757,2016,Honda,Pilot,EX,RED,94138,Yes,3.7,2026-08-21,B,10900.0
22,E-078,562014,2016,Honda,Pilot,EX-L,WHITE,218713,No,"",2026-08-21,E,5600.0
42,A-267,562137,2010,Honda,Pilot,EX-L,SILVER,132178,Yes,3.0,2026-08-21,A,2400.0
52,A-026,561990,2010,Honda,Pilot,Touring,BLACK,145392,Yes,3.0,2026-08-21,A,5800.0
22,D-174,562657,2010,Honda,Pilot,Touring,BLACK,209493,No,"",2026-08-21,D,1100.0
0,A-166,563582,2006,Honda,Pilot,EX-L RES,WHITE,275363,No,"",2026-08-21,A,650.0
41,D-030,562003,2006,Honda,Pilot,EX-L WITH RES,WHITE,275363,Yes,3.0,2026-08-21,D,700.0
38,D-130,562321,2022,Honda,Ridgeline,RTL-E,BLACK,33378,Yes,3.0,2026-08-21,D,16000.0
39,B-301,563018,2017,Hyundai,Accent,SE,WHITE,147227,Yes,3.6,2026-08-21,B,1800.0
35,D-086,562082,2024,Hyundai,Elantra,SEL,GRAY,21060,Yes,4.0,2026-08-21,D,17400.0
37,F-235,562378,2023,Hyundai,Elantra,SEL,RED,69729,Yes,4.4,2026-08-21,F,12400.0
42,C-172,562568,2022,Hyundai,Elantra,N DCT,BLUE,76816,Yes,3.7,2026-08-21,C,18000.0
22,B-047,563242,2021,Hyundai,Elantra,SE,BLUE,103984,No,"",2026-08-21,B,8800.0
21,C-167,562605,2020,Hyundai,Elantra,SE,WHITE,108434,No,"",2026-08-21,C,5600.0
0,O-010,564430,2019,Hyundai,Elantra,SE,SILVER,78333,Yes,2.3,2026-08-21,O,7110.0
22,B-132,562400,2017,Hyundai,Elantra,LIMITED,GRAY,116487,No,"",2026-08-21,B,6000.0
38,D-095,561496,2017,Hyundai,Elantra,SE,RED,101442,Yes,3.7,2026-08-21,D,4000.0
21,B-077,562890,2017,Hyundai,Elantra,SE,RED,130075,No,"",2026-08-21,B,5000.0
23,C-069,562047,2016,Hyundai,Elantra,SE,GRAY,155793,No,"",2026-08-21,C,2500.0
41,A-156,562929,2015,Hyundai,Elantra,SE,RED,214144,Yes,3.0,2026-08-21,A,1100.0
42,E-024,562822,2013,Hyundai,Elantra,GLS,BLUE,179719,Yes,3.8,2026-08-21,E,1700.0
39,A-084,561667,2013,Hyundai,Elantra,GLS,GRAY,124272,Yes,3.5,2026-08-21,A,3800.0
37,D-124,562332,2013,Hyundai,Elantra,GT 5DR HB AU,WHITE,93992,Yes,3.0,2026-08-21,D,2500.0
0,A-186,563610,2013,Hyundai,Elantra,LIMITED,RED,239702,No,"",2026-08-21,A,650.0
42,D-187,562978,2013,Hyundai,Elantra,LIMITED,RED,239702,Yes,3.0,2026-08-21,D,700.0
23,C-066,562057,2013,Hyundai,Elantra,LIMITED PZEV,RED,181448,No,"",2026-08-21,C,1300.0
37,F-190,562437,2013,Hyundai,Genesis,3.8L,GRAY,136668,Yes,4.1,2026-08-21,F,4700.0
7,X-088,562089,2013,Hyundai,Genesis Coupe,2.0T,BLACK,206027,No,"",2026-08-21,X,650.0
30,G-026,562979,2025,Hyundai,Ioniq 6,Limited,WHITE,8082,Yes,4.8,2026-08-21,G,33200.0
26,G-006,562786,2024,Hyundai,Kona,SEL,WHITE,29293,Yes,4.4,2026-08-21,G,18000.0
40,D-269,558177,2022,Hyundai,Kona,SEL,BLUE,47123,Yes,3.6,2026-08-21,D,13200.0
41,F-133,562471,2019,Hyundai,Kona,SE,WHITE,155604,Yes,3.2,2026-08-21,F,4600.0
22,B-178.2,563256,2019,Hyundai,Kona,SE,RED,80886,No,"",2026-08-21,B,8900.0
37,D-033,561998,2019,Hyundai,Kona,SEL,RED,66201,Yes,4.3,2026-08-21,D,8800.0
32,C-152,562619,2018,Hyundai,Kona,SE,BLACK,111365,Yes,4.1,2026-08-21,C,5300.0
37,C-111,563530,2023,Hyundai,Palisade,Limited,WHITE,75524,Yes,4.8,2026-08-21,C,26700.0
36,F-178,560662,2022,Hyundai,Palisade,SE,GRAY,82543,Yes,4.4,2026-08-21,F,15600.0
41,D-193,563133,2022,Hyundai,Palisade,SEL,GRAY,54503,Yes,3.9,2026-08-21,D,22000.0
39,D-194,563132,2020,Hyundai,Palisade,Limited,GRAY,90401,Yes,4.2,2026-08-21,D,16200.0
33,E-278,560676,2020,Hyundai,Palisade,SEL,SILVER,117555,Yes,3.9,2026-08-21,E,13100.0
36,A-119,562800,2023,Hyundai,Santa Fe,Limited,WHITE,51693,Yes,3.7,2026-08-21,A,21400.0
36,D-062,555482,2023,Hyundai,Santa Fe,SEL,SILVER,46298,Yes,3.6,2026-08-21,D,17600.0
32,A-099,562504,2020,Hyundai,Santa Fe,SEL,WHITE,89113,Yes,4.4,2026-08-21,A,12800.0
22,D-296,563389,2020,Hyundai,Santa Fe,SEL,ORANGE,197529,No,"",2026-08-21,D,6000.0
37,B-290,563093,2020,Hyundai,Santa Fe,SEL,RED,62104,Yes,4.5,2026-08-21,B,12200.0
44,E-029,562839,2019,Hyundai,Santa Fe,SE,BLUE,177427,Yes,3.0,2026-08-21,E,6000.0
40,C-154,562622,2019,Hyundai,Santa Fe,SE,BLUE,110966,Yes,3.9,2026-08-21,C,8700.0
36,D-183,562865,2018,Hyundai,Santa Fe,SE,GRAY,98758,Yes,4.3,2026-08-21,D,8000.0
22,B-161,562705,2015,Hyundai,Santa Fe,GLS,RED,121294,No,"",2026-08-21,B,4600.0
46,C-097,562683,2007,Hyundai,Santa Fe,GLS,SILVER,228486,Yes,3.0,2026-08-21,C,700.0
36,D-023,562211,2018,Hyundai,Santa Fe Sport,2.0T,BLACK,89875,Yes,4.4,2026-08-21,D,9400.0
38,C-021,562545,2018,Hyundai,Santa Fe Sport,2.4L,BLUE,90602,Yes,4.1,2026-08-21,C,10000.0
45,C-143,562593,2017,Hyundai,Santa Fe Sport,2.4L,GRAY,69992,Yes,3.0,2026-08-21,C,7700.0
33,D-188,562980,2017,Hyundai,Santa Fe Sport,2.4L,WHITE,107855,Yes,5.0,2026-08-21,D,7000.0
22,C-013,563484,2016,Hyundai,Santa Fe Sport,4,BLUE,201357,No,"",2026-08-21,C,2600.0
38,A-123,562826,2015,Hyundai,Santa Fe Sport,4,WHITE,70391,Yes,3.3,2026-08-21,A,7200.0
22,B-169,562768,2013,Hyundai,Santa Fe Sport,"",GREEN,134392,No,"",2026-08-21,B,5800.0
39,D-182,562849,2021,Hyundai,Sonata,Hybrid Blue,BLACK,95465,Yes,4.3,2026-08-21,D,10200.0
23,B-086,562896,2021,Hyundai,Sonata,SE,WHITE,148571,No,"",2026-08-21,B,6600.0
41,A-111,561146,2021,Hyundai,Sonata,SE,WHITE,74878,Yes,3.0,2026-08-21,A,10400.0
34,D-158,562656,2021,Hyundai,Sonata,SE,RED,103093,Yes,4.3,2026-08-21,D,10000.0
39,B-008,562733,2021,Hyundai,Sonata,SEL Plus,GRAY,70728,Yes,4.3,2026-08-21,B,14600.0
33,D-126,562336,2018,Hyundai,Sonata,SE,SILVER,54121,Yes,4.0,2026-08-21,D,8600.0
24,B-193,562215,2017,Hyundai,Sonata,SE,BLACK,139919,No,"",2026-08-21,B,800.0
22,C-189,561412,2016,Hyundai,Sonata,2.4L SE,RED,111854,No,"",2026-08-21,C,3000.0
44,B-255,562557,2016,Hyundai,Sonata,HYBRID SE,WHITE,121151,Yes,3.0,2026-08-21,B,3000.0
10,X-103,562329,2015,Hyundai,Sonata,2.0T LIMITED,WHITE,151638,No,"",2026-08-21,X,2500.0
40,E-275,552044,2015,Hyundai,Sonata,2.4L LIMITED,WHITE,117917,Yes,3.0,2026-08-21,E,3000.0
47,D-099,562206,2015,Hyundai,Sonata,2.4L SE,SILVER,312923,Yes,3.2,2026-08-21,D,900.0
34,D-049,562026,2015,Hyundai,Sonata,2.4L SE,GRAY,106886,Yes,4.1,2026-08-21,D,5800.0
22,B-150.5,563250,2015,Hyundai,Sonata,2.4L SE,BLACK,149274,No,"",2026-08-21,B,2200.0
40,D-144,562453,2013,Hyundai,Sonata,GLS,BLUE,148692,Yes,3.0,2026-08-21,D,1200.0
22,C-007,562274,2013,Hyundai,Sonata,GLS PZEV,SILVER,132594,No,"",2026-08-21,C,2700.0
42,D-176,562781,2012,Hyundai,Sonata,GLS,BLACK,168683,Yes,3.0,2026-08-21,D,1000.0
22,F-006.3,563497,2011,Hyundai,Sonata,LTD W/WINE IN,BLACK,124819,No,"",2026-08-21,F,1100.0
8,X-080,561277,2011,Hyundai,Sonata,SE,WHITE,154327,No,"",2026-08-21,X,700.0
40,D-186,562210,2024,Hyundai,Tucson,SEL,GRAY,34428,Yes,3.7,2026-08-21,D,19000.0
35,F-260,562592,2022,Hyundai,Tucson,Limited,GRAY,68039,Yes,4.0,2026-08-21,F,16000.0
37,E-270,559037,2022,Hyundai,Tucson,SEL,GRAY,80448,Yes,4.2,2026-08-21,E,14200.0
38,F-122,563413,2020,Hyundai,Tucson,SE,BLACK,56367,Yes,3.7,2026-08-21,F,10200.0
43,B-041,561573,2018,Hyundai,Tucson,SEL,BLACK,112511,Yes,2.9,2026-08-21,B,6300.0
23,C-173,562572,2017,Hyundai,Tucson,SE PLUS,SILVER,88772,No,"",2026-08-21,C,8000.0
52,D-097,562209,2017,Hyundai,Tucson,SE PLUS,ORANGE,118488,Yes,3.0,2026-08-21,D,5400.0
42,D-197,563270,2013,Hyundai,Tucson,LIMITED,WHITE,203298,Yes,2.8,2026-08-21,D,3900.0
22,F-109,562548,2015,Hyundai,Veloster,3DR CPE AUT,RED,120046,No,"",2026-08-21,F,1900.0
22,B-079,562892,2013,Hyundai,Veloster,W/BLACK INT,BLACK,118036,No,"",2026-08-21,B,2400.0
33,D-117,562315,2022,Hyundai,Venue,SEL,BLACK,63943,Yes,4.8,2026-08-21,D,11800.0
46,C-239,558940,2012,Hyundai,Veracruz,LIMITED,BROWN,114997,Yes,3.5,2026-08-21,C,2000.0
9,X-093,562221,2011,Hyundai,Veracruz,LIMITED,GOLD,109066,No,"",2026-08-21,X,1200.0
8,X-098,562417,2011,Hyundai,Veracruz,LIMITED,BROWN,166103,No,"",2026-08-21,X,1300.0
8,X-091,562073,2005,Hyundai,XG350,4DR SDN,GOLD,96930,No,"",2026-08-21,X,650.0
46,B-007,560551,2008,IMPALA,CHEVY NULL,"",WHITE,158399,Yes,3.0,2026-08-21,B,1100.0
44,A-114,561393,2010,INFINITI,FX35,4DR,GRAY,150862,Yes,3.0,2026-08-21,A,2200.0
42,D-093,562103,2009,INFINITI,FX35,4DR,GRAY,150476,Yes,3.0,2026-08-21,D,2200.0
9,X-095,562307,2009,INFINITI,G37,SEDAN X,GRAY,129732,No,"",2026-08-21,X,650.0
0,A-178,563598,2013,INFINITI,JX,JX35,WHITE,208365,No,"",2026-08-21,A,650.0
45,D-152,562855,2013,INFINITI,JX,JX35 4DR,WHITE,208365,Yes,3.0,2026-08-21,D,700.0
20,E-267,559195,2019,INFINITI,Q50,3.0T LUXE,GRAY,59051,No,"",2026-08-21,E,13200.0
35,A-211,560315,2015,INFINITI,Q50,4DR SDN,BLACK,150118,Yes,4.8,2026-08-21,A,5600.0
22,B-104,561240,2014,INFINITI,Q60,CONVERTIBLE 2DR,GRAY,66911,No,"",2026-08-21,B,13600.0
37,F-250,559920,2018,INFINITI,QX30 BASE,"",RED,75653,Yes,3.6,2026-08-21,F,9000.0
35,B-004.3,563287,2017,INFINITI,QX50,"",SILVER,54209,Yes,4.6,2026-08-21,B,11600.0
9,X-119,563494,2006,INFINITI,QX56,4DR,SILVER,1,No,"",2026-08-21,X,650.0
43,A-032,561733,2014,INFINITI,QX80, 4DR,GRAY,141309,Yes,3.1,2026-08-21,A,4000.0
16,O-002,558810,2020,Jaguar,E-Pace,CHECKERED FLA,GRAY,82396,No,"",2026-08-21,O,4000.0
9,E-265,560663,2002,Jaguar,XJ,VDP,BLUE,132923,No,"",2026-08-21,E,3100.0
22,A-268,562123,1998,Jaguar,XK,XK8 2DR CONVERTIBLE,WHITE,1,No,"",2026-08-21,A,2400.0
22,E-178,560561,2017,Jeep,All New Compass,"",GRAY,105110,No,"",2026-08-21,E,4600.0
22,F-006.8,563506,2018,Jeep,All-New Wrangler,"",SILVER,102090,No,"",2026-08-21,F,11800.0
22,E-169,561979,2018,Jeep,All-New Wrangler,"",BLACK,111559,No,"",2026-08-21,E,10600.0
22,E-189,561763,2022,Jeep,Cherokee,Trailhawk,BLUE,93140,No,"",2026-08-21,E,12000.0
22,E-183,562538,2020,Jeep,Cherokee,Limited,WHITE,92122,No,"",2026-08-21,E,9400.0
21,B-197,559974,2019,Jeep,Cherokee,LATITUDE PL,BLACK,132875,No,"",2026-08-21,B,2600.0
36,E-112,563359,2017,Jeep,Cherokee,Latitude,WHITE,156517,Yes,4.2,2026-08-21,E,3500.0
22,B-112,562275,2016,Jeep,Cherokee,Limited,WHITE,115048,No,"",2026-08-21,B,6000.0
35,G-024,563116,2024,Jeep,Compass,Latitude,SILVER,48460,Yes,4.2,2026-08-21,G,16000.0
22,C-169,561059,2021,Jeep,Compass,Latitude,BLACK,100276,No,"",2026-08-21,C,6400.0
22,B-039.6,563316,2021,Jeep,Compass,Trailhawk,RED,114317,No,"",2026-08-21,B,7500.0
39,C-075,562050,2018,Jeep,Compass,Latitude,GRAY,86683,Yes,3.3,2026-08-21,C,8400.0
27,C-198,562200,2014,Jeep,Compass,ALTITUDE,GRAY,144555,Yes,"",2026-08-21,C,1000.0
27,F-141,562251,2021,Jeep,Gladiator,FREEDOM,GRAY,67198,Yes,5.0,2026-08-21,F,20000.0
21,E-186,562172,2021,Jeep,Gladiator,Overland,BLACK,76828,No,"",2026-08-21,E,22400.0
23,E-170,561981,2020,Jeep,Gladiator,Rubicon,RED,74862,No,"",2026-08-21,E,25600.0
37,E-108,563192,2023,Jeep,Grand Cherokee,SUMMI,WHITE,45561,Yes,3.8,2026-08-21,E,28600.0
39,C-241,559836,2023,Jeep,Grand Cherokee,SUMMI,BLACK,79673,Yes,3.6,2026-08-21,C,26200.0
36,E-113,563155,2018,Jeep,Grand Cherokee,LIMIT,GRAY,99356,Yes,3.0,2026-08-21,E,10400.0
22,F-281,557404,2017,Jeep,Grand Cherokee,LIMIT,BLACK,131348,No,"",2026-08-21,F,6000.0
22,F-041,562983,2016,Jeep,Grand Cherokee,LARED,BLACK,71759,No,"",2026-08-21,F,9800.0
22,E-206,561984,2015,Jeep,Grand Cherokee,ALTIT,BLACK,98714,No,"",2026-08-21,E,3000.0
37,D-212,563309,2015,Jeep,Grand Cherokee,LARED,WHITE,148786,Yes,4.1,2026-08-21,D,4200.0
49,D-092,562101,2021,Jeep,Grand Cherokee L,LIM,BLACK,116005,Yes,3.5,2026-08-21,D,15000.0
22,B-134,562294,2012,Jeep,Liberty,Sport,WHITE,218922,No,"",2026-08-21,B,700.0
22,B-138,562401,2010,Jeep,Liberty,Sport,WHITE,122787,No,"",2026-08-21,B,1800.0
38,D-169,562689,2006,Jeep,Liberty,Limited,TAN,144102,Yes,3.0,2026-08-21,D,1300.0
30,P-014,562258,2022,Jeep,New Grand Cherokee,"",SILVER,52928,Yes,4.8,2026-08-21,P,21000.0
44,E-136,562108,2015,Jeep,Patriot,Sport,WHITE,130616,Yes,3.0,2026-08-21,E,1300.0
22,F-036,562989,2014,Jeep,Patriot,Sport,BLACK,109478,No,"",2026-08-21,F,3400.0
22,C-174,562604,2012,Jeep,Patriot,Sport,GREEN,136353,No,"",2026-08-21,C,1000.0
20,B-101,561970,2018,Jeep,Renegade,Limited,GRAY,102431,No,"",2026-08-21,B,7000.0
22,B-235,562301,2016,Jeep,Renegade,Latitude,BLACK,96752,No,"",2026-08-21,B,4000.0
35,B-182,563166,2025,Jeep,Wrangler,4XE SPORT S,WHITE,20813,Yes,4.1,2026-08-21,B,23600.0
35,D-067,561659,2022,Jeep,Wrangler,4XE UNLIMIT,GRAY,41533,Yes,4.3,2026-08-21,D,21800.0
35,B-181,563161,2021,Jeep,Wrangler,SPORT S,GRAY,30407,Yes,4.2,2026-08-21,B,20400.0
36,E-282,557318,2021,Jeep,Wrangler,UNLIMITED 8,BLACK,75962,Yes,4.6,2026-08-21,E,18700.0
21,E-190,562175,2021,Jeep,Wrangler,UNLIMITED S,RED,69612,No,"",2026-08-21,E,21000.0
22,E-196,562517,2021,Jeep,Wrangler,UNLIMITED W,RED,121993,No,"",2026-08-21,E,15700.0
22,B-102.6,563185,2017,Jeep,Wrangler,UNLIMITED S,WHITE,105570,No,"",2026-08-21,B,13900.0
35,D-088,562087,2017,Jeep,Wrangler,UNLIMITED S,GRAY,125960,Yes,3.2,2026-08-21,D,9800.0
36,A-095,560889,2017,Jeep,Wrangler,UNLIMITED S,PURPLE,141629,Yes,4.5,2026-08-21,A,10400.0
23,E-179,562859,2017,Jeep,Wrangler,UNLIMITED S,BLACK,117128,No,"",2026-08-21,E,11800.0
43,E-255,562399,2017,Jeep,Wrangler,UNLIMITED S,BLACK,60994,Yes,4.2,2026-08-21,E,15800.0
40,C-145,562618,2016,Jeep,Wrangler,UNLIMITED S,SILVER,107633,Yes,3.3,2026-08-21,C,12400.0
22,E-197,562534,2015,Jeep,Wrangler,UNLIMITED R,WHITE,176599,No,"",2026-08-21,E,7400.0
37,C-098,562687,2015,Jeep,Wrangler,UNLIMITED R,BLACK,156360,Yes,4.2,2026-08-21,C,10200.0
22,B-239,562985,2015,Jeep,Wrangler,UNLIMITED S,BROWN,93566,No,"",2026-08-21,B,12800.0
22,F-016,563023,2015,Jeep,Wrangler,UNLIMITED S,SILVER,83729,No,"",2026-08-21,F,11200.0
22,F-044,563000,2015,Jeep,Wrangler,WILLYS WHEE,ORANGE,111919,No,"",2026-08-21,F,4200.0
22,E-195,562516,2014,Jeep,Wrangler,Sport,WHITE,115951,No,"",2026-08-21,E,7000.0
23,C-076,562259,2014,Jeep,Wrangler,UNLIMITED S,ORANGE,165868,No,"",2026-08-21,C,6800.0
43,C-016,563039,2025,Kia,Carnival,SX,SILVER,29994,Yes,3.3,2026-08-21,C,36750.0
35,C-014,563043,2025,Kia,Carnival,SX PRESTIGE,GRAY,249,Yes,4.6,2026-08-21,C,40500.0
22,B-051,563255,2022,Kia,Carnival,LXS,BLUE,123596,No,"",2026-08-21,B,10700.0
35,C-023,562090,2023,Kia,Forte,LXS,BLUE,102448,Yes,3.4,2026-08-21,C,9500.0
43,C-181,562202,2020,Kia,Forte,EX,GRAY,68557,Yes,3.1,2026-08-21,C,9400.0
22,B-048,563231,2020,Kia,Forte,LXS,BLUE,105317,No,"",2026-08-21,B,5600.0
44,E-031,563223,2019,Kia,Forte,LXS,BLUE,149066,Yes,3.0,2026-08-21,E,2200.0
23,B-089,562875,2018,Kia,Forte,LX,WHITE,87866,No,"",2026-08-21,B,4800.0
22,B-137,562409,2016,Kia,Forte,LX,WHITE,190487,No,"",2026-08-21,B,1000.0
22,F-019,563010,2014,Kia,Forte,5-DOOR EX,WHITE,153388,No,"",2026-08-21,F,1900.0
23,E-140,562261,2013,Kia,Forte Koup,SX,GRAY,257942,No,"",2026-08-21,E,700.0
40,F-167,561226,2025,Kia,K4,LX,BLACK,96036,Yes,3.0,2026-08-21,F,12500.0
35,F-209,563119,2023,Kia,K5,EX,BLACK,81778,Yes,4.6,2026-08-21,F,16000.0
36,C-133,562488,2023,Kia,Niro,EX TOURING,GRAY,27316,Yes,4.0,2026-08-21,C,19600.0
22,B-143,562408,2020,Kia,Optima,LX,PURPLE,162696,No,"",2026-08-21,B,3600.0
36,C-088,563323,2019,Kia,Optima,LX,SILVER,118744,Yes,3.3,2026-08-21,C,5200.0
21,C-203,562602,2018,Kia,Optima,LX,GRAY,124357,No,"",2026-08-21,C,2900.0
22,E-004,562701,2017,Kia,Optima,LX 1.6T,GRAY,200111,No,"",2026-08-21,E,1300.0
53,D-094,560417,2016,Kia,Optima,EX,WHITE,94249,Yes,3.0,2026-08-21,D,3400.0
23,B-131,562361,2016,Kia,Optima,LX,GRAY,119800,No,"",2026-08-21,B,1900.0
41,D-106,562236,2016,Kia,Optima,SX Turbo,BLACK,100098,Yes,3.1,2026-08-21,D,5800.0
22,C-036,562156,2013,Kia,Optima,LX,BLACK,228157,No,"",2026-08-21,C,900.0
41,F-176,557952,2022,Kia,Rio,LX,GRAY,47206,Yes,3.2,2026-08-21,F,8600.0
22,C-083,563343,2014,Kia,Rio,EX,BROWN,113501,No,"",2026-08-21,C,1000.0
22,F-234,562382,2013,Kia,Rio,SX,WHITE,96752,No,"",2026-08-21,F,1600.0
23,C-031,562544,2010,Kia,Rio,LX,TAN,40715,No,"",2026-08-21,C,3800.0
21,D-233,561526,2015,Kia,Sedona,LX,GRAY,166154,No,"",2026-08-21,D,900.0
22,X-092,558072,2008,Kia,Sedona,LX,GOLD,209191,No,"",2026-08-21,X,700.0
24,E-148,562721,2006,Kia,Sedona,LX,GOLD,241509,No,"",2026-08-21,E,1300.0
33,G-013,562012,2024,Kia,Seltos,S,BLUE,32970,Yes,4.6,2026-08-21,G,18200.0
34,C-044,558673,2022,Kia,Seltos,S,WHITE,104277,Yes,3.9,2026-08-21,C,9900.0
32,O-006,560924,2025,Kia,Sorento,S,WHITE,12398,Yes,4.7,2026-08-21,O,27700.0
39,D-230,561520,2022,Kia,Sorento,HYBRID EX,GRAY,91451,Yes,3.5,2026-08-21,D,15800.0
31,A-235,560771,2022,Kia,Sorento,SX,WHITE,23837,Yes,4.7,2026-08-21,A,25400.0
42,C-037,562079,2020,Kia,Sorento,LX,BLACK,104213,Yes,3.2,2026-08-21,C,8900.0
22,C-041,562164,2019,Kia,Sorento,LX,PURPLE,138177,No,"",2026-08-21,C,5700.0
52,F-142,562310,2014,Kia,Sorento,LX,GRAY,185302,Yes,3.0,2026-08-21,F,2200.0
33,C-050,563041,2025,Kia,Soul,LX,BLACK,10922,Yes,4.8,2026-08-21,C,15000.0
42,C-020,562542,2021,Kia,Soul,S,GRAY,81458,Yes,3.3,2026-08-21,C,9600.0
21,F-182,563062,2020,Kia,Soul,LX,SILVER,125171,No,"",2026-08-21,F,5600.0
44,C-080,561697,2020,Kia,Soul,X-LINE,WHITE,94840,Yes,3.0,2026-08-21,C,5600.0
39,C-015,563040,2018,Kia,Soul,BASE,WHITE,54493,Yes,3.6,2026-08-21,C,7600.0
22,B-151,562664,2017,Kia,Soul,Base,GRAY,96052,No,"",2026-08-21,B,1800.0
23,B-206,562887,2016,Kia,Soul,!,GRAY,65734,No,"",2026-08-21,B,6200.0
43,F-193,563063,2016,Kia,Soul,+,WHITE,74478,Yes,3.0,2026-08-21,F,5200.0
39,E-104,562265,2016,Kia,Soul,+,BLUE,93806,Yes,3.0,2026-08-21,E,4600.0
22,F-303,560419,2016,Kia,Soul,Base,BLACK,139698,No,"",2026-08-21,F,1100.0
9,X-100,562759,2016,Kia,Soul,Base,GRAY,171099,No,"",2026-08-21,X,900.0
8,X-096,562306,2015,Kia,Soul,+,SILVER,100028,No,"",2026-08-21,X,1300.0
23,F-245,562372,2014,Kia,Soul,Base,GREEN,159018,No,"",2026-08-21,F,1100.0
40,D-110,562239,2012,Kia,Soul,!,WHITE,133699,Yes,3.8,2026-08-21,D,2400.0
8,X-078,561893,2012,Kia,Soul,+,GREEN,91499,No,"",2026-08-21,X,700.0
42,F-181,563064,2012,Kia,Soul,+,RED,54256,Yes,4.2,2026-08-21,F,4100.0
23,B-144,562413,2011,Kia,Soul,+,BLACK,79559,No,"",2026-08-21,B,1400.0
10,X-094,562313,2008,Kia,Spectra5,5DR HB MAN S,SILVER,254904,No,"",2026-08-21,X,650.0
36,C-018,562547,2023,Kia,Sportage,EX,BLUE,40404,Yes,4.3,2026-08-21,C,19750.0
37,C-019,562550,2023,Kia,Sportage,LX,GRAY,62324,Yes,4.0,2026-08-21,C,15200.0
22,C-049,563033,2023,Kia,Sportage,LX,WHITE,90044,No,"",2026-08-21,C,11000.0
36,F-191,562457,2023,Kia,Sportage,SX-Prestige,WHITE,101624,Yes,4.4,2026-08-21,F,17000.0
41,E-121,563305,2023,Kia,Sportage,SX-Prestige,GRAY,59566,Yes,3.7,2026-08-21,E,22400.0
38,A-131,562861,2023,Kia,Sportage,SX-Prestige,BLACK,106648,Yes,3.3,2026-08-21,A,16200.0
35,D-164,562613,2019,Kia,Sportage,EX,RED,93755,Yes,4.1,2026-08-21,D,9000.0
37,B-039,561570,2014,Kia,Sportage,SX,WHITE,97001,Yes,3.9,2026-08-21,B,6000.0
40,D-059,559967,2023,Kia,Telluride,EX,RED,17002,Yes,3.7,2026-08-21,D,30000.0
35,C-017,563035,2022,Kia,Telluride,LX,BLACK,93541,Yes,4.5,2026-08-21,C,17000.0
0,O-004,562223,2023,Lamborghini,Urus,PERFORMANTE,"",16336,No,"",2026-08-21,O,257000.0
34,A-067,558563,2025,Land Rover,Defender,"",WHITE,8310,Yes,4.9,2026-08-21,A,78500.0
36,A-042,561757,2022,Land Rover,Defender,"",WHITE,49868,Yes,3.9,2026-08-21,A,33000.0
22,B-118,562293,2019,Land Rover,Discovery,"",BLACK,65183,No,"",2026-08-21,B,13600.0
22,F-261,562633,2012,Land Rover,LR4,HSE,SILVER,170197,No,"",2026-08-21,F,4500.0
6,O-007,562386,2025,Land Rover,Range Rover,SE,WHITE,8090,No,"",2026-08-21,O,107500.0
34,D-070,559666,2023,Land Rover,Range Rover,SE,BLACK,23308,Yes,4.3,2026-08-21,D,77500.0
0,D-323,560921,2018,Land Rover,Range Rover,"",WHITE,109062,No,"",2026-08-21,D,16500.0
39,X-002,560045,2016,Land Rover,Range Rover,DIESEL,WHITE,167164,Yes,0.5,2026-08-21,X,4600.0
22,D-320,555214,2015,Land Rover,Range Rover,"",WHITE,107498,No,"",2026-08-21,D,9800.0
34,C-277,562470,2020,Land Rover,Range Rover Evoque,S,WHITE,62603,Yes,4.5,2026-08-21,C,15600.0
22,F-028,563004,2014,Land Rover,Range Rover Evoque,P,SILVER,126532,No,"",2026-08-21,F,3400.0
36,A-275,562328,2019,Land Rover,Range Rover Sport,HS,BLACK,86226,Yes,4.0,2026-08-21,A,19000.0
22,F-018,563017,2014,Land Rover,Range Rover Sport,"",BLACK,138458,No,"",2026-08-21,F,6400.0
34,A-281,562330,2024,Land Rover,Range Rover Velar,DY,WHITE,62968,Yes,5.0,2026-08-21,A,29500.0
36,C-093,561421,2021,Land Rover,Range Rover Velar,"",SILVER,53227,Yes,4.2,2026-08-21,C,25000.0
35,F-289,563219,2020,Land Rover,Range Rover Velar,R-,WHITE,73110,Yes,4.3,2026-08-21,F,16600.0
22,B-139,562402,2011,Lexus,CT 200h,PREMIUM,SILVER,121488,No,"",2026-08-21,B,6400.0
39,A-135,561285,2021,Lexus,ES 250,ES 250,SILVER,57977,Yes,3.1,2026-08-21,A,24000.0
21,F-274,561953,2005,Lexus,ES 330,4DR SDN,WHITE,188658,No,"",2026-08-21,F,3600.0
34,B-004.2,563295,2023,Lexus,ES 350,ES 350,BLACK,39171,Yes,3.0,2026-08-21,B,29000.0
46,B-004,562749,2023,Lexus,ES 350,ES 350,SILVER,51164,Yes,3.3,2026-08-21,B,29200.0
6,P-019,563279,2022,Lexus,ES 350,"",WHITE,27823,No,"",2026-08-21,P,33500.0
36,C-141,562491,2021,Lexus,ES 350,F Sport,WHITE,39280,Yes,4.4,2026-08-21,C,32500.0
45,F-259,562589,2015,Lexus,ES 350,4DR SDN,SILVER,116107,Yes,3.3,2026-08-21,F,10800.0
5,F-264,562588,2014,Lexus,ES 350,4DR SDN,RED,67911,No,"",2026-08-21,F,15400.0
10,X-116,563486,2006,Lexus,GS 300,4DR SDN,WHITE,179052,No,"",2026-08-21,X,650.0
40,A-030,562421,2006,Lexus,GS 300,4DR SDN,BLUE,150514,Yes,2.7,2026-08-21,A,3000.0
40,B-010,562727,2019,Lexus,GX 460,PREMIUM,WHITE,102057,Yes,4.0,2026-08-21,B,27000.0
22,F-277,561962,2014,Lexus,GX 460,4DR,SILVER,225274,No,"",2026-08-21,F,8200.0
37,X-028,550477,2016,Lexus,IS 200t,4DR SDN,GRAY,108944,Yes,1.0,2026-08-21,X,2800.0
46,A-049,561542,2016,Lexus,LS 460,4DR SDN,BLACK,97874,Yes,3.0,2026-08-21,A,17800.0
41,A-148,560822,2016,Lexus,LS 460,4DR SDN,GRAY,120465,Yes,3.2,2026-08-21,A,17400.0
21,F-279,563205,2014,Lexus,LS 460,4DR SDN,RED,123795,No,"",2026-08-21,F,14200.0
45,A-066,562443,2007,Lexus,LS 460,4DR SDN,BLACK,200565,Yes,3.0,2026-08-21,A,2500.0
30,A-058,561991,2024,Lexus,LX-Series,"",WHITE,19328,Yes,4.8,2026-08-21,A,87500.0
44,F-267,563317,2017,Lexus,NX 200t,F SPORT,GRAY,113047,Yes,3.5,2026-08-21,F,11000.0
22,F-255,562637,2015,Lexus,NX 200t,F SPORT,WHITE,148512,No,"",2026-08-21,F,13600.0
42,F-276,561952,2019,Lexus,NX 300,NX 300,WHITE,30614,Yes,3.0,2026-08-21,F,22200.0
29,B-006,562740,2022,Lexus,NX 350,F SPORT HANDL,BLACK,19422,Yes,5.0,2026-08-21,B,36400.0
34,C-042,562165,2022,Lexus,NX 350,Premium,RED,50798,Yes,4.4,2026-08-21,C,29500.0
41,B-035,562375,2021,Lexus,RX 350,RX 350,SILVER,45067,Yes,4.2,2026-08-21,B,34800.0
35,D-017,563435,2016,Lexus,RX 350,4DR,GRAY,111396,Yes,4.0,2026-08-21,D,16000.0
22,B-140,562405,2010,Lexus,RX 350,4DR,GRAY,268600,No,"",2026-08-21,B,4000.0
22,C-187,553287,2013,Lexus,RX 450h,4DR HYBR,BEIGE,134283,No,"",2026-08-21,C,6300.0
39,A-122,562820,2010,Lexus,RX 450h,4DR HYBR,GRAY,164373,Yes,3.6,2026-08-21,A,4900.0
22,F-273,563208,2009,Lexus,SC 430,2DR CONV,GRAY,147035,No,"",2026-08-21,F,9800.0
37,E-062,563360,2020,Lincoln,Aviator,Reserve,WHITE,44319,Yes,4.4,2026-08-21,E,26200.0
38,E-220,561087,2020,Lincoln,Aviator,Reserve,WHITE,63616,Yes,3.5,2026-08-21,E,18000.0
23,D-284,562968,2020,Lincoln,Aviator,Reserve,WHITE,195059,No,"",2026-08-21,D,5900.0
23,E-145,562283,2004,Lincoln,Aviator,LUXURY,GRAY,140152,No,"",2026-08-21,E,1300.0
36,E-214,562337,2022,Lincoln,Corsair,Standard,WHITE,63876,Yes,3.7,2026-08-21,E,15000.0
40,B-031,562747,2019,Lincoln,MKC,Reserve,BLUE,66133,Yes,3.9,2026-08-21,B,9300.0
23,B-027,562729,2018,Lincoln,MKC,Select,BLUE,102420,No,"",2026-08-21,B,4300.0
42,F-278,556783,2017,Lincoln,MKC,Select,SILVER,78442,Yes,3.5,2026-08-21,F,8800.0
22,B-208,562899,2015,Lincoln,MKC,4DR,GOLD,114889,No,"",2026-08-21,B,4500.0
38,D-109,562238,2015,Lincoln,MKS,4DR SDN 3.7L,BEIGE,90856,Yes,3.6,2026-08-21,D,7200.0
22,A-004,561331,2011,Lincoln,MKS,4DR SDN 3.7L,RED,177996,No,"",2026-08-21,A,700.0
43,D-084,562080,2014,Lincoln,MKX,4DR,BROWN,103275,Yes,3.8,2026-08-21,D,5000.0
45,D-148,562465,2013,Lincoln,MKX,4DR,WHITE,164872,Yes,3.5,2026-08-21,D,2400.0
40,E-064,563167,2011,Lincoln,MKX,4DR,RED,166045,Yes,3.6,2026-08-21,E,2700.0
38,D-045,561966,2016,Lincoln,MKZ,4DR SDN,RED,134921,Yes,3.1,2026-08-21,D,3800.0
35,G-016,561666,2023,Lincoln,Nautilus,Reserve,BEIGE,48092,Yes,4.5,2026-08-21,G,26200.0
36,E-093,562062,2019,Lincoln,Nautilus,Reserve,SILVER,75712,Yes,4.3,2026-08-21,E,13000.0
41,C-115,562576,2017,Lincoln,Navigator,Select,BLACK,140802,Yes,3.4,2026-08-21,C,7500.0
23,F-024,561221,2014,Lincoln,Navigator, 4DR,RED,78444,No,"",2026-08-21,F,8200.0
22,D-328,561684,2008,Lincoln,Navigator,4DR,BLACK,203711,No,"",2026-08-21,D,1100.0
9,X-126,563271,2001,Lincoln,Town Car,Executive,RED,197315,No,"",2026-08-21,X,650.0
34,F-075,561870,2024,Mazda,CX-5,2.5 S CARBON ED,GRAY,29887,Yes,4.3,2026-08-21,F,23700.0
22,F-080,562429,2020,Mazda,CX-5,Grand Touring,BLUE,122012,No,"",2026-08-21,F,12400.0
37,E-070,563068,2020,Mazda,CX-5,Grand Touring,WHITE,110543,Yes,4.0,2026-08-21,E,13800.0
43,E-235,560420,2019,Mazda,CX-5,Grand Touring,BLUE,122806,Yes,2.8,2026-08-21,E,8400.0
38,B-004.1,563283,2019,Mazda,CX-5,Grand Touring,GRAY,74149,Yes,4.3,2026-08-21,B,14800.0
43,E-117,563141,2018,Mazda,CX-5,Sport,BLACK,86121,Yes,3.1,2026-08-21,E,9800.0
22,B-073,562937,2018,Mazda,CX-5,Sport,BLACK,95305,No,"",2026-08-21,B,10600.0
22,C-211,563108,2016,Mazda,CX-5,Grand Touring,BROWN,142056,No,"",2026-08-21,C,5200.0
33,F-065,559611,2025,Mazda,CX-50,Hybrid Premium,GRAY,14415,Yes,5.0,2026-08-21,F,29400.0
22,B-102.4,563180,2023,Mazda,CX-50,2.5 S PREFERRE,BLACK,44268,No,"",2026-08-21,B,17200.0
34,E-261,560476,2025,Mazda,CX-70,3.3 TURBO PREM,WHITE,21283,Yes,4.5,2026-08-21,E,34200.0
39,C-247,561793,2022,Mazda,CX-9,Touring,BLACK,65094,Yes,4.3,2026-08-21,C,19800.0
41,D-138,562229,2020,Mazda,CX-9,Touring,GRAY,70572,Yes,3.4,2026-08-21,D,16600.0
22,B-046,563226,2019,Mazda,CX-9,Signature,GRAY,134371,No,"",2026-08-21,B,10300.0
41,F-093,560343,2024,Mazda,CX-90,3.3 TURBO PREM,BLUE,39707,Yes,3.6,2026-08-21,F,26000.0
21,B-066.2,563459,2011,Mazda,Mazda2,SPORT,GREEN,129151,No,"",2026-08-21,B,2000.0
22,B-178.8,563334,2021,Mazda,Mazda3,SEDAN SELECT,GRAY,75220,No,"",2026-08-21,B,10700.0
40,E-115,563137,2020,Mazda,Mazda3,SEDAN SELECT,BLACK,114963,Yes,3.4,2026-08-21,E,10000.0
22,F-094,561963,2018,Mazda,Mazda3,4-DOOR TOURIN,SILVER,143374,No,"",2026-08-21,F,5000.0
40,D-034,561999,2018,Mazda,Mazda3,5-DOOR GRAND,BLUE,107369,Yes,3.9,2026-08-21,D,9200.0
22,B-147,562456,2013,Mazda,Mazda3,i Touring,GRAY,127114,No,"",2026-08-21,B,4600.0
0,A-187,563612,2010,Mazda,Mazda3,I,GRAY,196648,No,"",2026-08-21,A,650.0
22,C-210,563107,2010,Mazda,Mazda3,I TOURING,GRAY,196648,No,"",2026-08-21,C,600.0
0,A-173,563589,2014,Mazda,Mazda5,Sport,SILVER,342765,No,"",2026-08-21,A,650.0
21,C-087,563342,2014,Mazda,Mazda5,Sport,SILVER,342765,No,"",2026-08-21,C,600.0
22,B-102.9,563248,2018,Mazda,Mazda6,SPORT,BLUE,111852,No,"",2026-08-21,B,6600.0
40,E-127,563142,2018,Mazda,Mazda6,Touring,GRAY,117659,Yes,3.7,2026-08-21,E,9400.0
40,D-025,562653,2012,Mazda,Mazda6,i Sport,GRAY,87384,Yes,3.0,2026-08-21,D,4800.0
8,X-072,560918,2012,Mazda,Mazda6,i Touring,RED,101579,No,"",2026-08-21,X,1200.0
8,B-090,561162,2012,Mazda,Mazda6,S GRAND TOURI,BLACK,136156,No,"",2026-08-21,B,2200.0
22,B-102.8,563253,2010,Mazda,Mazda6,I TOURING,WHITE,118812,No,"",2026-08-21,B,3600.0
21,D-069,559651,2017,Mazda,MX-5 Miata,MIATA RF CLUB,BLACK,95212,No,"",2026-08-21,D,10400.0
22,B-136,562410,2011,Mazda,MX-5 Miata,MIATA GRAND TOU,SILVER,146806,No,"",2026-08-21,B,4400.0
21,B-066.1,563463,2006,Mazda,MX-5 Miata,MIATA GRAND TOU,BLACK,1,No,"",2026-08-21,B,2400.0
0,A-189,563614,2002,Mazda,Protege,Protege5,YELLOW,201310,No,"",2026-08-21,A,650.0
21,C-205,562601,2002,Mazda,Protege,PROTEGE5 5DR WGN 2.0,YELLOW,201310,No,"",2026-08-21,C,600.0
40,A-265,562136,2004,Mazda,RX8,4DR CPE 6-SPD M,RED,99535,Yes,3.0,2026-08-21,A,4100.0
40,D-080,562066,2008,Mazda,Tribute,SPORT,WHITE,176099,Yes,3.0,2026-08-21,D,1200.0
35,A-092,559176,2022,Mercedes-Benz,A-Class,"",WHITE,46590,Yes,4.2,2026-08-21,A,21000.0
38,A-108,562676,2019,Mercedes-Benz,AMG GT,63 4-DOOR COU,GRAY,63397,Yes,4.3,2026-08-21,A,60000.0
37,A-065,559887,2015,Mercedes-Benz,C Class,"",WHITE,112219,Yes,4.5,2026-08-21,A,6800.0
40,X-006,558646,2014,Mercedes-Benz,C Class,C 250 SPORT,SILVER,122515,Yes,0.5,2026-08-21,X,650.0
39,F-107,560604,2014,Mercedes-Benz,C Class,C 300 SPORT,BLACK,131132,Yes,3.0,2026-08-21,F,3700.0
10,X-086,562016,2012,Mercedes-Benz,C Class,C 300 LUXURY,BLACK,91333,No,"",2026-08-21,X,1700.0
22,E-209,563164,2010,Mercedes-Benz,C Class,C 300 SPORT,WHITE,149444,No,"",2026-08-21,E,1600.0
30,A-121,562811,2023,Mercedes-Benz,C-Class,"",WHITE,14929,Yes,4.8,2026-08-21,A,42800.0
29,A-097,562394,2022,Mercedes-Benz,C-Class,"",RED,55212,Yes,4.9,2026-08-21,A,24800.0
41,C-290,552728,2018,Mercedes-Benz,C-Class,"",BLACK,69703,Yes,3.7,2026-08-21,C,16250.0
38,A-041,561743,2016,Mercedes-Benz,C-Class,"",SILVER,88842,Yes,4.3,2026-08-21,A,11600.0
22,F-006.6,563502,2016,Mercedes-Benz,C-Class,"",BLACK,129592,No,"",2026-08-21,F,6500.0
37,A-046,560787,2021,Mercedes-Benz,CLA,"",SILVER,56365,Yes,4.2,2026-08-21,A,25800.0
21,C-200,562192,2014,Mercedes-Benz,CLA Class,CLA 250,RED,156377,No,"",2026-08-21,C,2000.0
41,A-033,562028,2014,Mercedes-Benz,CLS Class,CLS 550,BLACK,82087,Yes,3.0,2026-08-21,A,10600.0
39,X-014,551916,2010,Mercedes-Benz,E Class,E 550 LUXURY,BLACK,111302,Yes,0.5,2026-08-21,X,700.0
33,E-107,563055,2019,Mercedes-Benz,E-Class,"",WHITE,54222,Yes,4.3,2026-08-21,E,17400.0
41,A-075,562414,2018,Mercedes-Benz,E-Class,"",WHITE,128847,Yes,3.0,2026-08-21,A,9700.0
45,D-089,562094,2014,Mercedes-Benz,GL Class,GL 550,BLACK,129081,Yes,3.6,2026-08-21,D,6600.0
33,A-060,559886,2023,Mercedes-Benz,GLA,"",BLACK,19132,Yes,4.5,2026-08-21,A,34200.0
31,A-087,560169,2023,Mercedes-Benz,GLA,250 GLA 250 SUV,BLACK,52900,Yes,4.3,2026-08-21,A,19600.0
35,A-141,562956,2023,Mercedes-Benz,GLA,250 GLA 250 SUV,BLACK,34240,Yes,4.8,2026-08-21,A,23000.0
34,Q-007,561409,2022,Mercedes-Benz,GLA,250 GLA 250 SUV,WHITE,32907,Yes,4.2,2026-08-21,Q,20600.0
35,A-038,561759,2021,Mercedes-Benz,GLA,250 GLA 250 SUV,BLUE,21125,Yes,4.6,2026-08-21,A,23000.0
37,A-044,559884,2021,Mercedes-Benz,GLA,250 GLA 250 SUV,BLUE,60259,Yes,4.4,2026-08-21,A,17200.0
29,G-009,562120,2025,Mercedes-Benz,GLB,250 GLB 250 SUV,BLACK,8506,Yes,4.8,2026-08-21,G,30400.0
28,A-134,563117,2025,Mercedes-Benz,GLB,250 GLB 250 SUV,BLACK,15420,Yes,4.8,2026-08-21,A,28800.0
37,A-147,562961,2024,Mercedes-Benz,GLB,250 GLB 250 SUV,BLUE,30648,Yes,3.7,2026-08-21,A,27000.0
28,A-078,562492,2024,Mercedes-Benz,GLB,250 GLB 250 SUV,BLACK,29429,Yes,5.0,2026-08-21,A,27500.0
34,A-039,561726,2023,Mercedes-Benz,GLB,250 4MATIC,WHITE,24410,Yes,4.5,2026-08-21,A,27500.0
32,G-027,563196,2023,Mercedes-Benz,GLB,250 GLB 250 SUV,BLUE,11164,Yes,4.7,2026-08-21,G,27900.0
35,A-132,562883,2022,Mercedes-Benz,GLB,250 4MATIC,GRAY,43878,Yes,4.6,2026-08-21,A,22800.0
39,A-077,560843,2021,Mercedes-Benz,GLB,250 GLB 250 SUV,BLACK,63902,Yes,3.0,2026-08-21,A,14800.0
37,A-127,562842,2020,Mercedes-Benz,GLB,250 4MATIC,BLACK,106504,Yes,4.2,2026-08-21,A,12000.0
24,A-045,559885,2023,Mercedes-Benz,GLC,300 SUV,SILVER,21866,Yes,4.7,2026-08-21,A,33200.0
22,F-262,563074,2016,Mercedes-Benz,GLC,300 4DR GLC,BLACK,145817,No,"",2026-08-21,F,4400.0
37,C-235,555968,2020,Mercedes-Benz,GLE,350 4MATIC,SILVER,71034,Yes,3.9,2026-08-21,C,22000.0
37,A-088,562039,2020,Mercedes-Benz,GLE,350 4MATIC,BLUE,57522,Yes,3.5,2026-08-21,A,22200.0
40,A-107,561137,2020,Mercedes-Benz,GLE,350 GLE 350 SUV,GRAY,95788,Yes,3.4,2026-08-21,A,18500.0
38,D-122,562324,2012,Mercedes-Benz,GLK Class,GLK 350,WHITE,189767,Yes,3.5,2026-08-21,D,2900.0
32,A-257,562131,2020,Mercedes-Benz,GLS,450 4MATIC,SILVER,79751,Yes,4.3,2026-08-21,A,25200.0
22,B-032,562750,2017,Mercedes-Benz,GLS,450 4MATIC,BLUE,147934,No,"",2026-08-21,B,6300.0
21,D-011,560943,2015,Mercedes-Benz,M Class,"",GRAY,171643,No,"",2026-08-21,D,3600.0
35,D-180,562807,2014,Mercedes-Benz,M Class,ML 350,WHITE,97078,Yes,4.4,2026-08-21,D,8800.0
52,E-253,560473,2009,Mercedes-Benz,M Class,3.5L,BLACK,150207,Yes,3.0,2026-08-21,E,2000.0
42,B-037,562518,2015,Mercedes-Benz,S Class,"",GREEN,94627,Yes,3.7,2026-08-21,B,15200.0
10,X-069,562845,2010,Mercedes-Benz,S Class,S 400 HYBRID,SILVER,78946,No,"",2026-08-21,X,1600.0
33,A-154,562920,2022,Mercedes-Benz,S-Class,"",BLACK,56559,Yes,4.6,2026-08-21,A,54000.0
38,F-162,561110,2016,Mercedes-Benz,S-Class,"",BLACK,97057,Yes,3.0,2026-08-21,F,17000.0
39,A-061,562396,2016,Mercedes-Benz,S-Class,"",WHITE,83081,Yes,4.0,2026-08-21,A,20800.0
39,A-054,562418,1998,Mercedes-Benz,SL Class,2DR ROADSTE,GOLD,134241,Yes,3.0,2026-08-21,A,1000.0
27,A-125,562794,2023,Mercedes-Benz,Sprinter 2500,STANDA,WHITE,15345,Yes,4.8,2026-08-21,A,34200.0
22,F-002,563422,2007,Mercury,Milan,Premier,TAN,154195,No,"",2026-08-21,F,700.0
20,F-073,561964,2017,Mini,Cooper,"",GRAY,77174,No,"",2026-08-21,F,4400.0
39,A-129,562829,2013,Mini,Cooper,CONVERTIBLE 2,GREEN,79687,Yes,3.5,2026-08-21,A,4400.0
45,C-063,559048,2018,Mitsubishi,Eclipse Cross,SE,WHITE,98745,Yes,3.0,2026-08-21,C,6400.0
35,X-022,556331,2017,Mitsubishi,Lancer,ES,RED,202601,Yes,0.5,2026-08-21,X,800.0
35,D-234,561540,2023,Mitsubishi,Outlander,SE BLACK E,RED,99999,Yes,4.6,2026-08-21,D,14000.0
22,B-142,562406,2015,Mitsubishi,Outlander Sport,ES,WHITE,87523,No,"",2026-08-21,B,5400.0
5,C-009,562271,2010,Nissan,370Z,TOURING,SILVER,137127,No,"",2026-08-21,C,8000.0
33,P-006,562936,2023,Nissan,Altima,2.5 S,WHITE,7438,Yes,4.8,2026-08-21,P,18300.0
5,P-008,562894,2022,Nissan,Altima,2.5 SV,SILVER,55259,No,"",2026-08-21,P,14900.0
39,E-163,563467,2021,Nissan,Altima,2.5 S,BLUE,104571,Yes,2.7,2026-08-21,E,10000.0
21,E-155,563454,2020,Nissan,Altima,2.5 SR,GRAY,200368,No,"",2026-08-21,E,4600.0
22,B-057,563259,2020,Nissan,Altima,2.5 SR,RED,91648,No,"",2026-08-21,B,10100.0
23,C-026,562084,2019,Nissan,Altima,2.5 S,WHITE,132475,No,"",2026-08-21,C,7700.0
7,X-087,562237,2019,Nissan,Altima,2.5 S,BLACK,128613,No,"",2026-08-21,X,1600.0
22,O-009,563245,2018,Nissan,Altima,2.5 SR,BLACK,157408,No,"",2026-08-21,O,5700.0
22,F-195,563059,2018,Nissan,Altima,2.5 SR,BLACK,127831,No,"",2026-08-21,F,5900.0
42,F-138,562305,2016,Nissan,Altima,2.5 S,BLACK,94524,Yes,3.3,2026-08-21,F,3200.0
22,C-085,563351,2015,Nissan,Altima,2.5 S,BLUE,122745,No,"",2026-08-21,C,2100.0
21,D-016,563443,2015,Nissan,Altima,2.5 S,WHITE,157252,No,"",2026-08-21,D,2400.0
22,F-091,562425,2015,Nissan,Altima,2.5 S,WHITE,122014,No,"",2026-08-21,F,4200.0
22,C-012,562269,2015,Nissan,Altima,2.5 S,RED,73548,No,"",2026-08-21,C,1600.0
22,F-244,562439,2015,Nissan,Altima,2.5 SV,GRAY,168135,No,"",2026-08-21,F,1800.0
33,A-155,563127,2015,Nissan,Altima,2.5 SV,WHITE,126947,Yes,3.6,2026-08-21,A,3600.0
39,A-016,561920,2014,Nissan,Altima,2.5 SL,BLACK,174475,Yes,3.0,2026-08-21,A,1300.0
22,C-061,560706,2013,Nissan,Altima,2.5 SL,WHITE,170331,No,"",2026-08-21,C,2300.0
40,D-208,563424,2012,Nissan,Altima,2.5 S,SILVER,139625,Yes,4.1,2026-08-21,D,1200.0
45,F-143,562302,2012,Nissan,Altima,2.5 S,SILVER,151288,Yes,3.0,2026-08-21,F,900.0
39,D-020,562561,2009,Nissan,Altima,2.5 S,GOLD,168559,Yes,3.0,2026-08-21,D,1200.0
5,Q-005,562034,2023,Nissan,Ariya,EVOLVE+,BLACK,25230,No,"",2026-08-21,Q,23100.0
39,F-120,563417,2019,Nissan,Armada,PLATINUM,BLUE,124729,Yes,3.8,2026-08-21,F,12700.0
39,F-129,562927,2017,Nissan,Armada,PLATINUM,WHITE,81483,Yes,3.6,2026-08-21,F,12000.0
22,C-006,562752,2017,Nissan,Armada,SL,WHITE,33242,No,"",2026-08-21,C,14800.0
22,F-223,563099,2015,Nissan,Armada,PLATINUM,WHITE,112529,No,"",2026-08-21,F,4800.0
23,F-038,561747,2008,Nissan,Armada,SE,GRAY,216508,No,"",2026-08-21,F,650.0
0,A-168,563584,2008,Nissan,Armada,SE,GRAY,216508,No,"",2026-08-21,A,650.0
39,E-080,561468,2022,Nissan,Frontier,PRO-4X,GRAY,175290,Yes,2.9,2026-08-21,E,15200.0
22,C-058,563395,2015,Nissan,Frontier,SV,SILVER,124260,No,"",2026-08-21,C,9300.0
21,B-080,562873,2012,Nissan,Frontier,SL,WHITE,135527,No,"",2026-08-21,B,4600.0
22,C-010,562266,2012,Nissan,Frontier,SV,SILVER,203886,No,"",2026-08-21,C,4600.0
22,B-082,562870,2015,Nissan,JUKE,SV,GRAY,103019,No,"",2026-08-21,B,2500.0
35,E-039,562479,2019,Nissan,Kicks,SV,BLUE,181500,Yes,4.0,2026-08-21,E,2000.0
36,P-002,560961,2021,Nissan,Murano,SV,WHITE,141595,Yes,4.5,2026-08-21,P,7100.0
23,B-100,561968,2020,Nissan,Murano,SL,BROWN,167772,No,"",2026-08-21,B,6600.0
45,D-315,559364,2019,Nissan,Murano,PLATINUM,RED,76389,Yes,3.5,2026-08-21,D,14000.0
38,C-158,562625,2016,Nissan,Murano,S,GRAY,80656,Yes,3.2,2026-08-21,C,6300.0
22,E-239,563086,2015,Nissan,Murano,SL,BROWN,156704,No,"",2026-08-21,E,3900.0
45,D-108,562230,2011,Nissan,Murano,SL,BURGUNDY,106646,Yes,3.0,2026-08-21,D,2600.0
50,X-030,555377,2016,Nissan,NV 1500,"",WHITE,165737,Yes,1.1,2026-08-21,X,1000.0
39,F-203,562626,2024,Nissan,Pathfinder,Platinum,BLACK,44827,Yes,4.1,2026-08-21,F,28200.0
38,G-014,562250,2024,Nissan,Pathfinder,Platinum,GRAY,45594,Yes,4.6,2026-08-21,G,31400.0
37,C-233,561779,2018,Nissan,Pathfinder,SV,SILVER,121465,Yes,3.2,2026-08-21,C,4100.0
44,D-135,562349,2018,Nissan,Pathfinder,SV,WHITE,127790,Yes,3.0,2026-08-21,D,3700.0
46,D-120,562317,2017,Nissan,Pathfinder,S,SILVER,159173,Yes,3.0,2026-08-21,D,2000.0
22,B-170,562775,2014,Nissan,Pathfinder,SL,BLACK,205181,No,"",2026-08-21,B,1000.0
21,E-159,563462,2014,Nissan,Pathfinder,SV,BLACK,157601,No,"",2026-08-21,E,2000.0
23,C-008,562279,2011,Nissan,Pathfinder,LE,GRAY,183553,No,"",2026-08-21,C,1300.0
22,B-039.5,563294,2024,Nissan,Rogue,S,GRAY,48082,No,"",2026-08-21,B,15500.0
32,D-170,562691,2023,Nissan,Rogue,Platinum,GRAY,40395,Yes,4.4,2026-08-21,D,21200.0
33,C-038,562160,2021,Nissan,Rogue,SV,SILVER,91843,Yes,4.8,2026-08-21,C,12750.0
38,D-037,562991,2019,Nissan,Rogue,SV,WHITE,106431,Yes,3.7,2026-08-21,D,8400.0
43,C-064,560003,2018,Nissan,Rogue,S,GRAY,103096,Yes,3.0,2026-08-21,C,5200.0
37,A-013,561937,2018,Nissan,Rogue,S,BLUE,143236,Yes,3.6,2026-08-21,A,4800.0
40,D-052,562019,2018,Nissan,Rogue,SL,SILVER,163883,Yes,3.2,2026-08-21,D,5600.0
37,B-303,563022,2018,Nissan,Rogue,SV,BLUE,207959,Yes,3.2,2026-08-21,B,2500.0
40,D-134,562342,2018,Nissan,Rogue,SV,RED,117272,Yes,4.1,2026-08-21,D,8000.0
35,F-210,562629,2018,Nissan,Rogue,SV,GRAY,86360,Yes,4.4,2026-08-21,F,9000.0
22,B-052,563252,2017,Nissan,Rogue,SL,RED,120033,No,"",2026-08-21,B,5100.0
22,F-205,563096,2017,Nissan,Rogue,SV,GREEN,130877,No,"",2026-08-21,F,3300.0
22,B-111,562278,2017,Nissan,Rogue,SV,GRAY,112922,No,"",2026-08-21,B,7000.0
42,E-158,563053,2016,Nissan,Rogue,SL,GRAY,103161,Yes,3.2,2026-08-21,E,5000.0
22,C-047,562552,2016,Nissan,Rogue,SV,BLACK,155899,No,"",2026-08-21,C,3700.0
37,F-220,563095,2016,Nissan,Rogue,SV,RED,74528,Yes,4.2,2026-08-21,F,7000.0
23,B-160,562713,2016,Nissan,Rogue,SV,BLUE,109531,No,"",2026-08-21,B,4300.0
8,X-082,562018,2015,Nissan,Rogue,S,SILVER,152196,No,"",2026-08-21,X,700.0
22,B-102.3,563177,2015,Nissan,Rogue,SV,WHITE,150836,No,"",2026-08-21,B,1400.0
37,D-177,562785,2015,Nissan,Rogue,SV,BLACK,107104,Yes,3.4,2026-08-21,D,6100.0
22,F-023,561319,2014,Nissan,Rogue,SL,BLACK,101443,No,"",2026-08-21,F,2500.0
40,D-131,562338,2014,Nissan,Rogue,SV,GRAY,166514,Yes,3.4,2026-08-21,D,3000.0
41,F-140,562314,2013,Nissan,Rogue,S,BLUE,103491,Yes,3.0,2026-08-21,F,2200.0
40,E-143,562260,2013,Nissan,Rogue,SV,WHITE,94816,Yes,3.7,2026-08-21,E,3200.0
38,X-033,549029,2012,Nissan,Rogue,SL,WHITE,178732,Yes,1.2,2026-08-21,X,650.0
22,F-207,562632,2014,Nissan,Rogue Select,S,WHITE,165931,No,"",2026-08-21,F,1100.0
5,P-011,562907,2023,Nissan,Sentra,SR,BLACK,27541,No,"",2026-08-21,P,17700.0
21,B-240,556456,2019,Nissan,Sentra,S,WHITE,118077,No,"",2026-08-21,B,2200.0
22,C-070,562056,2019,Nissan,Sentra,S,BLACK,188406,No,"",2026-08-21,C,700.0
21,B-214,562393,2018,Nissan,Sentra,SV,GRAY,147172,No,"",2026-08-21,B,1500.0
22,B-196,562220,2017,Nissan,Sentra,SV,GRAY,100498,No,"",2026-08-21,B,3300.0
22,B-198,562255,2015,Nissan,Sentra,S,WHITE,168761,No,"",2026-08-21,B,1100.0
41,C-116,562575,2015,Nissan,Sentra,S,SILVER,242966,Yes,3.0,2026-08-21,C,700.0
5,Q-006,562326,2022,Nissan,Titan,SV,BLACK,87059,No,"",2026-08-21,Q,20200.0
36,A-010,561928,2021,Nissan,Titan,SL,WHITE,59631,Yes,3.9,2026-08-21,A,29600.0
47,C-230,562235,2018,Nissan,Titan,SV,BLACK,145594,Yes,3.0,2026-08-21,C,8600.0
46,D-136,562346,2017,Nissan,Titan,SV,BLUE,131137,Yes,3.0,2026-08-21,D,9400.0
48,E-225,562764,2018,Nissan,Titan XD,PRO-4X,BLACK,85144,Yes,3.2,2026-08-21,E,18300.0
23,B-116,562291,2016,Nissan,Titan XD,PLATINUM RE,RED,119309,No,"",2026-08-21,B,15000.0
32,F-218,563114,2017,Nissan,Versa,SEDAN S PLUS,BLUE,54781,Yes,3.9,2026-08-21,F,2200.0
22,B-178.4,563261,2016,Nissan,Versa,S,WHITE,134539,No,"",2026-08-21,B,1400.0
9,X-067,563420,2012,Nissan,Versa,SV,WHITE,118880,No,"",2026-08-21,X,650.0
22,B-119,562297,2009,Nissan,Versa,1.8 S,BLACK,93087,No,"",2026-08-21,B,2400.0
6,X-083,562078,2016,Nissan,Versa Note,SV,BLUE,1,No,"",2026-08-21,X,650.0
21,E-006,562695,2013,Nissan,Xterra,S,SILVER,220032,No,"",2026-08-21,E,1100.0
10,X-111,563474,2000,Nissan,Xterra,XE,BLACK,192044,No,"",2026-08-21,X,650.0
0,A-171,563587,2004,Pontiac,Grand Prix,GT,BLACK,276681,No,"",2026-08-21,A,650.0
46,D-071,562312,2004,Pontiac,Grand Prix,GT2,BLACK,276681,Yes,3.0,2026-08-21,D,700.0
32,A-255,563012,2020,Porsche,911,CARRERA S,TAN,21115,Yes,4.4,2026-08-21,A,120500.0
32,A-258,562133,2014,Porsche,Boxster,S,BLACK,55099,Yes,4.4,2026-08-21,A,41200.0
22,F-282,562132,2017,Porsche,Cayenne,"",GRAY,127780,No,"",2026-08-21,F,9000.0
22,A-237,562728,2016,Porsche,Cayenne,S,BLACK,132900,No,"",2026-08-21,A,9000.0
47,A-263,563020,2006,Porsche,Cayenne,S,SILVER,171275,Yes,3.0,2026-08-21,A,1300.0
5,P-001,561688,2026,Porsche,Macan,"",WHITE,9456,No,"",2026-08-21,P,55200.0
32,F-288,563201,2025,Porsche,Macan,"",GRAY,6182,Yes,5.0,2026-08-21,F,53400.0
36,A-256,561174,2018,Porsche,Panamera,"",WHITE,71246,Yes,4.5,2026-08-21,A,29000.0
39,E-020,563229,2013,Porsche,Panamera,4DR HB,BLACK,103723,Yes,4.2,2026-08-21,E,7800.0
22,E-203,563472,2024,Ram,1500,Tradesman,WHITE,144354,No,"",2026-08-21,E,15600.0
36,D-236,561523,2023,Ram,1500,Laramie,WHITE,101601,Yes,4.2,2026-08-21,D,27200.0
41,D-231,562254,2022,Ram,1500,Big Horn,BLACK,64463,Yes,3.6,2026-08-21,D,24000.0
5,M-005,562241,2022,Ram,1500,Laramie,SILVER,46592,No,"",2026-08-21,M,31500.0
22,E-167,563489,2021,Ram,1500,Big Horn,GRAY,160065,No,"",2026-08-21,E,16400.0
9,X-122,563465,2020,Ram,1500,Laramie,WHITE,99755,No,"",2026-08-21,X,19700.0
39,D-241,561522,2019,Ram,1500,BIG HORN/LONE S,GRAY,109265,Yes,3.7,2026-08-21,D,14000.0
48,D-096,560548,2019,Ram,1500,Laramie,BLACK,149846,Yes,3.6,2026-08-21,D,15200.0
22,F-161,556240,2019,Ram,1500,Limited,BLUE,185328,No,"",2026-08-21,F,13600.0
23,E-177,561775,2019,Ram,1500,LONGHORN,RED,64581,No,"",2026-08-21,E,23200.0
43,D-024,562212,2017,Ram,1500,EXPRESS,SILVER,105168,Yes,3.7,2026-08-21,D,12600.0
22,E-202,563482,2017,Ram,1500,EXPRESS,BLUE,105333,No,"",2026-08-21,E,10400.0
23,B-126,562354,2017,Ram,1500,Rebel,BLACK,130478,No,"",2026-08-21,B,15800.0
22,E-180,562884,2017,Ram,1500,Tradesman,BLACK,74144,No,"",2026-08-21,E,12400.0
22,E-215,562356,2016,Ram,1500,Laramie,WHITE,123293,No,"",2026-08-21,E,12800.0
22,E-205,562042,2016,Ram,1500,Tradesman,GREEN,98511,No,"",2026-08-21,E,8000.0
22,F-047,563310,2015,Ram,1500,EXPRESS,SILVER,131961,No,"",2026-08-21,F,7800.0
10,X-112,563202,2015,Ram,1500,Laramie,GRAY,105601,No,"",2026-08-21,X,5800.0
21,B-262,556552,2015,Ram,1500,Tradesman,WHITE,203792,No,"",2026-08-21,B,3600.0
22,C-299,563404,2014,Ram,1500,EXPRESS,RED,361333,No,"",2026-08-21,C,800.0
22,B-186,560646,2014,Ram,1500,EXPRESS,WHITE,76453,No,"",2026-08-21,B,7000.0
46,C-232,560735,2014,Ram,1500,Laramie,GRAY,121560,Yes,3.0,2026-08-21,C,9800.0
44,D-055,557950,2013,Ram,1500,Laramie,BURGUNDY,245092,Yes,3.2,2026-08-21,D,3200.0
9,C-024,556398,2017,Ram,1500 ProMaster Vans,"",WHITE,175133,No,"",2026-08-21,C,3600.0
34,Q-003,561755,2026,Ram,2500,Big Horn,BLUE,23086,Yes,4.8,2026-08-21,Q,39000.0
22,E-193,562171,2023,Ram,2500,POWER WAGON REB,BLUE,69924,No,"",2026-08-21,E,50400.0
46,E-247,562819,2022,Ram,2500,Tradesman,BLACK,133408,Yes,3.0,2026-08-21,E,18600.0
50,C-289,562723,2021,Ram,2500,Tradesman,GRAY,96873,Yes,3.0,2026-08-21,C,28000.0
38,D-302,559332,2020,Ram,2500,Tradesman,GRAY,134966,Yes,3.7,2026-08-21,D,15000.0
46,C-056,562988,2018,Ram,2500,Laramie,RED,88483,Yes,3.0,2026-08-21,C,24700.0
9,E-192,562170,2021,Ram,2500 ProMaster Vans,"",WHITE,107344,No,"",2026-08-21,E,12000.0
37,E-254,562403,2021,Ram,3500,Tradesman,WHITE,115523,Yes,4.2,2026-08-21,E,31000.0
33,E-101,562284,2019,Ram,3500,Limited,WHITE,133086,Yes,3.3,2026-08-21,E,37400.0
41,A-085,562507,2018,Ram,3500,Tradesman,WHITE,169449,Yes,3.0,2026-08-21,A,19800.0
37,X-023,554125,2014,Ram,3500,Tradesman,BLACK,250572,Yes,0.5,2026-08-21,X,5300.0
22,B-261,562969,2012,Ram,3500,Laramie,WHITE,256379,No,"",2026-08-21,B,11800.0
21,E-301,562153,2021,Ram,Promaster City,CARGO,SILVER,154014,No,"",2026-08-21,E,5800.0
21,B-108,559553,2018,Ram,Promaster City,CARGO,WHITE,109629,No,"",2026-08-21,B,5600.0
37,A-043,562503,2008,Saab,9-3,4DR SDN,RED,130323,Yes,3.5,2026-08-21,A,1900.0
0,A-182,563606,2006,Saab,9-3,2.0T,RED,151247,No,"",2026-08-21,A,650.0
22,F-189,562441,2006,Saab,9-3,4DR SPORT SDN,RED,151247,No,"",2026-08-21,F,600.0
0,A-197,563630,2008,Saturn,Aura,XE,TAN,117329,No,"",2026-08-21,A,650.0
22,C-301,563517,2008,Saturn,Aura,XE,TAN,117329,No,"",2026-08-21,C,600.0
40,D-031,561997,2003,Saturn,Ion,ION 2,BLACK,120546,Yes,3.0,2026-08-21,D,1600.0
39,A-023,561994,2013,Scion,FR-S,2DR CPE MAN (NA,GRAY,76624,Yes,3.0,2026-08-21,A,10000.0
45,F-135,562449,2012,Scion,tC,2DR HB AUTO (SE),RED,314836,Yes,3.0,2026-08-21,F,1000.0
45,D-054,561664,2008,Scion,tC,2DR HB AUTO (GS),WHITE,138744,Yes,3.0,2026-08-21,D,1400.0
22,B-238,562982,2004,Scion,xB,5DR WGN MANUAL (N,ORANGE,152896,No,"",2026-08-21,B,1200.0
30,G-003,562644,2026,Subaru,Crosstrek,Premium,SILVER,1873,Yes,4.8,2026-08-21,G,25400.0
34,F-084,562253,2024,Subaru,Crosstrek,Limited,GRAY,31000,Yes,4.0,2026-08-21,F,22400.0
36,F-286,562125,2024,Subaru,Crosstrek,Premium,BLUE,57496,Yes,3.0,2026-08-21,F,18400.0
40,D-035,562000,2022,Subaru,Crosstrek,Sport,WHITE,33982,Yes,3.9,2026-08-21,D,19000.0
30,D-081,562070,2021,Subaru,Crosstrek,Limited,BLACK,59549,Yes,4.6,2026-08-21,D,18800.0
22,B-178.9,563247,2019,Subaru,Crosstrek,Premium,WHITE,142630,No,"",2026-08-21,B,7500.0
20,F-086,561926,2017,Subaru,Crosstrek,Premium,RED,205669,No,"",2026-08-21,F,3700.0
37,D-154,562639,2016,Subaru,Crosstrek,Limited,BLACK,151935,Yes,4.0,2026-08-21,D,5200.0
39,D-181,562002,2025,Subaru,Forester,LIMITED,GRAY,30479,Yes,3.8,2026-08-21,D,26100.0
37,D-085,562083,2023,Subaru,Forester,LIMITED,RED,23356,Yes,4.0,2026-08-21,D,24200.0
45,D-058,560867,2019,Subaru,Forester,TOURING,SILVER,161174,Yes,3.0,2026-08-21,D,9200.0
42,E-074,562795,2018,Subaru,Forester,PREMIUM,RED,127423,Yes,3.6,2026-08-21,E,6800.0
31,E-156,563088,2025,Subaru,Impreza,Sport,WHITE,9562,Yes,5.0,2026-08-21,E,22400.0
22,E-211,563050,2013,Subaru,Impreza,SEDAN PREMIU,RED,82029,No,"",2026-08-21,E,4800.0
22,C-185,562191,2017,Subaru,Legacy,Premium,WHITE,147612,No,"",2026-08-21,C,3000.0
22,F-208,563097,2014,Subaru,Legacy,2.5I,WHITE,133710,No,"",2026-08-21,F,3000.0
34,F-083,562252,2025,Subaru,Outback,Limited,GREEN,36352,Yes,4.9,2026-08-21,F,27000.0
35,F-068,563209,2025,Subaru,Outback,Touring XT,GRAY,16222,Yes,4.6,2026-08-21,F,32000.0
42,D-209,563304,2019,Subaru,Outback,Limited,BLUE,94998,Yes,4.1,2026-08-21,D,12200.0
39,C-159,562590,2014,Subaru,Outback,2.5I PREMIUM,GRAY,137787,Yes,3.9,2026-08-21,C,3800.0
38,D-121,562325,2012,Subaru,Outback,2.5I LIMITED,WHITE,192658,Yes,4.1,2026-08-21,D,1800.0
22,B-030,562732,2011,Subaru,Outback,2.5I PREM,WHITE,115452,No,"",2026-08-21,B,5100.0
0,O-005,562246,2023,Subaru,WRX,PREMIUM,"",0,No,"",2026-08-21,O,24300.0
47,F-089,561927,2021,Subaru,WRX,PREMIUM,SILVER,85260,Yes,3.7,2026-08-21,F,13200.0
40,D-214,563307,2004,Suzuki,XL-7,LX,WHITE,164523,Yes,3.1,2026-08-21,D,2300.0
37,C-029,562387,2024,Tesla,Model 3,Long Range,GRAY,12103,Yes,4.0,2026-08-21,C,33750.0
38,A-104,562610,2017,Tesla,Model S,100D,BLACK,113916,Yes,2.9,2026-08-21,A,14600.0
36,E-259,560477,2025,Toyota,4Runner,TRD OFF ROAD,GRAY,25457,Yes,4.8,2026-08-21,E,43400.0
5,Q-008,562858,2023,Toyota,4Runner,TRD OFF ROAD,GREEN,66014,No,"",2026-08-21,Q,42200.0
22,F-030,563037,2018,Toyota,4Runner,SR5,GRAY,111870,No,"",2026-08-21,F,21600.0
39,A-103,562474,2016,Toyota,4Runner,SR5 PREMIUM,GRAY,123619,Yes,3.7,2026-08-21,A,18400.0
21,F-111,563416,2004,Toyota,4Runner,SR5 V6,GRAY,260049,No,"",2026-08-21,F,2500.0
40,B-005,562756,2020,Toyota,Avalon,Touring,SILVER,114614,Yes,3.5,2026-08-21,B,18600.0
10,X-120,562541,2014,Toyota,Avalon,HYBRID LIMITE,RED,39565,No,"",2026-08-21,X,7900.0
39,E-146,562714,2024,Toyota,bZ4X,XLE,GRAY,21446,Yes,4.0,2026-08-21,E,19200.0
35,C-156,562627,2018,Toyota,C-HR,XLE PREMIUM,SILVER,118258,Yes,4.5,2026-08-21,C,6600.0
34,C-048,563030,2026,Toyota,Camry,XLE,BLUE,2534,Yes,5.0,2026-08-21,C,33000.0
31,F-060,562784,2025,Toyota,Camry,SE,GRAY,31014,Yes,4.9,2026-08-21,F,27100.0
32,C-102,562232,2025,Toyota,Camry,SE,WHITE,26143,Yes,4.7,2026-08-21,C,27600.0
40,Q-002,561403,2024,Toyota,Camry,SE,BLACK,46268,Yes,4.1,2026-08-21,Q,23500.0
36,C-164,563101,2024,Toyota,Camry,XSE,WHITE,26104,Yes,4.1,2026-08-21,C,24000.0
39,D-210,563320,2022,Toyota,Camry,LE,GRAY,55397,Yes,3.7,2026-08-21,D,16400.0
23,C-193,561442,2022,Toyota,Camry,LE,GRAY,187000,No,"",2026-08-21,C,6200.0
62,X-010,561832,2017,Toyota,Camry,LE,BLUE,129143,Yes,0.5,2026-08-21,X,2800.0
21,B-045,563228,2016,Toyota,Camry,SE,BLUE,180309,No,"",2026-08-21,B,4900.0
45,F-137,560870,2015,Toyota,Camry,LE,GRAY,201052,Yes,3.0,2026-08-21,F,3400.0
22,B-189,561028,2015,Toyota,Camry,LE,GRAY,114124,No,"",2026-08-21,B,4300.0
8,X-107,562827,2009,Toyota,Camry,LE,WHITE,146864,No,"",2026-08-21,X,700.0
23,B-203,562878,2009,Toyota,Camry,XLE,GREEN,98172,No,"",2026-08-21,B,5200.0
22,C-278,562513,2008,Toyota,Camry,LE,SILVER,216281,No,"",2026-08-21,C,2000.0
22,C-068,562046,2008,Toyota,Camry,LE,BLUE,248846,No,"",2026-08-21,C,700.0
22,B-191,562213,2008,Toyota,Camry,LE,BEIGE,168383,No,"",2026-08-21,B,2000.0
23,C-171,562567,2005,Toyota,Camry,LE,GREEN,227389,No,"",2026-08-21,C,600.0
0,A-180,563603,2005,Toyota,Camry,LE,GREEN,227389,No,"",2026-08-21,A,650.0
9,X-108,562528,2004,Toyota,Camry,LE V6,GRAY,343432,No,"",2026-08-21,X,650.0
35,D-027,562641,2003,Toyota,Camry,SE,SILVER,134382,Yes,3.2,2026-08-21,D,4200.0
30,E-046,562648,2025,Toyota,Corolla,HATCHBACK SE,ORANGE,4800,Yes,4.9,2026-08-21,E,24200.0
22,E-175,562835,2024,Toyota,Corolla,LE,GRAY,58979,No,"",2026-08-21,E,16600.0
41,C-213,563075,2024,Toyota,Corolla,NIGHTSHADE E,BLACK,55164,Yes,4.1,2026-08-21,C,17700.0
40,C-176,563077,2024,Toyota,Corolla,SE,GRAY,36825,Yes,3.2,2026-08-21,C,16000.0
39,F-128,562924,2023,Toyota,Corolla,LE,BLACK,74869,Yes,4.1,2026-08-21,F,14500.0
43,C-166,562603,2022,Toyota,Corolla,LE,BLACK,24047,Yes,3.0,2026-08-21,C,14000.0
22,B-058,563258,2021,Toyota,Corolla,LE,GRAY,96877,No,"",2026-08-21,B,11100.0
39,C-266,561692,2021,Toyota,Corolla,SE,BLACK,124146,Yes,4.2,2026-08-21,C,12200.0
43,C-207,563106,2020,Toyota,Corolla,HATCHBACK XS,SILVER,64476,Yes,3.5,2026-08-21,C,13900.0
21,C-204,562599,2020,Toyota,Corolla,HYBRID LE,SILVER,250762,No,"",2026-08-21,C,4500.0
45,C-162,562595,2020,Toyota,Corolla,LE,RED,222111,Yes,3.0,2026-08-21,C,5500.0
38,X-013,560854,2019,Toyota,Corolla,LE,BLACK,196821,Yes,0.5,2026-08-21,X,2700.0
22,B-039.2,563298,2018,Toyota,Corolla,SE,GRAY,101433,No,"",2026-08-21,B,8700.0
38,F-236,562379,2018,Toyota,Corolla,XLE,BLUE,71997,Yes,4.4,2026-08-21,F,13600.0
22,B-195,560659,2017,Toyota,Corolla,SE,BLUE,106658,No,"",2026-08-21,B,7600.0
50,F-175,563060,2016,Toyota,Corolla,LE,BLACK,119668,Yes,3.0,2026-08-21,F,4400.0
21,C-214,563103,2016,Toyota,Corolla,LE,GRAY,134270,No,"",2026-08-21,C,6200.0
22,F-275,562122,2016,Toyota,Corolla,S PLUS,SILVER,132083,No,"",2026-08-21,F,6800.0
36,F-153,562458,2015,Toyota,Corolla,LE,RED,83741,Yes,3.6,2026-08-21,F,5400.0
22,C-195,562198,2014,Toyota,Corolla,LE,SILVER,127013,No,"",2026-08-21,C,6600.0
47,X-004,557502,2013,Toyota,Corolla,L,BEIGE,1,Yes,0.5,2026-08-21,X,700.0
47,E-102,562270,2013,Toyota,Corolla,L,BLUE,82061,Yes,3.0,2026-08-21,E,4500.0
22,C-005,562753,2013,Toyota,Corolla,LE,BLACK,141310,No,"",2026-08-21,C,2800.0
22,B-199,562880,2013,Toyota,Corolla,S,BLACK,160186,No,"",2026-08-21,B,4000.0
22,B-084,562871,2011,Toyota,Corolla,LE,BLACK,141653,No,"",2026-08-21,B,2500.0
46,E-138,562281,2010,Toyota,Corolla,4DR SDN AUTO,RED,164366,Yes,3.0,2026-08-21,E,2000.0
36,A-091,562607,2010,Toyota,Corolla,S,WHITE,151489,Yes,3.0,2026-08-21,A,4400.0
10,X-123,563496,2007,Toyota,Corolla,S,BLUE,1,No,"",2026-08-21,X,700.0
21,F-126,562918,2007,Toyota,Corolla,S,BLUE,199627,No,"",2026-08-21,F,2200.0
8,X-104,562766,2006,Toyota,Corolla,CE,RED,82775,No,"",2026-08-21,X,650.0
32,G-029,563325,2026,Toyota,Crown Signia,LIMITED,BLACK,81,Yes,5.0,2026-08-21,G,47000.0
35,F-290,563221,2024,Toyota,Grand Highlander,XLE,BLUE,23163,Yes,4.0,2026-08-21,F,36400.0
22,C-039,562161,2023,Toyota,Highlander,XLE,SILVER,165319,No,"",2026-08-21,C,18750.0
44,C-142,562598,2021,Toyota,Highlander,XLE,BLACK,149531,Yes,3.3,2026-08-21,C,17500.0
22,C-002,562751,2021,Toyota,Highlander,XLE,WHITE,124115,No,"",2026-08-21,C,19000.0
35,A-098,562398,2021,Toyota,Highlander,XSE,RED,108437,Yes,4.3,2026-08-21,A,21600.0
45,A-269,563016,2019,Toyota,Highlander,XLE,BLACK,124709,Yes,3.6,2026-08-21,A,14800.0
42,D-239,561532,2018,Toyota,Highlander,HYBRID LI,WHITE,124294,Yes,3.0,2026-08-21,D,16800.0
42,C-144,562617,2017,Toyota,Highlander,LE,WHITE,169862,Yes,4.2,2026-08-21,C,9400.0
22,F-213,563121,2017,Toyota,Highlander,XLE,GRAY,137314,No,"",2026-08-21,F,13600.0
22,B-150.1,563329,2013,Toyota,Highlander,LIMITED V,GREEN,122337,No,"",2026-08-21,B,7400.0
21,B-074,562934,2008,Toyota,Highlander,4DR B,WHITE,188932,No,"",2026-08-21,B,2600.0
38,F-136,562468,2018,Toyota,Prius,FOUR,WHITE,131808,Yes,3.1,2026-08-21,F,9500.0
22,F-085,561929,2016,Toyota,Prius,THREE TOURING,SILVER,224539,No,"",2026-08-21,F,4200.0
23,B-076,562933,2015,Toyota,Prius,TWO,WHITE,182662,No,"",2026-08-21,B,3900.0
22,B-096,557845,2011,Toyota,Prius,FOUR,SILVER,181662,No,"",2026-08-21,B,1600.0
23,B-162,562709,2007,Toyota,Prius,5DR HB (NATL),WHITE,1,No,"",2026-08-21,B,900.0
32,M-003,559253,2025,Toyota,RAV4,Hybrid XLE,WHITE,16464,Yes,4.9,2026-08-21,M,33800.0
22,B-066.4,563468,2025,Toyota,RAV4,XLE,WHITE,19629,No,"",2026-08-21,B,30200.0
56,E-120,560226,2024,Toyota,RAV4,LE,BLACK,67939,Yes,3.0,2026-08-21,E,16000.0
35,E-001,562686,2024,Toyota,RAV4,XLE,WHITE,31032,Yes,4.5,2026-08-21,E,27600.0
33,C-110,562178,2023,Toyota,RAV4,LE,WHITE,37116,Yes,4.4,2026-08-21,C,23000.0
40,C-113,562180,2022,Toyota,RAV4,XLE,GRAY,60007,Yes,3.9,2026-08-21,C,22200.0
22,C-215,563105,2021,Toyota,RAV4,XLE,BLACK,93162,No,"",2026-08-21,C,16400.0
35,F-248,562594,2020,Toyota,RAV4,Hybrid XLE,WHITE,113354,Yes,4.3,2026-08-21,F,17400.0
22,B-106,561972,2020,Toyota,RAV4,LE,GRAY,105371,No,"",2026-08-21,B,15800.0
34,D-114,562231,2020,Toyota,RAV4,XLE Premium,SILVER,105917,Yes,4.6,2026-08-21,D,20200.0
33,F-070,563212,2019,Toyota,RAV4,Limited,SILVER,43289,Yes,4.4,2026-08-21,F,22000.0
37,C-161,562621,2018,Toyota,RAV4,LE,BLUE,95410,Yes,4.0,2026-08-21,C,12400.0
22,C-168,562570,2018,Toyota,RAV4,LE,WHITE,166608,No,"",2026-08-21,C,7500.0
42,D-032,561975,2017,Toyota,RAV4,XLE,GRAY,115126,Yes,3.0,2026-08-21,D,13400.0
22,C-190,562606,2017,Toyota,RAV4,XLE,WHITE,145059,No,"",2026-08-21,C,9000.0
22,C-194,562195,2015,Toyota,RAV4,LE,SILVER,107756,No,"",2026-08-21,C,6400.0
22,F-265,563071,2014,Toyota,RAV4,LE,RED,153195,No,"",2026-08-21,F,5200.0
22,F-117,563414,2014,Toyota,RAV4,XLE,BLUE,134455,No,"",2026-08-21,F,6800.0
22,C-186,562194,2010,Toyota,RAV4,SPORT V6,GRAY,130707,No,"",2026-08-21,C,5400.0
22,C-165,562201,2008,Toyota,RAV4,4DR 4-CYL 4,BEIGE,158096,No,"",2026-08-21,C,3000.0
22,F-186,562672,2006,Toyota,RAV4,LIMITED V6,GREEN,147153,No,"",2026-08-21,F,4700.0
52,A-212,563415,2013,Toyota,Sequoia,LIMITED 5.7L,WHITE,195559,Yes,3.0,2026-08-21,A,8500.0
39,D-291,562808,2010,Toyota,Sequoia,PLATINUM 5.7,WHITE,160985,Yes,3.8,2026-08-21,D,6500.0
5,M-004,561544,2025,Toyota,Sienna,LIMITED,GRAY,15559,No,"",2026-08-21,M,50000.0
40,B-009,562754,2015,Toyota,Sienna,XLE 8 PASSENG,SILVER,156920,Yes,4.1,2026-08-21,B,10600.0
22,B-178.7,563174,2013,Toyota,Sienna,XLE 7 PASSENG,GRAY,147529,No,"",2026-08-21,B,7400.0
23,F-229,555846,2012,Toyota,Sienna,XLE 7 PASSENG,GRAY,187391,No,"",2026-08-21,F,4400.0
22,F-114,562551,2005,Toyota,Sienna,LE,BLUE,166075,No,"",2026-08-21,F,3000.0
22,C-057,563319,2003,Toyota,Sienna,CE,WHITE,217645,No,"",2026-08-21,C,600.0
0,A-169,563585,2003,Toyota,Sienna,MCL10L CE,WHITE,217645,No,"",2026-08-21,A,650.0
33,C-197,562197,2024,Toyota,Tacoma,SR5,SILVER,50421,Yes,3.9,2026-08-21,C,25800.0
29,D-038,562984,2024,Toyota,Tacoma,SR5,WHITE,15662,Yes,5.0,2026-08-21,D,31000.0
22,E-174,562903,2024,Toyota,Tacoma,TRD SPORT,BLUE,22268,No,"",2026-08-21,E,32400.0
39,C-109,562185,2024,Toyota,Tacoma,TRD SPORT,WHITE,21184,Yes,3.0,2026-08-21,C,25800.0
34,E-149,562716,2022,Toyota,Tacoma,SR5 V6,GRAY,33964,Yes,4.5,2026-08-21,E,28800.0
35,F-074,561871,2018,Toyota,Tacoma,SR,GRAY,87799,Yes,3.5,2026-08-21,F,18000.0
42,F-146,562323,2017,Toyota,Tacoma,SR V6,BLACK,178722,Yes,2.9,2026-08-21,F,15100.0
22,C-212,563109,2017,Toyota,Tacoma,TRD OFF ROAD,SILVER,100775,No,"",2026-08-21,C,20300.0
49,E-277,562788,2017,Toyota,Tacoma,TRD SPORT,BLUE,129695,Yes,4.0,2026-08-21,E,22000.0
42,E-047,562489,2016,Toyota,Tacoma,SR5 V6,BLACK,116350,Yes,3.2,2026-08-21,E,13000.0
37,D-153,562646,2014,Toyota,Tacoma,BASE V6,BLUE,154240,Yes,3.7,2026-08-21,D,18200.0
45,C-146,560623,2013,Toyota,Tacoma,BASE V6,BEIGE,116076,Yes,3.0,2026-08-21,C,13200.0
21,F-009,563419,2009,Toyota,Tacoma,ACCESS I4,RED,133248,No,"",2026-08-21,F,10200.0
22,B-184,562990,1997,Toyota,Tacoma,XTRACAB MANUA,BLUE,204716,No,"",2026-08-21,B,4000.0
31,C-104,562187,2025,Toyota,Tundra,SR5,GRAY,10989,Yes,4.5,2026-08-21,C,41500.0
45,A-206,561432,2020,Toyota,Tundra,SR,BLACK,190886,Yes,3.0,2026-08-21,A,7900.0
40,C-163,562596,2018,Toyota,Tundra,SR5 4.6L V8,BLACK,117083,Yes,4.2,2026-08-21,C,16500.0
22,B-205,562885,2018,Toyota,Tundra,SR5 5.7L V8,BLACK,119707,No,"",2026-08-21,B,23800.0
23,C-192,558992,2018,Toyota,Tundra,SR5 5.7L V8,WHITE,90707,No,"",2026-08-21,C,27700.0
39,D-290,562798,2014,Toyota,Tundra,1794 5.7L V8,BROWN,196730,Yes,3.6,2026-08-21,D,16600.0
41,C-155,563473,2011,Toyota,Venza,4DR WGN I4,SILVER,93216,Yes,3.6,2026-08-21,C,7000.0
22,B-187,562971,2011,Toyota,Venza,4DR WGN I4,GRAY,206483,No,"",2026-08-21,B,5200.0
22,B-040.2,563230,2019,Toyota,Yaris,SEDAN XLE,BLUE,134679,No,"",2026-08-21,B,5600.0
35,E-141,562263,2010,Toyota,Yaris,3DR LB MAN (NA,BLUE,104241,Yes,4.0,2026-08-21,E,2400.0
39,D-002,563321,2007,Toyota,Yaris,3DR HB AUTO (N,RED,117119,Yes,3.6,2026-08-21,D,3200.0
29,P-018,563218,2024,Volkswagen,Atlas,2.0T SE W/TECH,WHITE,50190,Yes,4.8,2026-08-21,P,23000.0
31,B-002,563269,2024,Volkswagen,Atlas,2.0T SE W/TECH,WHITE,37186,Yes,5.0,2026-08-21,B,26200.0
22,B-215,562389,2024,Volkswagen,Atlas,2.0T SE W/TECH,BLACK,83398,No,"",2026-08-21,B,17000.0
0,P-010,562902,2023,Volkswagen,Atlas,3.6L V6 SE W/T,GRAY,33943,No,"",2026-08-21,P,23400.0
25,P-020,563214,2023,Volkswagen,Atlas,3.6L V6 SE W/T,BLACK,35084,Yes,5.0,2026-08-21,P,23700.0
34,D-041,561974,2022,Volkswagen,Atlas,2.0T SE,BLACK,72271,Yes,4.3,2026-08-21,D,18000.0
29,P-015,563207,2022,Volkswagen,Atlas,3.6L V6 SEL,BLUE,57818,Yes,4.9,2026-08-21,P,23000.0
35,D-075,561670,2021,Volkswagen,Atlas Cross Sport,2.,WHITE,70136,Yes,4.3,2026-08-21,D,18000.0
33,E-003,562688,2021,Volkswagen,Atlas Cross Sport,3.,WHITE,72903,Yes,5.0,2026-08-21,E,16200.0
22,E-299,562145,2013,Volkswagen,Eos,SPORT,GRAY,106439,No,"",2026-08-21,E,3200.0
40,D-104,562309,2008,Volkswagen,Eos,TURBO,BLUE,82226,Yes,3.0,2026-08-21,D,1800.0
22,E-297,562144,2017,Volkswagen,Golf,SPORTWAGEN S,GRAY,126401,No,"",2026-08-21,E,5300.0
5,P-012,563146,2024,Volkswagen,Jetta,SE,GRAY,30056,No,"",2026-08-21,P,17000.0
41,D-051,562024,2020,Volkswagen,Jetta,S,BLACK,139675,Yes,3.0,2026-08-21,D,2200.0
42,E-036,563344,2019,Volkswagen,Jetta,S,GRAY,130523,Yes,3.2,2026-08-21,E,2600.0
23,B-149,562661,2017,Volkswagen,Jetta,1.4T S,BLUE,103600,No,"",2026-08-21,B,1800.0
22,B-178.5,563332,2015,Volkswagen,Jetta,SEDAN 1.8T SE,GRAY,79455,No,"",2026-08-21,B,4200.0
52,X-011,561352,2014,Volkswagen,Jetta,SEDAN BASE,SILVER,104996,Yes,0.5,2026-08-21,X,700.0
53,D-100,562207,2012,Volkswagen,Jetta,SEDAN SE,GRAY,213019,Yes,3.0,2026-08-21,D,800.0
0,A-190,563615,2010,Volkswagen,Jetta,LIMITED,WHITE,211121,No,"",2026-08-21,A,650.0
22,E-273,559064,2010,Volkswagen,Jetta,SEDAN LIMITED,WHITE,211121,No,"",2026-08-21,E,600.0
41,A-068,561397,2017,Volkswagen,Passat,V6 SEL PREMIU,BLACK,136873,Yes,4.2,2026-08-21,A,5600.0
39,B-216,562391,2024,Volkswagen,Taos,SEL,BLACK,41150,Yes,3.6,2026-08-21,B,17800.0
28,P-016,563210,2023,Volkswagen,Taos,S,WHITE,27952,Yes,4.3,2026-08-21,P,17000.0
6,P-009,562900,2023,Volkswagen,Taos,S,BLUE,35001,No,"",2026-08-21,P,16500.0
32,E-026,562825,2025,Volkswagen,Tiguan,S,WHITE,10036,Yes,5.0,2026-08-21,E,23600.0
36,D-238,561537,2022,Volkswagen,Tiguan,SE,SILVER,114732,Yes,4.0,2026-08-21,D,8600.0
38,A-071,562038,2020,Volkswagen,Tiguan,SE,GRAY,70371,Yes,4.5,2026-08-21,A,11800.0
22,B-171,562736,2017,Volkswagen,Tiguan,Sport,BLACK,93683,No,"",2026-08-21,B,5400.0
44,D-056,561661,2016,Volkswagen,Tiguan,S,WHITE,68954,Yes,4.0,2026-08-21,D,7000.0
22,A-238,561846,2016,Volvo,S60,T6 POLESTAR,BLUE,110473,No,"",2026-08-21,A,12400.0
22,E-304,555611,2011,Volvo,S60,4DR SDN,GRAY,134116,No,"",2026-08-21,E,1500.0
22,F-013,563441,2002,Volvo,S60,2.4 A 4DR SDN AU,SILVER,162347,No,"",2026-08-21,F,700.0
41,A-079,562432,2014,Volvo,S80,3.2L,SILVER,61946,Yes,3.4,2026-08-21,A,8000.0
39,C-122,562179,2016,Volvo,V60,T5 DRIVE-E PREMI,BLUE,142689,Yes,4.0,2026-08-21,C,2900.0
40,O-008,561341,2023,Volvo,XC60,PLUS BRIGHT THE,TAN,50146,Yes,4.4,2026-08-21,O,25000.0
35,B-033,563267,2021,Volvo,XC60,INSCRIPTION,SILVER,85641,Yes,4.4,2026-08-21,B,16500.0
22,F-280,562129,2016,Volvo,XC60,T5 DRIVE-E PREM,SILVER,132251,No,"",2026-08-21,F,2300.0
35,E-307,562527,2020,Volvo,XC90,MOMENTUM,WHITE,44359,Yes,4.3,2026-08-21,E,20600.0
5,B-040.5,535517,2018,WAVE RUNNER,YAMAHA,"",BLUE,262,No,"",2026-08-21,B,1.0
6,B-040.4,535515,2018,WAVE RUNNER,YAMAHA,"",BLUE,271,No,"",2026-08-21,B,6000.0
29,F-141.1,562303,2022,WINNEBAGO,MIRCO MINNIE  NULL,"",WHITE,1,Yes,4.4,2026-08-21,F,9600.0
